protein,num_pfams,pfam_accession,pfam_name
NP_414543.1,6,PF00696,AA_kinase
NP_414543.1,6,PF00742,Homoserine_dh
NP_414543.1,6,PF01842,ACT
NP_414543.1,6,PF03447,NAD_binding_3
NP_414543.1,6,PF13840,ACT_7
NP_414543.1,6,PF22468,ACT_9
NP_414544.1,2,PF00288,GHMP_kinases_N
NP_414544.1,2,PF08544,GHMP_kinases_C
NP_414545.1,3,PF00291,PALP
NP_414545.1,3,PF14821,Thr_synth_N
NP_414545.1,3,PF24857,THR4_C
NP_414552.1,2,PF03981,Ubiq_cyt_C_chap
NP_414552.1,2,PF13099,DUF3944
NP_414555.1,2,PF00012,HSP70
NP_414555.1,2,PF06723,MreB_Mbl
NP_414556.1,4,PF00226,DnaJ
NP_414556.1,4,PF00684,DnaJ_CXXCXGXG
NP_414556.1,4,PF01556,DnaJ_C
NP_414556.1,4,PF27439,DnaJ_C_2
NP_414561.1,2,PF00126,HTH_1
NP_414561.1,2,PF03466,LysR_substrate
NP_414563.1,2,PF03811,Zn_ribbon_InsA
NP_414563.1,2,PF12759,HTH_Tnp_IS1
NP_414566.1,3,PF01467,CTP_transf_like
NP_414566.1,3,PF01687,Flavokinase
NP_414566.1,3,PF06574,FAD_syn
NP_414567.1,7,PF00133,tRNA-synt_1
NP_414567.1,7,PF01406,tRNA-synt_1e
NP_414567.1,7,PF01921,tRNA-synt_1f
NP_414567.1,7,PF06827,zf-FPG_IleRS
NP_414567.1,7,PF08264,Anticodon_1
NP_414567.1,7,PF09334,tRNA-synt_1g
NP_414567.1,7,PF13603,tRNA-synt_1_2
NP_414572.1,2,PF01113,DapB_N
NP_414572.1,2,PF05173,DapB_C
NP_414573.1,3,PF00117,GATase
NP_414573.1,3,PF00988,CPSase_sm_chain
NP_414573.1,3,PF07722,Peptidase_C26
NP_414574.1,10,PF02142,MGS
NP_414574.1,10,PF02222,ATP-grasp
NP_414574.1,10,PF02655,ATP-grasp_3
NP_414574.1,10,PF02786,CPSase_L_D2
NP_414574.1,10,PF02787,CPSase_L_D3
NP_414574.1,10,PF07478,Dala_Dala_lig_C
NP_414574.1,10,PF13380,CoA_binding_2
NP_414574.1,10,PF13535,ATP-grasp_4
NP_414574.1,10,PF15632,ATPgrasp_Ter
NP_414574.1,10,PF25596,CPSase_L_D1
NP_414577.2,2,PF00132,Hexapep
NP_414577.2,2,PF25087,GMPPB_C
NP_414578.2,2,PF00378,ECH_1
NP_414578.2,2,PF16113,ECH_2
NP_414579.4,2,PF00501,AMP-binding
NP_414579.4,2,PF13193,AMP-binding_C
NP_414581.1,4,PF00441,Acyl-CoA_dh_1
NP_414581.1,4,PF02770,Acyl-CoA_dh_M
NP_414581.1,4,PF02771,Acyl-CoA_dh_N
NP_414581.1,4,PF08028,Acyl-CoA_dh_2
NP_414584.1,2,PF00766,ETF_alpha
NP_414584.1,2,PF01012,ETF
NP_414585.1,12,PF00070,Pyr_redox
NP_414585.1,12,PF00890,FAD_binding_2
NP_414585.1,12,PF01134,GIDA
NP_414585.1,12,PF01266,DAO
NP_414585.1,12,PF01494,FAD_binding_3
NP_414585.1,12,PF01946,Thi4
NP_414585.1,12,PF04820,Trp_halogenase
NP_414585.1,12,PF07992,Pyr_redox_2
NP_414585.1,12,PF12831,FAD_oxidored
NP_414585.1,12,PF13450,NAD_binding_8
NP_414585.1,12,PF21162,ETFQO_UQ-bd
NP_414585.1,12,PF26311,ETF-QO_FixC_C
NP_414587.1,2,PF00083,Sugar_tr
NP_414587.1,2,PF07690,MFS_1
NP_414588.1,2,PF02525,Flavodoxin_2
NP_414588.1,2,PF03358,FMN_red
NP_414589.1,3,PF00999,Na_H_Exchanger
NP_414589.1,3,PF02254,TrkA_N
NP_414589.1,3,PF27452,KefB_C
NP_414595.1,6,PF00639,Rotamase
NP_414595.1,6,PF09312,SurA_N
NP_414595.1,6,PF13145,Rotamase_2
NP_414595.1,6,PF13616,Rotamase_3
NP_414595.1,6,PF13623,SurA_N_2
NP_414595.1,6,PF13624,SurA_N_3
NP_414596.1,2,PF03968,LptD_N
NP_414596.1,2,PF04453,LptD
NP_414597.1,3,PF00226,DnaJ
NP_414597.1,3,PF05099,TerB
NP_414597.1,3,PF27507,DjlA_TM
NP_414601.1,7,PF00176,SNF2-rel_dom
NP_414601.1,7,PF00270,DEAD
NP_414601.1,7,PF00271,Helicase_C
NP_414601.1,7,PF04851,ResIII
NP_414601.1,7,PF12137,RapA_C
NP_414601.1,7,PF18337,Tudor_RapA
NP_414601.1,7,PF18339,Tudor_1_RapA
NP_414602.1,4,PF00136,DNA_pol_B
NP_414602.1,4,PF03104,DNA_pol_B_exo1
NP_414602.1,4,PF21474,DNApolII_N
NP_414602.1,4,PF22587,DNApolII_insertion
NP_414604.1,3,PF02610,AraA_N
NP_414604.1,3,PF11762,Arabinose_Iso_C
NP_414604.1,3,PF24856,AraA_central
NP_414605.1,2,PF00370,FGGY_N
NP_414605.1,2,PF02782,FGGY_C
NP_414606.1,3,PF00165,HTH_AraC
NP_414606.1,3,PF02311,AraC_binding
NP_414606.1,3,PF12833,HTH_18
NP_414608.1,2,PF00005,ABC_tran
NP_414608.1,2,PF13304,AAA_21
NP_414610.1,3,PF01547,SBP_bac_1
NP_414610.1,3,PF13343,SBP_bac_6
NP_414610.1,3,PF13531,SBP_bac_11
NP_414611.1,2,PF00496,SBP_bac_5
NP_414611.1,2,PF12793,SgrR_N
NP_414613.1,3,PF00694,Aconitase_C
NP_414613.1,3,PF27434,LeuD_C
NP_414613.1,3,PF27512,LeuD
NP_414616.1,3,PF00682,HMGL-like
NP_414616.1,3,PF08502,LeuA_dimer
NP_414616.1,3,PF22617,HCS_D2
NP_414618.4,2,PF00126,HTH_1
NP_414618.4,2,PF03466,LysR_substrate
NP_414620.1,4,PF01842,ACT
NP_414620.1,4,PF10369,ALS_ss_C
NP_414620.1,4,PF13710,ACT_5
NP_414620.1,4,PF22629,ACT_AHAS_ss
NP_414622.1,4,PF00356,LacI
NP_414622.1,4,PF00532,Peripla_BP_1
NP_414622.1,4,PF13377,Peripla_BP_3
NP_414622.1,4,PF13407,Peripla_BP_4
NP_414626.1,2,PF00905,Transpeptidase
NP_414626.1,2,PF03717,PBP_dimer
NP_414627.1,3,PF01225,Mur_ligase
NP_414627.1,3,PF02875,Mur_ligase_C
NP_414627.1,3,PF08245,Mur_ligase_M
NP_414628.1,3,PF01225,Mur_ligase
NP_414628.1,3,PF02875,Mur_ligase_C
NP_414628.1,3,PF08245,Mur_ligase_M
NP_414629.1,2,PF00953,Glycos_transf_4
NP_414629.1,2,PF10555,MraY_sig1
NP_414630.1,3,PF02875,Mur_ligase_C
NP_414630.1,3,PF08245,Mur_ligase_M
NP_414630.1,3,PF21799,MurD-like_N
NP_414632.1,4,PF03033,Glyco_transf_28
NP_414632.1,4,PF04101,Glyco_tran_28_C
NP_414632.1,4,PF13439,Glyco_transf_4
NP_414632.1,4,PF13692,Glyco_trans_1_4
NP_414633.1,3,PF01225,Mur_ligase
NP_414633.1,3,PF02875,Mur_ligase_C
NP_414633.1,3,PF08245,Mur_ligase_M
NP_414634.1,4,PF01820,Dala_Dala_lig_N
NP_414634.1,4,PF02786,CPSase_L_D2
NP_414634.1,4,PF07478,Dala_Dala_lig_C
NP_414634.1,4,PF13535,ATP-grasp_4
NP_414635.1,2,PF03799,FtsQ_DivIB_C
NP_414635.1,2,PF08478,POTRA_1
NP_414636.1,4,PF02491,SHS2_FTSA
NP_414636.1,4,PF06723,MreB_Mbl
NP_414636.1,4,PF11104,PilM_2
NP_414636.1,4,PF14450,FtsA
NP_414637.1,2,PF00091,Tubulin
NP_414637.1,2,PF12327,FtsZ_C
NP_414640.1,6,PF00270,DEAD
NP_414640.1,6,PF01043,SecA_PP_bind
NP_414640.1,6,PF02810,SEC-C
NP_414640.1,6,PF07516,SecA_SW
NP_414640.1,6,PF07517,SecA_DEAD
NP_414640.1,6,PF21090,P-loop_SecA
NP_414641.1,2,PF00293,NUDIX
NP_414641.1,2,PF14815,NUDIX_4
NP_414645.1,2,PF01121,CoaE
NP_414645.1,2,PF01202,SKI
NP_414649.1,2,PF00437,T2SSE
NP_414649.1,2,PF05157,MshEN
NP_414651.1,2,PF01729,QRPTase_C
NP_414651.1,2,PF02749,QRPTase_N
NP_414654.1,2,PF00324,AA_permease
NP_414654.1,2,PF13520,AA_permease_2
NP_414655.1,2,PF00392,GntR
NP_414655.1,2,PF07729,FCD
NP_414656.1,4,PF00456,Transketolase_N
NP_414656.1,4,PF17831,PDH_E1_M
NP_414656.1,4,PF22613,Transketolase_C_1
NP_414656.1,4,PF28598,PDH_E1_N
NP_414657.1,10,PF00198,2-oxoacid_dh
NP_414657.1,10,PF00364,Biotin_lipoyl
NP_414657.1,10,PF01597,GCV_H
NP_414657.1,10,PF02817,E3_binding
NP_414657.1,10,PF05896,NQRA_N
NP_414657.1,10,PF13375,RnfC_N
NP_414657.1,10,PF25917,BSH_RND
NP_414657.1,10,PF25919,BSH_CusB
NP_414657.1,10,PF25973,BSH_CzcB
NP_414657.1,10,PF25984,BSH_YknX
NP_414658.1,8,PF00070,Pyr_redox
NP_414658.1,8,PF00890,FAD_binding_2
NP_414658.1,8,PF01134,GIDA
NP_414658.1,8,PF02852,Pyr_redox_dim
NP_414658.1,8,PF07992,Pyr_redox_2
NP_414658.1,8,PF12831,FAD_oxidored
NP_414658.1,8,PF13450,NAD_binding_8
NP_414658.1,8,PF13738,Pyr_redox_3
NP_414660.1,3,PF00330,Aconitase
NP_414660.1,3,PF06434,Aconitase_2_N
NP_414660.1,3,PF11791,Aconitase_B_N
NP_414663.1,2,PF01564,Spermine_synth
NP_414663.1,2,PF17284,Spermine_synt_N
NP_414665.1,3,PF00394,Cu-oxidase
NP_414665.1,3,PF07731,Cu-oxidase_2
NP_414665.1,3,PF07732,Cu-oxidase_3
NP_414666.1,3,PF01011,PQQ
NP_414666.1,3,PF07774,EMC1_C
NP_414666.1,3,PF13360,PQQ_2
NP_414669.1,2,PF00005,ABC_tran
NP_414669.1,2,PF13304,AAA_21
NP_414681.1,3,PF00577,Usher
NP_414681.1,3,PF13953,PapC_C
NP_414681.1,3,PF13954,PapC_N
NP_414682.1,2,PF00345,PapD_N
NP_414682.1,2,PF02753,PapD_C
NP_414685.4,3,PF01743,PolyA_pol
NP_414685.4,3,PF12626,PolyA_pol_arg_C
NP_414685.4,3,PF12627,PolyA_pol_RNAbd
NP_414687.1,2,PF01258,zf-dskA_traR
NP_414687.1,2,PF21157,DksA_N
NP_414688.1,2,PF03749,SfsA
NP_414688.1,2,PF17746,SfsA_N
NP_414689.4,2,PF02834,LigT_PEase
NP_414689.4,2,PF13563,2_5_RNA_ligase2
NP_414690.4,4,PF00270,DEAD
NP_414690.4,4,PF00271,Helicase_C
NP_414690.4,4,PF08482,HrpB_C
NP_414690.4,4,PF24473,CON_HrpB
NP_414691.1,4,PF00905,Transpeptidase
NP_414691.1,4,PF00912,Transgly
NP_414691.1,4,PF14812,PBP1_TM
NP_414691.1,4,PF14814,UB2H
NP_414692.1,2,PF00593,TonB_dep_Rec_b-barrel
NP_414692.1,2,PF07715,Plug
NP_414693.1,2,PF00005,ABC_tran
NP_414693.1,2,PF13304,AAA_21
NP_414702.1,2,PF01966,HD
NP_414702.1,2,PF13286,HD_assoc
NP_414703.1,5,PF00089,Trypsin
NP_414703.1,5,PF00595,PDZ
NP_414703.1,5,PF13180,PDZ_2
NP_414703.1,5,PF13365,Trypsin_2
NP_414703.1,5,PF17820,PDZ_6
NP_414704.4,3,PF05651,Diacid_rec
NP_414704.4,3,PF13556,HTH_30
NP_414704.4,3,PF17853,GGDEF_2
NP_414708.1,3,PF00132,Hexapep
NP_414708.1,3,PF14602,Hexapep_2
NP_414708.1,3,PF14805,THDPS_N_2
NP_414709.1,7,PF01842,ACT
NP_414709.1,7,PF01909,NTP_transf_2
NP_414709.1,7,PF01966,HD
NP_414709.1,7,PF03445,DUF294
NP_414709.1,7,PF08335,GlnD_UR_UTase
NP_414709.1,7,PF27444,GlnD_3rd
NP_414709.1,7,PF27446,GlnD_5th
NP_414715.1,3,PF02670,DXP_reductoisom
NP_414715.1,3,PF08436,DXP_redisom_C
NP_414715.1,3,PF13288,DXPR_C
NP_414718.1,5,PF00595,PDZ
NP_414718.1,5,PF02163,Peptidase_M50
NP_414718.1,5,PF13180,PDZ_2
NP_414718.1,5,PF17820,PDZ_6
NP_414718.1,5,PF21558,Pept_S41_N_bact
NP_414719.1,4,PF01103,Omp85
NP_414719.1,4,PF07244,POTRA
NP_414719.1,4,PF08478,POTRA_1
NP_414719.1,4,PF08479,POTRA_2
NP_414721.1,5,PF00132,Hexapep
NP_414721.1,5,PF04613,LpxD
NP_414721.1,5,PF14602,Hexapep_2
NP_414721.1,5,PF25084,LbH_EIF2B
NP_414721.1,5,PF25087,GMPPB_C
NP_414722.1,3,PF07977,FabA
NP_414722.1,3,PF22817,ApeP-like
NP_414722.1,3,PF22818,ApeI-like
NP_414723.1,3,PF00132,Hexapep
NP_414723.1,3,PF13720,Acetyltransf_11
NP_414723.1,3,PF25087,GMPPB_C
NP_414726.1,6,PF01336,tRNA_anti-codon
NP_414726.1,6,PF02811,PHP
NP_414726.1,6,PF07733,DNA_pol3_alpha
NP_414726.1,6,PF14579,HHH_6
NP_414726.1,6,PF17657,DNA_pol3_finger
NP_414726.1,6,PF20914,DNA_pol_IIIA_C
NP_414727.1,2,PF01039,Carboxyl_trans
NP_414727.1,2,PF03255,ACCA
NP_414728.1,3,PF01276,OKR_DC_1
NP_414728.1,3,PF03709,OKR_DC_1_N
NP_414728.1,3,PF03711,OKR_DC_1_C
NP_414729.4,2,PF00903,Glyoxalase
NP_414729.4,2,PF13669,Glyoxalase_4
NP_414730.1,3,PF01171,ATP_bind_3
NP_414730.1,3,PF09179,TilS
NP_414730.1,3,PF11734,TilS_C
NP_414734.1,2,PF04170,NlpE
NP_414734.1,2,PF17185,NlpE_C
NP_414735.4,2,PF00877,NLPC_P60
NP_414735.4,2,PF05708,Peptidase_C92
NP_414736.1,3,PF00587,tRNA-synt_2b
NP_414736.1,3,PF03129,HGTP_anticodon
NP_414736.1,3,PF04073,tRNA_edit
NP_414737.1,2,PF01980,TrmO_N
NP_414737.1,2,PF18389,TrmO_C
NP_414739.1,2,PF03180,Lipoprotein_9
NP_414739.1,2,PF04069,OpuAC
NP_414741.1,3,PF00005,ABC_tran
NP_414741.1,3,PF09383,NIL
NP_414741.1,3,PF13304,AAA_21
NP_414742.1,4,PF00702,Hydrolase
NP_414742.1,4,PF08645,PNK3P
NP_414742.1,4,PF13242,Hydrolase_like
NP_414742.1,4,PF13419,HAD_2
NP_414744.1,2,PF00126,HTH_1
NP_414744.1,2,PF03466,LysR_substrate
NP_414746.1,6,PF01209,Ubie_methyltran
NP_414746.1,6,PF08241,Methyltransf_11
NP_414746.1,6,PF08242,Methyltransf_12
NP_414746.1,6,PF13489,Methyltransf_23
NP_414746.1,6,PF13649,Methyltransf_25
NP_414746.1,6,PF13847,Methyltransf_31
NP_414747.1,5,PF01464,SLT
NP_414747.1,5,PF01476,LysM
NP_414747.1,5,PF22310,NMB0315_dom_I
NP_414747.1,5,PF23473,LysM3_LYK4_5
NP_414747.1,5,PF23577,LysM_RLK
NP_414748.1,2,PF00753,Lactamase_B
NP_414748.1,2,PF16123,HAGH_C
NP_414756.2,4,PF00441,Acyl-CoA_dh_1
NP_414756.2,4,PF02770,Acyl-CoA_dh_M
NP_414756.2,4,PF02771,Acyl-CoA_dh_N
NP_414756.2,4,PF09317,ACDH_C
NP_414757.1,2,PF01380,SIS
NP_414757.1,2,PF13580,SIS_2
NP_414766.1,4,PF00817,IMS
NP_414766.1,4,PF11798,IMS_HHH
NP_414766.1,4,PF11799,IMS_C
NP_414766.1,4,PF21999,IMS_HHH_1
NP_414769.1,3,PF00583,Acetyltransf_1
NP_414769.1,3,PF13508,Acetyltransf_7
NP_414769.1,3,PF13673,Acetyltransf_10
NP_414772.1,2,PF01546,Peptidase_M20
NP_414772.1,2,PF07687,M20_dimer
NP_414776.1,2,PF00267,Porin_1
NP_414776.1,2,PF13609,Porin_4
NP_414777.1,2,PF00696,AA_kinase
NP_414777.1,2,PF01472,PUA
NP_414787.4,2,PF00350,Dynamin_N
NP_414787.4,2,PF01926,MMR_HSR1
NP_414788.1,2,PF00126,HTH_1
NP_414788.1,2,PF03466,LysR_substrate
NP_414790.1,3,PF00665,rve
NP_414790.1,3,PF13384,HTH_23
NP_414790.1,3,PF13936,HTH_38
NP_414793.2,2,PF01609,DDE_Tnp_1
NP_414793.2,2,PF05598,DUF772
NP_414794.4,2,PF00324,AA_permease
NP_414794.4,2,PF13520,AA_permease_2
NP_414796.2,2,PF00005,ABC_tran
NP_414796.2,2,PF08402,TOBE_2
NP_414799.1,2,PF03811,Zn_ribbon_InsA
NP_414799.1,2,PF12759,HTH_Tnp_IS1
NP_414801.1,8,PF00665,rve
NP_414801.1,8,PF13011,LZ_Tnp_IS481
NP_414801.1,8,PF13276,HTH_21
NP_414801.1,8,PF13384,HTH_23
NP_414801.1,8,PF13518,HTH_28
NP_414801.1,8,PF13551,HTH_29
NP_414801.1,8,PF13565,HTH_32
NP_414801.1,8,PF13683,rve_3
NP_414803.1,2,PF00920,ILVD_EDD_N
NP_414803.1,2,PF24877,ILV_EDD_C
NP_414804.1,2,PF07690,MFS_1
NP_414804.1,2,PF13347,MFS_2
NP_414805.1,3,PF04616,Glyco_hydro_43
NP_414805.1,3,PF07081,DUF1349
NP_414805.1,3,PF17851,GH43_C2
NP_414806.1,2,PF01614,IclR_C
NP_414806.1,2,PF09339,HTH_IclR
NP_414807.1,2,PF00185,OTCace
NP_414807.1,2,PF02729,OTCace_N
NP_414809.1,2,PF03811,Zn_ribbon_InsA
NP_414809.1,2,PF12759,HTH_Tnp_IS1
NP_414815.1,2,PF00589,Phage_integrase
NP_414815.1,2,PF13356,Arm-DNA-bind_3
NP_414817.1,2,PF02625,XdhC_CoxI
NP_414817.1,2,PF13478,XdhC_C
NP_414818.1,3,PF01315,Ald_Xan_dh_C
NP_414818.1,3,PF02738,MoCoBD_1
NP_414818.1,3,PF20256,MoCoBD_2
NP_414820.1,3,PF00111,Fer2
NP_414820.1,3,PF01799,Fer2_2
NP_414820.1,3,PF13085,Fer2_3
NP_414825.1,2,PF15976,CooC_C
NP_414825.1,2,PF16967,TcfC
NP_414828.1,2,PF00196,GerE
NP_414828.1,2,PF27348,EcpR_N
NP_414833.1,4,PF00665,rve
NP_414833.1,4,PF13276,HTH_21
NP_414833.1,4,PF13333,rve_2
NP_414833.1,4,PF13683,rve_3
NP_414838.2,7,PF00070,Pyr_redox
NP_414838.2,7,PF01134,GIDA
NP_414838.2,7,PF01266,DAO
NP_414838.2,7,PF02737,3HCDH_N
NP_414838.2,7,PF02852,Pyr_redox_dim
NP_414838.2,7,PF07992,Pyr_redox_2
NP_414838.2,7,PF13738,Pyr_redox_3
NP_414839.1,3,PF00165,HTH_AraC
NP_414839.1,3,PF12833,HTH_18
NP_414839.1,3,PF12852,Cupin_6
NP_414841.1,7,PF00037,Fer4
NP_414841.1,7,PF02589,LUD_dom
NP_414841.1,7,PF11870,LutB_C
NP_414841.1,7,PF12797,Fer4_2
NP_414841.1,7,PF13183,Fer4_8
NP_414841.1,7,PF13237,Fer4_10
NP_414841.1,7,PF13534,Fer4_17
NP_414845.1,2,PF00732,GMC_oxred_N
NP_414845.1,2,PF05199,GMC_oxred_C
NP_414847.3,2,PF00440,TetR_N
NP_414847.3,2,PF13977,TetR_C_6
NP_414849.1,2,PF00196,GerE
NP_414849.1,2,PF00563,EAL
NP_414850.1,2,PF00126,HTH_1
NP_414850.1,2,PF03466,LysR_substrate
NP_414852.1,5,PF00023,Ank
NP_414852.1,5,PF12796,Ank_2
NP_414852.1,5,PF13606,Ank_3
NP_414852.1,5,PF13637,Ank_4
NP_414852.1,5,PF13857,Ank_5
NP_414854.1,3,PF00549,Ligase_CoA
NP_414854.1,3,PF02629,CoA_binding
NP_414854.1,3,PF27530,HMA_AllF_N
NP_414858.1,2,PF01979,Amidohydro_1
NP_414858.1,2,PF07969,Amidohydro_3
NP_414859.1,4,PF00107,ADH_zinc_N
NP_414859.1,4,PF01262,AlaDh_PNT_C
NP_414859.1,4,PF08240,ADH_N
NP_414859.1,4,PF13602,ADH_zinc_N_2
NP_414864.1,6,PF00158,Sigma54_activat
NP_414864.1,6,PF01078,Mg_chelatase
NP_414864.1,6,PF02954,HTH_8
NP_414864.1,6,PF06506,PrpR_N
NP_414864.1,6,PF14532,Sigma54_activ_2
NP_414864.1,6,PF25601,AAA_lid_14
NP_414865.1,2,PF00463,ICL
NP_414865.1,2,PF13714,PEP_mutase
NP_414868.1,2,PF03972,MmgE_PrpD_N
NP_414868.1,2,PF19305,MmgE_PrpD_C
NP_414869.1,3,PF00501,AMP-binding
NP_414869.1,3,PF13193,AMP-binding_C
NP_414869.1,3,PF16177,ACAS_N
NP_414871.1,2,PF01979,Amidohydro_1
NP_414871.1,2,PF07969,Amidohydro_3
NP_414872.3,3,PF00126,HTH_1
NP_414872.3,3,PF03466,LysR_substrate
NP_414872.3,3,PF13556,HTH_30
NP_414874.1,2,PF02560,Cyanate_lyase
NP_414874.1,2,PF21291,CYNS_N
NP_414875.1,3,PF00083,Sugar_tr
NP_414875.1,3,PF06779,MFS_4
NP_414875.1,3,PF07690,MFS_1
NP_414876.1,3,PF00132,Hexapep
NP_414876.1,3,PF12464,Mac
NP_414876.1,3,PF14602,Hexapep_2
NP_414877.1,3,PF01306,LacY_symp
NP_414877.1,3,PF07690,MFS_1
NP_414877.1,3,PF12832,MFS_1_like
NP_414878.1,5,PF00703,Glyco_hydro_2
NP_414878.1,5,PF02836,Glyco_hydro_2_C
NP_414878.1,5,PF02837,Glyco_hydro_2_N
NP_414878.1,5,PF02929,Bgal_small_N
NP_414878.1,5,PF16353,LacZ_4
NP_414879.3,4,PF00356,LacI
NP_414879.3,4,PF00532,Peripla_BP_1
NP_414879.3,4,PF13377,Peripla_BP_3
NP_414879.3,4,PF13407,Peripla_BP_4
NP_414880.2,5,PF01590,GAF
NP_414880.2,5,PF01614,IclR_C
NP_414880.2,5,PF09339,HTH_IclR
NP_414880.2,5,PF12802,MarR_2
NP_414880.2,5,PF13412,HTH_24
NP_414881.1,2,PF00070,Pyr_redox
NP_414881.1,2,PF01494,FAD_binding_3
NP_414883.5,3,PF00561,Abhydrolase_1
NP_414883.5,3,PF12146,Hydrolase_4
NP_414883.5,3,PF12697,Abhydrolase_6
NP_414885.1,2,PF01118,Semialdhyde_dh
NP_414885.1,2,PF09290,AcetDehyd-dimer
NP_414886.1,2,PF00682,HMGL-like
NP_414886.1,2,PF07836,DmpG_comm
NP_414887.2,3,PF00083,Sugar_tr
NP_414887.2,3,PF06779,MFS_4
NP_414887.2,3,PF07690,MFS_1
NP_414890.1,2,PF00107,ADH_zinc_N
NP_414890.1,2,PF08240,ADH_N
NP_414895.1,3,PF00665,rve
NP_414895.1,3,PF13276,HTH_21
NP_414895.1,3,PF13683,rve_3
NP_414897.1,3,PF00535,Glycos_transf_2
NP_414897.1,3,PF13632,Glyco_trans_2_3
NP_414897.1,3,PF13641,Glyco_tranf_2_3
NP_414899.2,4,PF04069,OpuAC
NP_414899.2,4,PF09084,NMT1
NP_414899.2,4,PF12974,Phosphonate-bd
NP_414899.2,4,PF13379,NMT1_2
NP_414900.1,2,PF00005,ABC_tran
NP_414900.1,2,PF13304,AAA_21
NP_414906.1,4,PF00665,rve
NP_414906.1,4,PF13276,HTH_21
NP_414906.1,4,PF13333,rve_2
NP_414906.1,4,PF13683,rve_3
NP_414911.1,2,PF05992,SbmA_BacA
NP_414911.1,2,PF06472,ABC_membrane_2
NP_414915.1,3,PF01820,Dala_Dala_lig_N
NP_414915.1,3,PF02222,ATP-grasp
NP_414915.1,3,PF07478,Dala_Dala_lig_C
NP_414917.2,2,PF00245,Alk_phosphatase
NP_414917.2,2,PF01676,Metalloenzyme
NP_414919.1,2,PF00990,GGDEF
NP_414919.1,2,PF05230,MASE2
NP_414920.1,3,PF03446,NAD_binding_2
NP_414920.1,3,PF03807,F420_oxidored
NP_414920.1,3,PF14748,P5CR_dimer
NP_414922.1,3,PF00004,AAA
NP_414922.1,3,PF01202,SKI
NP_414922.1,3,PF13238,AAA_18
NP_414928.2,2,PF00480,ROK
NP_414928.2,2,PF02685,Glucokinase
NP_414930.3,2,PF00083,Sugar_tr
NP_414930.3,2,PF07690,MFS_1
NP_414931.1,3,PF13476,AAA_23
NP_414931.1,3,PF13555,AAA_29
NP_414931.1,3,PF13558,SbcC_Walker_B
NP_414932.1,3,PF00149,Metallophos
NP_414932.1,3,PF12320,SbcD_C
NP_414932.1,3,PF12850,Metallophos_2
NP_414933.1,2,PF00072,Response_reg
NP_414933.1,2,PF00486,Trans_reg_C
NP_414934.1,6,PF00512,HisKA
NP_414934.1,6,PF00989,PAS
NP_414934.1,6,PF02518,HATPase_c
NP_414934.1,6,PF11808,PhoR
NP_414934.1,6,PF13188,PAS_8
NP_414934.1,6,PF13581,HATPase_c_2
NP_414936.1,3,PF00324,AA_permease
NP_414936.1,3,PF03845,Spore_permease
NP_414936.1,3,PF13520,AA_permease_2
NP_414937.2,2,PF00128,Alpha-amylase
NP_414937.2,2,PF02903,Alpha-amylase_N
NP_414942.1,6,PF02355,SecD_SecF_C
NP_414942.1,6,PF03176,MMPL
NP_414942.1,6,PF07549,Sec_GG
NP_414942.1,6,PF13721,SecD-TM1
NP_414942.1,6,PF21760,SecD_1st
NP_414942.1,6,PF22599,SecDF_P1_head
NP_414943.1,2,PF02355,SecD_SecF_C
NP_414943.1,2,PF07549,Sec_GG
NP_414947.1,2,PF03477,ATP-cone
NP_414947.1,2,PF22811,Zn_ribbon_NrdR
NP_414948.1,3,PF00383,dCMP_cyt_deam_1
NP_414948.1,3,PF01872,RibD_C
NP_414948.1,3,PF14437,MafB19-deam
NP_414951.1,2,PF00586,AIRS
NP_414951.1,2,PF02769,AIRS_C
NP_414954.1,5,PF00676,E1_dh
NP_414954.1,5,PF02775,TPP_enzyme_C
NP_414954.1,5,PF02779,Transket_pyr
NP_414954.1,5,PF02780,Transketolase_C
NP_414954.1,5,PF13292,DXP_synthase_N
NP_414957.1,3,PF02568,ThiI
NP_414957.1,3,PF02926,THUMP
NP_414957.1,3,PF22025,ThiI_fer
NP_414959.1,2,PF02558,ApbA
NP_414959.1,2,PF08546,ApbA_C
NP_414961.4,3,PF00083,Sugar_tr
NP_414961.4,3,PF07690,MFS_1
NP_414961.4,3,PF21987,YajR_YAM
NP_414966.1,2,PF00116,COX2
NP_414966.1,2,PF06481,COX_ARM
NP_414967.1,2,PF07690,MFS_1
NP_414967.1,2,PF13000,Acatn
NP_414968.4,2,PF03923,Lipoprotein_16
NP_414968.4,2,PF08139,LPAM_1
NP_414970.1,3,PF00254,FKBP_C
NP_414970.1,3,PF05697,Trigger_N
NP_414970.1,3,PF05698,Trigger_C
NP_414972.1,8,PF00004,AAA
NP_414972.1,8,PF00493,MCM
NP_414972.1,8,PF01078,Mg_chelatase
NP_414972.1,8,PF06689,zf-C4_ClpX
NP_414972.1,8,PF07724,AAA_2
NP_414972.1,8,PF07728,AAA_5
NP_414972.1,8,PF10431,ClpB_D2-small
NP_414972.1,8,PF13401,AAA_22
NP_414973.1,6,PF00004,AAA
NP_414973.1,6,PF02190,LON_substr_bdg
NP_414973.1,6,PF05362,Lon_C
NP_414973.1,6,PF07728,AAA_5
NP_414973.1,6,PF13541,ChlI
NP_414973.1,6,PF22667,Lon_lid
NP_414974.1,2,PF00216,Bac_DNA_binding
NP_414974.1,2,PF18291,HU-HIG
NP_414975.1,5,PF00639,Rotamase
NP_414975.1,5,PF13145,Rotamase_2
NP_414975.1,5,PF13616,Rotamase_3
NP_414975.1,5,PF13623,SurA_N_2
NP_414975.1,5,PF13624,SurA_N_3
NP_414976.1,2,PF00633,HHH
NP_414976.1,2,PF12836,HHH_3
NP_414977.1,4,PF01643,Acyl-ACP_TE
NP_414977.1,4,PF03061,4HBT
NP_414977.1,4,PF13279,4HBT_2
NP_414977.1,4,PF20791,Acyl-ACP_TE_C
NP_414978.1,2,PF00733,Asn_synthase
NP_414978.1,2,PF06508,QueC
NP_414979.1,2,PF00496,SBP_bac_5
NP_414979.1,2,PF12793,SgrR_N
NP_414980.2,3,PF00702,Hydrolase
NP_414980.2,3,PF05116,S6PP
NP_414980.2,3,PF08282,Hydrolase_3
NP_414981.4,3,PF01037,AsnC_trans_reg
NP_414981.4,3,PF13404,HTH_AsnC-type
NP_414981.4,3,PF13412,HTH_24
NP_414982.1,2,PF00005,ABC_tran
NP_414982.1,2,PF00664,ABC_membrane
NP_414983.1,2,PF00005,ABC_tran
NP_414983.1,2,PF00664,ABC_membrane
NP_414986.1,3,PF02551,Acyl_CoA_thio
NP_414986.1,3,PF13622,4HBT_3
NP_414986.1,3,PF20789,4HBT_3C
NP_414990.2,2,PF00563,EAL
NP_414990.2,2,PF12792,CSS-motif
NP_414992.1,3,PF00132,Hexapep
NP_414992.1,3,PF12464,Mac
NP_414992.1,3,PF14602,Hexapep_2
NP_414995.1,2,PF00873,ACR_tran
NP_414995.1,2,PF02355,SecD_SecF_C
NP_414996.1,4,PF25876,HH_MFP_RND
NP_414996.1,4,PF25917,BSH_RND
NP_414996.1,4,PF25944,Beta-barrel_RND
NP_414996.1,4,PF25967,RND-MFP_C
NP_414997.1,2,PF00440,TetR_N
NP_414997.1,2,PF08361,TetR_C_2
NP_414998.1,5,PF00924,MS_channel_2nd
NP_414998.1,5,PF12794,MscS_TM
NP_414998.1,5,PF12795,MscS_porin
NP_414998.1,5,PF21082,MS_channel_3rd
NP_414998.1,5,PF21088,MS_channel_1st
NP_415003.1,7,PF00004,AAA
NP_415003.1,7,PF07728,AAA_5
NP_415003.1,7,PF12168,DNA_pol3_tau_4
NP_415003.1,7,PF12169,DNA_pol3_gamma3
NP_415003.1,7,PF12170,DNA_pol3_tau_5
NP_415003.1,7,PF13177,DNA_pol3_delta2
NP_415003.1,7,PF22608,DNAX_ATPase_lid
NP_415005.1,5,PF01751,Toprim
NP_415005.1,5,PF02132,RecR_ZnF
NP_415005.1,5,PF13662,Toprim_4
NP_415005.1,5,PF21175,RecR_C
NP_415005.1,5,PF21176,RecR_HhH
NP_415006.1,3,PF00183,HSP90
NP_415006.1,3,PF02518,HATPase_c
NP_415006.1,3,PF13589,HATPase_c_3
NP_415007.1,3,PF00406,ADK
NP_415007.1,3,PF05191,ADK_lid
NP_415007.1,3,PF13207,AAA_17
NP_415008.1,2,PF00762,Ferrochelatase
NP_415008.1,2,PF01903,CbiX
NP_415009.1,4,PF01738,DLH
NP_415009.1,4,PF07859,Abhydrolase_3
NP_415009.1,4,PF10340,Say1_Mug180
NP_415009.1,4,PF20434,BD-FAE
NP_415011.1,2,PF00999,Na_H_Exchanger
NP_415011.1,2,PF02254,TrkA_N
NP_415013.1,2,PF00149,Metallophos
NP_415013.1,2,PF02872,5_nucleotid_C
NP_415017.1,4,PF00122,E1-E2_ATPase
NP_415017.1,4,PF00403,HMA
NP_415017.1,4,PF00702,Hydrolase
NP_415017.1,4,PF08282,Hydrolase_3
NP_415019.1,2,PF00324,AA_permease
NP_415019.1,2,PF13520,AA_permease_2
NP_415020.1,3,PF00376,MerR
NP_415020.1,3,PF09278,MerR-DNA-bind
NP_415020.1,3,PF13411,MerR_1
NP_415023.1,4,PF00004,AAA
NP_415023.1,4,PF00005,ABC_tran
NP_415023.1,4,PF02463,SMC_N
NP_415023.1,4,PF03215,Rad17
NP_415025.4,4,PF00085,Thioredoxin
NP_415025.4,4,PF13728,TraF
NP_415025.4,4,PF14559,TPR_19
NP_415025.4,4,PF14561,TPR_20
NP_415026.1,4,PF00106,adh_short
NP_415026.1,4,PF08659,KR
NP_415026.1,4,PF13460,NAD_binding_10
NP_415026.1,4,PF13561,adh_short_C2
NP_415027.1,2,PF00657,Lipase_GDSL
NP_415027.1,2,PF13472,Lipase_GDSL_2
NP_415030.1,5,PF03527,RHS
NP_415030.1,5,PF05593,RHS_repeat
NP_415030.1,5,PF14220,DUF4329
NP_415030.1,5,PF20148,DUF6531
NP_415030.1,5,PF25023,TEN_YD-shell
NP_415036.1,2,PF00581,Rhodanese
NP_415036.1,2,PF26341,AAA_SelU
NP_415037.1,2,PF00126,HTH_1
NP_415037.1,2,PF03466,LysR_substrate
NP_415039.1,2,PF01614,IclR_C
NP_415039.1,2,PF09339,HTH_IclR
NP_415040.1,3,PF00205,TPP_enzyme_M
NP_415040.1,3,PF02775,TPP_enzyme_C
NP_415040.1,3,PF02776,TPP_enzyme_N
NP_415042.1,3,PF03446,NAD_binding_2
NP_415042.1,3,PF03807,F420_oxidored
NP_415042.1,3,PF14833,NAD_binding_11
NP_415045.1,3,PF01979,Amidohydro_1
NP_415045.1,3,PF07969,Amidohydro_3
NP_415045.1,3,PF12890,DHOase
NP_415048.1,3,PF02311,AraC_binding
NP_415048.1,3,PF05899,Cupin_3
NP_415048.1,3,PF07883,Cupin_2
NP_415049.1,2,PF01546,Peptidase_M20
NP_415049.1,2,PF04389,Peptidase_M28
NP_415051.1,3,PF00549,Ligase_CoA
NP_415051.1,3,PF02629,CoA_binding
NP_415051.1,3,PF27530,HMA_AllF_N
NP_415055.1,3,PF02222,ATP-grasp
NP_415055.1,3,PF17769,PurK_C
NP_415055.1,3,PF22660,RS_preATP-grasp-like
NP_415057.1,2,PF00149,Metallophos
NP_415057.1,2,PF12850,Metallophos_2
NP_415059.1,6,PF00133,tRNA-synt_1
NP_415059.1,6,PF01406,tRNA-synt_1e
NP_415059.1,6,PF01921,tRNA-synt_1f
NP_415059.1,6,PF09190,DALR_2
NP_415059.1,6,PF09334,tRNA-synt_1g
NP_415059.1,6,PF23493,CysS_C
NP_415062.1,2,PF00763,THF_DHG_CYH
NP_415062.1,2,PF02882,THF_DHG_CYH_C
NP_415064.1,2,PF00345,PapD_N
NP_415064.1,2,PF02753,PapD_C
NP_415065.1,3,PF00577,Usher
NP_415065.1,3,PF13953,PapC_C
NP_415065.1,3,PF13954,PapC_N
NP_415068.1,2,PF00072,Response_reg
NP_415068.1,2,PF00196,GerE
NP_415073.1,4,PF00665,rve
NP_415073.1,4,PF13276,HTH_21
NP_415073.1,4,PF13333,rve_2
NP_415073.1,4,PF13683,rve_3
NP_415076.1,3,PF00239,Resolvase
NP_415076.1,3,PF07508,Recombinase
NP_415076.1,3,PF13408,Zn_ribbon_recom
NP_415078.1,2,PF00165,HTH_AraC
NP_415078.1,2,PF12833,HTH_18
NP_415084.2,2,PF01609,DDE_Tnp_1
NP_415084.2,2,PF05598,DUF772
NP_415096.1,2,PF00165,HTH_AraC
NP_415096.1,2,PF12833,HTH_18
NP_415098.1,2,PF00165,HTH_AraC
NP_415098.1,2,PF12833,HTH_18
NP_415100.1,3,PF13283,NfrA_C
NP_415100.1,3,PF13428,TPR_14
NP_415100.1,3,PF14559,TPR_19
NP_415101.1,4,PF05157,MshEN
NP_415101.1,4,PF13632,Glyco_trans_2_3
NP_415101.1,4,PF13641,Glyco_tranf_2_3
NP_415101.1,4,PF14332,PatA_N
NP_415102.1,5,PF00512,HisKA
NP_415102.1,5,PF00672,HAMP
NP_415102.1,5,PF02518,HATPase_c
NP_415102.1,5,PF21085,CusS
NP_415102.1,5,PF26769,HAMP_PhoQ
NP_415103.1,2,PF00072,Response_reg
NP_415103.1,2,PF00486,Trans_reg_C
NP_415106.1,4,PF19335,HMBD
NP_415106.1,4,PF25869,3HB_CusB
NP_415106.1,4,PF25919,BSH_CusB
NP_415106.1,4,PF25954,Beta-barrel_RND_2
NP_415108.1,2,PF00324,AA_permease
NP_415108.1,2,PF13520,AA_permease_2
NP_415109.1,2,PF00924,MS_channel_2nd
NP_415109.1,2,PF21082,MS_channel_3rd
NP_415115.2,2,PF01648,ACPS
NP_415115.2,2,PF17837,4PPT_N
NP_415116.1,2,PF00593,TonB_dep_Rec_b-barrel
NP_415116.1,2,PF07715,Plug
NP_415117.2,2,PF00756,Esterase
NP_415117.2,2,PF11806,Enterochelin_N
NP_415118.1,4,PF00501,AMP-binding
NP_415118.1,4,PF00550,PP-binding
NP_415118.1,4,PF00668,Condensation
NP_415118.1,4,PF00975,Thioesterase
NP_415120.1,3,PF00005,ABC_tran
NP_415120.1,3,PF13304,AAA_21
NP_415120.1,3,PF13555,AAA_29
NP_415123.1,2,PF05977,MFS_3
NP_415123.1,2,PF07690,MFS_1
NP_415126.1,2,PF00501,AMP-binding
NP_415126.1,2,PF13193,AMP-binding_C
NP_415127.1,2,PF00550,PP-binding
NP_415127.1,2,PF00857,Isochorismatase
NP_415128.1,4,PF00106,adh_short
NP_415128.1,4,PF01370,Epimerase
NP_415128.1,4,PF08659,KR
NP_415128.1,4,PF13561,adh_short_C2
NP_415132.1,2,PF00465,Fe-ADH
NP_415132.1,2,PF13685,Fe-ADH_2
NP_415133.1,2,PF00155,Aminotran_1_2
NP_415133.1,2,PF01053,Cys_Met_Meta_PP
NP_415135.1,2,PF01507,PAPS_reduct
NP_415135.1,2,PF11922,DUF3440
NP_415136.1,2,PF00126,HTH_1
NP_415136.1,2,PF03466,LysR_substrate
NP_415137.2,3,PF10411,DsbC_N
NP_415137.2,3,PF13098,Thioredoxin_2
NP_415137.2,3,PF13462,Thioredoxin_4
NP_415138.1,3,PF00578,AhpC-TSA
NP_415138.1,3,PF08534,Redoxin
NP_415138.1,3,PF10417,1-cysPrx_C
NP_415139.2,8,PF00070,Pyr_redox
NP_415139.2,8,PF00890,FAD_binding_2
NP_415139.2,8,PF01134,GIDA
NP_415139.2,8,PF07992,Pyr_redox_2
NP_415139.2,8,PF12831,FAD_oxidored
NP_415139.2,8,PF13192,Thioredoxin_3
NP_415139.2,8,PF13450,NAD_binding_8
NP_415139.2,8,PF13738,Pyr_redox_3
NP_415141.1,2,PF00107,ADH_zinc_N
NP_415141.1,2,PF08240,ADH_N
NP_415143.1,2,PF01272,GreA_GreB
NP_415143.1,2,PF14760,Rnk_N
NP_415145.1,2,PF00939,Na_sulph_symp
NP_415145.1,2,PF03600,CitMHS
NP_415149.4,2,PF03328,HpcH_HpaI
NP_415149.4,2,PF15617,C-C_Bond_Lyase
NP_415152.1,6,PF00989,PAS
NP_415152.1,6,PF02518,HATPase_c
NP_415152.1,6,PF08448,PAS_4
NP_415152.1,6,PF13581,HATPase_c_2
NP_415152.1,6,PF14501,HATPase_c_5
NP_415152.1,6,PF17203,sCache_3_2
NP_415153.1,2,PF00072,Response_reg
NP_415153.1,2,PF20714,HTH_64
NP_415154.1,2,PF03606,DcuC
NP_415154.1,2,PF06808,DctM
NP_415156.1,2,PF00313,CSD
NP_415156.1,2,PF08206,OB_RNB
NP_415161.1,2,PF04055,Radical_SAM
NP_415161.1,2,PF16881,LIAS_N
NP_415162.4,2,PF00126,HTH_1
NP_415162.4,2,PF03466,LysR_substrate
NP_415165.1,3,PF00768,Peptidase_S11
NP_415165.1,3,PF07943,PBP5_C
NP_415165.1,3,PF13354,Beta-lactamase2
NP_415166.1,2,PF03330,DPBB_1
NP_415166.1,2,PF05036,SPOR
NP_415168.1,2,PF00905,Transpeptidase
NP_415168.1,2,PF03717,PBP_dimer
NP_415173.1,3,PF06144,DNA_pol3_delta
NP_415173.1,3,PF14840,DNA_pol3_delt_C
NP_415173.1,3,PF21694,DNA_pol3_delta_C
NP_415175.1,4,PF00133,tRNA-synt_1
NP_415175.1,4,PF08264,Anticodon_1
NP_415175.1,4,PF09334,tRNA-synt_1g
NP_415175.1,4,PF13603,tRNA-synt_1_2
NP_415177.4,2,PF08238,Sel1
NP_415177.4,2,PF23310,TPR_27
NP_415183.1,2,PF00012,HSP70
NP_415183.1,2,PF06723,MreB_Mbl
NP_415185.1,2,PF00005,ABC_tran
NP_415185.1,2,PF13304,AAA_21
NP_415189.2,2,PF01609,DDE_Tnp_1
NP_415189.2,2,PF05598,DUF772
NP_415190.1,2,PF00795,CN_hydrolase
NP_415190.1,2,PF20154,LNT_N
NP_415191.1,3,PF00571,CBS
NP_415191.1,3,PF03471,CorC_HlyC
NP_415191.1,3,PF21917,NMB0537_N
NP_415193.2,3,PF02562,PhoH
NP_415193.2,3,PF13245,AAA_19
NP_415193.2,3,PF13604,AAA_30
NP_415194.1,3,PF00919,UPF0004
NP_415194.1,3,PF01938,TRAM
NP_415194.1,3,PF04055,Radical_SAM
NP_415195.1,3,PF01494,FAD_binding_3
NP_415195.1,3,PF05834,Lycopene_cycl
NP_415195.1,3,PF08491,SE
NP_415200.1,4,PF00733,Asn_synthase
NP_415200.1,4,PF12481,DUF3700
NP_415200.1,4,PF13522,GATase_6
NP_415200.1,4,PF13537,GATase_7
NP_415201.1,4,PF00702,Hydrolase
NP_415201.1,4,PF13242,Hydrolase_like
NP_415201.1,4,PF13344,Hydrolase_6
NP_415201.1,4,PF13419,HAD_2
NP_415202.1,3,PF00480,ROK
NP_415202.1,3,PF01047,MarR
NP_415202.1,3,PF13412,HTH_24
NP_415203.1,2,PF01979,Amidohydro_1
NP_415203.1,2,PF22643,NagA_N
NP_415205.1,3,PF00358,PTS_EIIA_1
NP_415205.1,3,PF00367,PTS_EIIB
NP_415205.1,3,PF02378,PTS_EIIC
NP_415206.1,3,PF00749,tRNA-synt_1c
NP_415206.1,3,PF03950,tRNA-synt_1c_C
NP_415206.1,3,PF20974,tRNA-synt_1c_C2
NP_415210.1,3,PF00258,Flavodoxin_1
NP_415210.1,3,PF12641,Flavodoxin_3
NP_415210.1,3,PF12724,Flavodoxin_5
NP_415211.2,2,PF01402,RHH_1
NP_415211.2,2,PF10723,RepB-RCR_reg
NP_415212.1,5,PF00561,Abhydrolase_1
NP_415212.1,5,PF05057,DUF676
NP_415212.1,5,PF07819,PGAP1
NP_415212.1,5,PF12146,Hydrolase_4
NP_415212.1,5,PF12697,Abhydrolase_6
NP_415213.1,2,PF03925,SeqA
NP_415213.1,2,PF17206,SeqA_N
NP_415214.1,4,PF00408,PGM_PMM_IV
NP_415214.1,4,PF02878,PGM_PMM_I
NP_415214.1,4,PF02879,PGM_PMM_II
NP_415214.1,4,PF02880,PGM_PMM_III
NP_415219.1,2,PF00324,AA_permease
NP_415219.1,2,PF13520,AA_permease_2
NP_415220.1,3,PF01276,OKR_DC_1
NP_415220.1,3,PF03709,OKR_DC_1_N
NP_415220.1,3,PF03711,OKR_DC_1_C
NP_415222.1,2,PF00072,Response_reg
NP_415222.1,2,PF00486,Trans_reg_C
NP_415223.1,5,PF00512,HisKA
NP_415223.1,5,PF02518,HATPase_c
NP_415223.1,5,PF02702,KdpD
NP_415223.1,5,PF13492,GAF_3
NP_415223.1,5,PF13493,DUF4118
NP_415225.1,3,PF00122,E1-E2_ATPase
NP_415225.1,3,PF00702,Hydrolase
NP_415225.1,3,PF08282,Hydrolase_3
NP_415229.1,4,PF03527,RHS
NP_415229.1,4,PF05593,RHS_repeat
NP_415229.1,4,PF20148,DUF6531
NP_415229.1,4,PF25023,TEN_YD-shell
NP_415234.1,2,PF01609,DDE_Tnp_1
NP_415234.1,2,PF13808,DDE_Tnp_1_assoc
NP_415236.1,2,PF00875,DNA_photolyase
NP_415236.1,2,PF03441,FAD_binding_7
NP_415237.1,2,PF00854,PTR2
NP_415237.1,2,PF07690,MFS_1
NP_415242.1,3,PF01149,Fapy_DNA_glyco
NP_415242.1,3,PF06827,zf-FPG_IleRS
NP_415242.1,3,PF06831,H2TH
NP_415245.1,2,PF00345,PapD_N
NP_415245.1,2,PF02753,PapD_C
NP_415246.2,3,PF00577,Usher
NP_415246.2,3,PF13953,PapC_C
NP_415246.2,3,PF13954,PapC_N
NP_415251.1,2,PF00890,FAD_binding_2
NP_415251.1,2,PF02910,Succ_DH_flav_C
NP_415252.1,4,PF13085,Fer2_3
NP_415252.1,4,PF13183,Fer4_8
NP_415252.1,4,PF13237,Fer4_10
NP_415252.1,4,PF13534,Fer4_17
NP_415254.1,4,PF00676,E1_dh
NP_415254.1,4,PF02779,Transket_pyr
NP_415254.1,4,PF16078,2-oxogl_dehyd_N
NP_415254.1,4,PF16870,OxoGdeHyase_C
NP_415255.1,3,PF00198,2-oxoacid_dh
NP_415255.1,3,PF00364,Biotin_lipoyl
NP_415255.1,3,PF02817,E3_binding
NP_415256.1,3,PF00549,Ligase_CoA
NP_415256.1,3,PF08442,ATP-grasp_2
NP_415256.1,3,PF13549,ATP-grasp_5
NP_415257.1,4,PF00549,Ligase_CoA
NP_415257.1,4,PF02629,CoA_binding
NP_415257.1,4,PF13380,CoA_binding_2
NP_415257.1,4,PF13607,Succ_CoA_lig
NP_415258.1,2,PF00392,GntR
NP_415258.1,2,PF07702,UTRA
NP_415259.1,3,PF00359,PTS_EIIA_2
NP_415259.1,3,PF02302,PTS_IIB
NP_415259.1,3,PF02378,PTS_EIIC
NP_415260.1,4,PF01074,Glyco_hydro_38N
NP_415260.1,4,PF07748,Glyco_hydro_38C
NP_415260.1,4,PF09261,Alpha-mann_mid
NP_415260.1,4,PF17677,Glyco_hydro38C2
NP_415264.1,3,PF01643,Acyl-ACP_TE
NP_415264.1,3,PF03061,4HBT
NP_415264.1,3,PF13279,4HBT_2
NP_415268.1,6,PF00930,DPPIV_N
NP_415268.1,6,PF04052,TolB_N
NP_415268.1,6,PF07676,PD40
NP_415268.1,6,PF10647,Gmad1
NP_415268.1,6,PF14583,Pectate_lyase22
NP_415268.1,6,PF26549,Tricorn_N
NP_415270.1,5,PF07719,TPR_2
NP_415270.1,5,PF13174,TPR_6
NP_415270.1,5,PF13428,TPR_14
NP_415270.1,5,PF13525,YfiO
NP_415270.1,5,PF16331,TolA_bind_tri
NP_415273.1,2,PF01545,Cation_efflux
NP_415273.1,2,PF16916,ZT_dimer
NP_415278.1,3,PF00288,GHMP_kinases_N
NP_415278.1,3,PF08544,GHMP_kinases_C
NP_415278.1,3,PF10509,GalKase_gal_bdg
NP_415279.1,3,PF01087,GalP_UDP_transf
NP_415279.1,3,PF01230,HIT
NP_415279.1,3,PF02744,GalP_UDP_tr_C
NP_415280.3,10,PF00106,adh_short
NP_415280.3,10,PF01073,3Beta_HSD
NP_415280.3,10,PF01370,Epimerase
NP_415280.3,10,PF02719,Polysacc_synt_2
NP_415280.3,10,PF04321,RmlD_sub_bind
NP_415280.3,10,PF05368,NmrA
NP_415280.3,10,PF07993,NAD_binding_4
NP_415280.3,10,PF08659,KR
NP_415280.3,10,PF13460,NAD_binding_10
NP_415280.3,10,PF16363,GDP_Man_Dehyd
NP_415281.1,5,PF00004,AAA
NP_415281.1,5,PF00005,ABC_tran
NP_415281.1,5,PF13304,AAA_21
NP_415281.1,5,PF13401,AAA_22
NP_415281.1,5,PF13555,AAA_29
NP_415284.1,2,PF01547,SBP_bac_1
NP_415284.1,2,PF13531,SBP_bac_11
NP_415286.1,2,PF00005,ABC_tran
NP_415286.1,2,PF03459,TOBE
NP_415287.1,4,PF00702,Hydrolase
NP_415287.1,4,PF05116,S6PP
NP_415287.1,4,PF08282,Hydrolase_3
NP_415287.1,4,PF12710,HAD
NP_415288.1,3,PF01731,Arylesterase
NP_415288.1,3,PF08450,SGL
NP_415288.1,3,PF10282,Lactonase
NP_415289.4,2,PF00126,HTH_1
NP_415289.4,2,PF03466,LysR_substrate
NP_415291.1,2,PF00939,Na_sulph_symp
NP_415291.1,2,PF03600,CitMHS
NP_415292.2,2,PF00330,Aconitase
NP_415292.2,2,PF00694,Aconitase_C
NP_415296.1,2,PF04055,Radical_SAM
NP_415296.1,2,PF06968,BATS
NP_415298.1,6,PF01209,Ubie_methyltran
NP_415298.1,6,PF08241,Methyltransf_11
NP_415298.1,6,PF08242,Methyltransf_12
NP_415298.1,6,PF13489,Methyltransf_23
NP_415298.1,6,PF13649,Methyltransf_25
NP_415298.1,6,PF13847,Methyltransf_31
NP_415299.1,3,PF01656,CbiA
NP_415299.1,3,PF07755,DUF1611
NP_415299.1,3,PF13500,AAA_26
NP_415300.1,7,PF00270,DEAD
NP_415300.1,7,PF00271,Helicase_C
NP_415300.1,7,PF02151,UVR
NP_415300.1,7,PF04851,ResIII
NP_415300.1,7,PF12344,UvrB
NP_415300.1,7,PF17757,UvrB_inter
NP_415300.1,7,PF27431,UvrB_3rd
NP_415302.1,3,PF04055,Radical_SAM
NP_415302.1,3,PF06463,Mob_synth_C
NP_415302.1,3,PF13353,Fer4_12
NP_415310.1,2,PF00614,PLDc
NP_415310.1,2,PF13091,PLDc_2
NP_415313.1,3,PF01061,ABC2_membrane
NP_415313.1,3,PF12679,ABC2_membrane_2
NP_415313.1,3,PF12698,ABC2_membrane_3
NP_415314.1,3,PF01061,ABC2_membrane
NP_415314.1,3,PF12679,ABC2_membrane_2
NP_415314.1,3,PF12698,ABC2_membrane_3
NP_415315.4,4,PF00004,AAA
NP_415315.4,4,PF00005,ABC_tran
NP_415315.4,4,PF13304,AAA_21
NP_415315.4,4,PF13555,AAA_29
NP_415316.1,4,PF25876,HH_MFP_RND
NP_415316.1,4,PF25881,HH_YBHG
NP_415316.1,4,PF25917,BSH_RND
NP_415316.1,4,PF25954,Beta-barrel_RND_2
NP_415317.4,2,PF00440,TetR_N
NP_415317.4,2,PF09209,CecR_C
NP_415318.1,3,PF00270,DEAD
NP_415318.1,3,PF00271,Helicase_C
NP_415318.1,3,PF04851,ResIII
NP_415320.1,4,PF00270,DEAD
NP_415320.1,4,PF04851,ResIII
NP_415320.1,4,PF06733,DEAD_2
NP_415320.1,4,PF13307,Helicase_C_2
NP_415325.4,2,PF13640,2OG-FeII_Oxy_3
NP_415325.4,2,PF18331,PKHD_C
NP_415326.1,2,PF00593,TonB_dep_Rec_b-barrel
NP_415326.1,2,PF07715,Plug
NP_415329.4,4,PF00924,MS_channel_2nd
NP_415329.4,4,PF21082,MS_channel_3rd
NP_415329.4,4,PF21088,MS_channel_1st
NP_415329.4,4,PF25392,MS_channel_TM1
NP_415330.1,3,PF00005,ABC_tran
NP_415330.1,3,PF09818,ABC_ATPase
NP_415330.1,3,PF13304,AAA_21
NP_415332.1,2,PF00497,SBP_bac_3
NP_415332.1,2,PF10613,Lig_chan-Glu_bd
NP_415335.1,2,PF06316,Ail_Lom
NP_415335.1,2,PF13505,OMP_b-brl
NP_415338.1,4,PF01047,MarR
NP_415338.1,4,PF01325,Fe_dep_repress
NP_415338.1,4,PF02742,Fe_dep_repr_C
NP_415338.1,4,PF13412,HTH_24
NP_415339.1,2,PF00939,Na_sulph_symp
NP_415339.1,2,PF03600,CitMHS
NP_415340.1,2,PF03734,YkuD
NP_415340.1,2,PF17969,Ldt_C
NP_415341.1,6,PF00005,ABC_tran
NP_415341.1,6,PF00910,RNA_helicase
NP_415341.1,6,PF01926,MMR_HSR1
NP_415341.1,6,PF12848,ABC_tran_Xtn
NP_415341.1,6,PF13304,AAA_21
NP_415341.1,6,PF13555,AAA_29
NP_415343.1,3,PF00702,Hydrolase
NP_415343.1,3,PF05116,S6PP
NP_415343.1,3,PF08282,Hydrolase_3
NP_415344.1,2,PF01228,Gly_radical
NP_415344.1,2,PF02901,PFL-like
NP_415345.2,2,PF04055,Radical_SAM
NP_415345.2,2,PF13353,Fer4_12
NP_415348.1,3,PF00994,MoCF_biosynth
NP_415348.1,3,PF03453,MoeA_N
NP_415348.1,3,PF03454,MoeA_C
NP_415350.2,8,PF00005,ABC_tran
NP_415350.2,8,PF02463,SMC_N
NP_415350.2,8,PF06414,Zeta_toxin
NP_415350.2,8,PF08352,oligo_HPY
NP_415350.2,8,PF13191,AAA_16
NP_415350.2,8,PF13304,AAA_21
NP_415350.2,8,PF13401,AAA_22
NP_415350.2,8,PF13555,AAA_29
NP_415352.1,2,PF00528,BPD_transp_1
NP_415352.1,2,PF19300,BPD_transp_1_N
NP_415353.1,2,PF00528,BPD_transp_1
NP_415353.1,2,PF12911,OppC_N
NP_415354.1,2,PF00563,EAL
NP_415354.1,2,PF17153,CHASE9
NP_415355.1,2,PF00990,GGDEF
NP_415355.1,2,PF17156,GAPES2
NP_415356.1,3,PF00919,UPF0004
NP_415356.1,3,PF04055,Radical_SAM
NP_415356.1,3,PF18693,TRAM_2
NP_415359.4,5,PF00043,GST_C
NP_415359.4,5,PF02798,GST_N
NP_415359.4,5,PF13409,GST_N_2
NP_415359.4,5,PF13410,GST_C_2
NP_415359.4,5,PF13417,GST_N_3
NP_415360.1,3,PF00768,Peptidase_S11
NP_415360.1,3,PF07943,PBP5_C
NP_415360.1,3,PF13354,Beta-lactamase2
NP_415361.1,2,PF00455,DeoRC
NP_415361.1,2,PF08220,HTH_DeoR
NP_415363.1,2,PF00083,Sugar_tr
NP_415363.1,2,PF07690,MFS_1
NP_415365.4,4,PF00702,Hydrolase
NP_415365.4,4,PF05116,S6PP
NP_415365.4,4,PF08282,Hydrolase_3
NP_415365.4,4,PF12710,HAD
NP_415367.1,2,PF00440,TetR_N
NP_415367.1,2,PF17940,TetR_C_31
NP_415368.1,2,PF02080,TrkA_C
NP_415368.1,2,PF06826,Asp-Al_Ex
NP_415372.1,2,PF00881,Nitroreductase
NP_415372.1,2,PF28600,Nitroreductase_C
NP_415373.1,6,PF02655,ATP-grasp_3
NP_415373.1,6,PF02955,GSH-S_ATP
NP_415373.1,6,PF07478,Dala_Dala_lig_C
NP_415373.1,6,PF08443,RimK
NP_415373.1,6,PF14397,ATPgrasp_ST
NP_415373.1,6,PF18030,Rimk_N
NP_415375.1,4,PF01547,SBP_bac_1
NP_415375.1,4,PF13343,SBP_bac_6
NP_415375.1,4,PF13416,SBP_bac_8
NP_415375.1,4,PF13531,SBP_bac_11
NP_415376.4,3,PF00005,ABC_tran
NP_415376.4,3,PF08402,TOBE_2
NP_415376.4,3,PF13304,AAA_21
NP_415380.1,3,PF05175,MTS
NP_415380.1,3,PF05958,tRNA_U5-meth_tr
NP_415380.1,3,PF13847,Methyltransf_31
NP_415385.1,2,PF00005,ABC_tran
NP_415385.1,2,PF13304,AAA_21
NP_415389.2,7,PF00106,adh_short
NP_415389.2,7,PF01073,3Beta_HSD
NP_415389.2,7,PF01370,Epimerase
NP_415389.2,7,PF04321,RmlD_sub_bind
NP_415389.2,7,PF07993,NAD_binding_4
NP_415389.2,7,PF13460,NAD_binding_10
NP_415389.2,7,PF16363,GDP_Man_Dehyd
NP_415390.4,5,PF01073,3Beta_HSD
NP_415390.4,5,PF01370,Epimerase
NP_415390.4,5,PF05368,NmrA
NP_415390.4,5,PF11066,DUF2867
NP_415390.4,5,PF13460,NAD_binding_10
NP_415391.1,2,PF00155,Aminotran_1_2
NP_415391.1,2,PF01212,Beta_elim_lyase
NP_415392.1,3,PF00205,TPP_enzyme_M
NP_415392.1,3,PF02775,TPP_enzyme_C
NP_415392.1,3,PF02776,TPP_enzyme_N
NP_415393.1,3,PF00111,Fer2
NP_415393.1,3,PF00175,NAD_binding_1
NP_415393.1,3,PF00970,FAD_binding_6
NP_415397.1,4,PF11398,DUF2813
NP_415397.1,4,PF13175,AAA_15
NP_415397.1,4,PF13304,AAA_21
NP_415397.1,4,PF20469,OLD-like_TOPRIM
NP_415399.4,6,PF25876,HH_MFP_RND
NP_415399.4,6,PF25917,BSH_RND
NP_415399.4,6,PF25944,Beta-barrel_RND
NP_415399.4,6,PF25954,Beta-barrel_RND_2
NP_415399.4,6,PF25967,RND-MFP_C
NP_415399.4,6,PF25973,BSH_CzcB
NP_415400.1,3,PF00005,ABC_tran
NP_415400.1,3,PF02687,FtsX
NP_415400.1,3,PF12704,MacB_PCD
NP_415403.1,12,PF00004,AAA
NP_415403.1,12,PF00158,Sigma54_activat
NP_415403.1,12,PF02861,Clp_N
NP_415403.1,12,PF04851,ResIII
NP_415403.1,12,PF05621,TniB
NP_415403.1,12,PF06068,TIP49
NP_415403.1,12,PF07724,AAA_2
NP_415403.1,12,PF07728,AAA_5
NP_415403.1,12,PF10431,ClpB_D2-small
NP_415403.1,12,PF13191,AAA_16
NP_415403.1,12,PF13401,AAA_22
NP_415403.1,12,PF17871,AAA_lid_9
NP_415406.1,3,PF00005,ABC_tran
NP_415406.1,3,PF00664,ABC_membrane
NP_415406.1,3,PF13304,AAA_21
NP_415407.1,3,PF00005,ABC_tran
NP_415407.1,3,PF00664,ABC_membrane
NP_415407.1,3,PF13304,AAA_21
NP_415408.1,5,PF00070,Pyr_redox
NP_415408.1,5,PF00890,FAD_binding_2
NP_415408.1,5,PF01134,GIDA
NP_415408.1,5,PF07992,Pyr_redox_2
NP_415408.1,5,PF13738,Pyr_redox_3
NP_415409.1,3,PF01037,AsnC_trans_reg
NP_415409.1,3,PF13404,HTH_AsnC-type
NP_415409.1,3,PF13412,HTH_24
NP_415410.1,4,PF01580,FtsK_SpoIIIE
NP_415410.1,4,PF09397,FtsK_gamma
NP_415410.1,4,PF13491,FtsK_4TM
NP_415410.1,4,PF17854,FtsK_alpha
NP_415412.1,8,PF00004,AAA
NP_415412.1,8,PF00158,Sigma54_activat
NP_415412.1,8,PF01078,Mg_chelatase
NP_415412.1,8,PF05496,RuvB_N
NP_415412.1,8,PF07728,AAA_5
NP_415412.1,8,PF12002,MgsA_C
NP_415412.1,8,PF13191,AAA_16
NP_415412.1,8,PF16193,AAA_assoc_2
NP_415413.1,2,PF00587,tRNA-synt_2b
NP_415413.1,2,PF02403,Seryl_tRNA_N
NP_415414.4,3,PF00384,Molybdopterin
NP_415414.4,3,PF01568,Molydop_binding
NP_415414.4,3,PF04879,Molybdop_Fe4S4
NP_415415.1,7,PF00037,Fer4
NP_415415.1,7,PF12797,Fer4_2
NP_415415.1,7,PF12837,Fer4_6
NP_415415.1,7,PF12838,Fer4_7
NP_415415.1,7,PF13187,Fer4_9
NP_415415.1,7,PF13237,Fer4_10
NP_415415.1,7,PF13247,Fer4_11
NP_415418.1,3,PF00083,Sugar_tr
NP_415418.1,3,PF06779,MFS_4
NP_415418.1,3,PF07690,MFS_1
NP_415419.2,2,PF00324,AA_permease
NP_415419.2,2,PF13520,AA_permease_2
NP_415420.1,2,PF00126,HTH_1
NP_415420.1,2,PF03466,LysR_substrate
NP_415421.1,2,PF02525,Flavodoxin_2
NP_415421.1,2,PF03358,FMN_red
NP_415422.1,2,PF04055,Radical_SAM
NP_415422.1,2,PF13353,Fer4_12
NP_415423.1,2,PF01228,Gly_radical
NP_415423.1,2,PF02901,PFL-like
NP_415425.4,2,PF02624,YcaO
NP_415425.4,2,PF18381,YcaO_C
NP_415430.1,2,PF02224,Cytidylate_kin
NP_415430.1,2,PF13189,Cytidylate_kin2
NP_415431.1,4,PF00575,S1
NP_415431.1,4,PF17092,PCB_OB
NP_415431.1,4,PF21710,Spt6_S1
NP_415431.1,4,PF23459,S1_RRP5
NP_415432.1,2,PF00216,Bac_DNA_binding
NP_415432.1,2,PF18291,HU-HIG
NP_415433.4,2,PF00753,Lactamase_B
NP_415433.4,2,PF03772,Competence
NP_415434.1,2,PF00005,ABC_tran
NP_415434.1,2,PF00664,ABC_membrane
NP_415438.1,2,PF02348,CTP_transf_3
NP_415438.1,2,PF12804,NTP_transf_3
NP_415441.1,9,PF01209,Ubie_methyltran
NP_415441.1,9,PF05175,MTS
NP_415441.1,9,PF08241,Methyltransf_11
NP_415441.1,9,PF08242,Methyltransf_12
NP_415441.1,9,PF09445,Methyltransf_15
NP_415441.1,9,PF13489,Methyltransf_23
NP_415441.1,9,PF13578,Methyltransf_24
NP_415441.1,9,PF13649,Methyltransf_25
NP_415441.1,9,PF13847,Methyltransf_31
NP_415442.1,3,PF03882,WHD_KicB
NP_415442.1,3,PF17192,MukF_M
NP_415442.1,3,PF17193,MukF_C
NP_415443.2,2,PF04288,MukE
NP_415443.2,2,PF21980,MksE
NP_415444.1,4,PF04310,MukB
NP_415444.1,4,PF13555,AAA_29
NP_415444.1,4,PF13558,SbcC_Walker_B
NP_415444.1,4,PF16330,MukB_hinge
NP_415445.1,3,PF01471,PG_binding_1
NP_415445.1,3,PF03734,YkuD
NP_415445.1,3,PF20142,Scaffold
NP_415446.1,2,PF05951,Peptidase_M15_2
NP_415446.1,2,PF08291,Peptidase_M15_3
NP_415449.1,2,PF00267,Porin_1
NP_415449.1,2,PF13609,Porin_4
NP_415450.1,2,PF00152,tRNA-synt_2
NP_415450.1,2,PF01336,tRNA_anti-codon
NP_415451.1,2,PF04095,NAPRTase
NP_415451.1,2,PF17767,NAPRTase_N
NP_415452.1,4,PF01433,Peptidase_M1
NP_415452.1,4,PF11940,DUF3458
NP_415452.1,4,PF17432,DUF3458_C
NP_415452.1,4,PF17900,Peptidase_M1_N
NP_415456.4,4,PF04069,OpuAC
NP_415456.4,4,PF09084,NMT1
NP_415456.4,4,PF12974,Phosphonate-bd
NP_415456.4,4,PF13379,NMT1_2
NP_415457.1,2,PF02525,Flavodoxin_2
NP_415457.1,2,PF03358,FMN_red
NP_415459.1,2,PF00345,PapD_N
NP_415459.1,2,PF02753,PapD_C
NP_415460.1,3,PF00577,Usher
NP_415460.1,3,PF13953,PapC_C
NP_415460.1,3,PF13954,PapC_N
NP_415464.4,2,PF00345,PapD_N
NP_415464.4,2,PF02753,PapD_C
NP_415466.4,2,PF07126,ZapC_C
NP_415466.4,2,PF21083,ZapC_N
NP_415467.1,3,PF00111,Fer2
NP_415467.1,3,PF03473,MOSC
NP_415467.1,3,PF03476,MOSC_N
NP_415468.1,10,PF01170,UPF0020
NP_415468.1,10,PF02926,THUMP
NP_415468.1,10,PF03602,Cons_hypoth95
NP_415468.1,10,PF05175,MTS
NP_415468.1,10,PF08241,Methyltransf_11
NP_415468.1,10,PF09445,Methyltransf_15
NP_415468.1,10,PF10672,Methyltrans_SAM
NP_415468.1,10,PF13649,Methyltransf_25
NP_415468.1,10,PF13847,Methyltransf_31
NP_415468.1,10,PF22020,RlmL_1st
NP_415469.1,18,PF00004,AAA
NP_415469.1,18,PF00005,ABC_tran
NP_415469.1,18,PF00910,RNA_helicase
NP_415469.1,18,PF01926,MMR_HSR1
NP_415469.1,18,PF02367,TsaE
NP_415469.1,18,PF02463,SMC_N
NP_415469.1,18,PF03193,RsgA_GTPase
NP_415469.1,18,PF10662,PduV-EutP
NP_415469.1,18,PF12848,ABC_tran_Xtn
NP_415469.1,18,PF13175,AAA_15
NP_415469.1,18,PF13238,AAA_18
NP_415469.1,18,PF13304,AAA_21
NP_415469.1,18,PF13401,AAA_22
NP_415469.1,18,PF13476,AAA_23
NP_415469.1,18,PF13521,AAA_28
NP_415469.1,18,PF13555,AAA_29
NP_415469.1,18,PF13604,AAA_30
NP_415469.1,18,PF16326,ABC_tran_CTD
NP_415474.1,2,PF07977,FabA
NP_415474.1,2,PF22818,ApeI-like
NP_415475.1,2,PF05362,Lon_C
NP_415475.1,2,PF13654,AAA_32
NP_415476.1,2,PF06303,MatP
NP_415476.1,2,PF17414,MatP_C
NP_415477.1,3,PF00691,OmpA
NP_415477.1,3,PF01389,OmpA_membrane
NP_415477.1,3,PF13505,OMP_b-brl
NP_415479.1,2,PF04993,TfoX_N
NP_415479.1,2,PF04994,TfoX_C
NP_415480.2,3,PF04632,FUSC
NP_415480.2,3,PF12805,FUSC-like
NP_415480.2,3,PF13515,FUSC_2
NP_415482.1,6,PF00580,UvrD-helicase
NP_415482.1,6,PF12462,Helicase_IV_N
NP_415482.1,6,PF13245,AAA_19
NP_415482.1,6,PF13361,UvrD_C
NP_415482.1,6,PF13538,UvrD_C_2
NP_415482.1,6,PF13604,AAA_30
NP_415485.4,2,PF02629,CoA_binding
NP_415485.4,2,PF13380,CoA_binding_2
NP_415487.4,7,PF03602,Cons_hypoth95
NP_415487.4,7,PF05175,MTS
NP_415487.4,7,PF08241,Methyltransf_11
NP_415487.4,7,PF09445,Methyltransf_15
NP_415487.4,7,PF10672,Methyltrans_SAM
NP_415487.4,7,PF13847,Methyltransf_31
NP_415487.4,7,PF17785,PUA_3
NP_415491.1,2,PF01058,Oxidored_q6
NP_415491.1,2,PF14720,NiFe_hyd_SSU_C
NP_415492.1,2,PF00374,NiFeSe_Hases
NP_415492.1,2,PF27537,HoxH
NP_415501.1,6,PF01656,CbiA
NP_415501.1,6,PF02706,Wzz
NP_415501.1,6,PF13500,AAA_26
NP_415501.1,6,PF13614,AAA_31
NP_415501.1,6,PF13807,GNVR
NP_415501.1,6,PF23607,WZC_N
NP_415503.1,4,PF02563,Poly_export
NP_415503.1,4,PF10531,SLBB
NP_415503.1,4,PF18412,Wza_C
NP_415503.1,4,PF22461,SLBB_2
NP_415505.1,2,PF06251,Caps_syn_GfcC_C
NP_415505.1,2,PF20616,Caps_syn_GfcC_N
NP_415510.1,2,PF00313,CSD
NP_415510.1,2,PF08206,OB_RNB
NP_415512.1,8,PF00037,Fer4
NP_415512.1,8,PF12798,Fer4_3
NP_415512.1,8,PF12801,Fer4_5
NP_415512.1,8,PF12837,Fer4_6
NP_415512.1,8,PF12838,Fer4_7
NP_415512.1,8,PF13183,Fer4_8
NP_415512.1,8,PF13187,Fer4_9
NP_415512.1,8,PF13237,Fer4_10
NP_415513.2,6,PF00072,Response_reg
NP_415513.2,6,PF00512,HisKA
NP_415513.2,6,PF00672,HAMP
NP_415513.2,6,PF01627,Hpt
NP_415513.2,6,PF02518,HATPase_c
NP_415513.2,6,PF21689,TorS_sensor_domain
NP_415514.1,2,PF00532,Peripla_BP_1
NP_415514.1,2,PF13407,Peripla_BP_4
NP_415515.1,2,PF00072,Response_reg
NP_415515.1,2,PF00486,Trans_reg_C
NP_415516.1,4,PF03264,Cytochrom_NNT
NP_415516.1,4,PF09699,Paired_CXXCH_1
NP_415516.1,4,PF14522,Cytochrome_C7
NP_415516.1,4,PF22113,Mtrc-MtrF_II-IV_dom
NP_415517.1,3,PF00384,Molybdopterin
NP_415517.1,3,PF01568,Molydop_binding
NP_415517.1,3,PF18364,Molybdopterin_N
NP_415520.1,2,PF00226,DnaJ
NP_415520.1,2,PF01556,DnaJ_C
NP_415524.1,3,PF00258,Flavodoxin_1
NP_415524.1,3,PF03358,FMN_red
NP_415524.1,3,PF12724,Flavodoxin_5
NP_415529.1,3,PF00561,Abhydrolase_1
NP_415529.1,3,PF12146,Hydrolase_4
NP_415529.1,3,PF12697,Abhydrolase_6
NP_415533.1,2,PF00440,TetR_N
NP_415533.1,2,PF08362,TetR_C_3
NP_415534.1,5,PF00171,Aldedh
NP_415534.1,5,PF01619,Pro_dh
NP_415534.1,5,PF14850,Pro_dh-DNA_bdg
NP_415534.1,5,PF18327,PRODH
NP_415534.1,5,PF21775,PutA_1st
NP_415537.1,2,PF09375,Peptidase_M75
NP_415537.1,2,PF13473,Cupredoxin_1
NP_415538.1,2,PF04261,Dyp_perox_N
NP_415538.1,2,PF20628,Dyp_perox_C
NP_415539.1,3,PF02562,PhoH
NP_415539.1,3,PF13245,AAA_19
NP_415539.1,3,PF13604,AAA_30
NP_415541.1,6,PF00535,Glycos_transf_2
NP_415541.1,6,PF03142,Chitin_synth_2
NP_415541.1,6,PF10111,Glyco_tranf_2_2
NP_415541.1,6,PF13506,Glyco_transf_21
NP_415541.1,6,PF13632,Glyco_trans_2_3
NP_415541.1,6,PF13641,Glyco_tranf_2_3
NP_415542.1,2,PF01522,Polysacc_deac_1
NP_415542.1,2,PF14883,GHL13
NP_415543.1,2,PF07719,TPR_2
NP_415543.1,2,PF21197,PgaA_barrel
NP_415544.1,2,PF00990,GGDEF
NP_415544.1,2,PF17158,MASE4
NP_415545.1,4,PF00665,rve
NP_415545.1,4,PF13276,HTH_21
NP_415545.1,4,PF13333,rve_2
NP_415545.1,4,PF13683,rve_3
NP_415551.2,2,PF02826,2-Hacid_dh_C
NP_415551.2,2,PF03446,NAD_binding_2
NP_415558.1,2,PF00196,GerE
NP_415558.1,2,PF21155,VpsT-like_REC
NP_415564.2,2,PF00614,PLDc
NP_415564.2,2,PF13091,PLDc_2
NP_415567.1,3,PF00535,Glycos_transf_2
NP_415567.1,3,PF13506,Glyco_transf_21
NP_415567.1,3,PF13632,Glyco_trans_2_3
NP_415571.1,3,PF00083,Sugar_tr
NP_415571.1,3,PF07690,MFS_1
NP_415571.1,3,PF12832,MFS_1_like
NP_415573.1,3,PF00581,Rhodanese
NP_415573.1,3,PF12368,Rhodanese_C
NP_415573.1,3,PF17773,UPF0176_N
NP_415577.1,2,PF01266,DAO
NP_415577.1,2,PF01593,Amino_oxidase
NP_415582.1,3,PF04399,Glutaredoxin2_C
NP_415582.1,3,PF13409,GST_N_2
NP_415582.1,3,PF13417,GST_N_3
NP_415584.1,3,PF00583,Acetyltransf_1
NP_415584.1,3,PF13302,Acetyltransf_3
NP_415584.1,3,PF13420,Acetyltransf_4
NP_415586.1,2,PF01408,GFO_IDH_MocA
NP_415586.1,2,PF21378,YceM-like_C
NP_415590.1,2,PF08666,SAF
NP_415590.1,2,PF13144,ChapFlgA
NP_415592.1,2,PF00460,Flg_bb_rod
NP_415592.1,2,PF06429,Flg_bbr_C
NP_415593.1,3,PF03963,FlgD
NP_415593.1,3,PF13860,FlgD_ig
NP_415593.1,3,PF13861,FLgD_tudor
NP_415594.1,4,PF00460,Flg_bb_rod
NP_415594.1,4,PF06429,Flg_bbr_C
NP_415594.1,4,PF07559,FlgE_D2
NP_415594.1,4,PF22692,LlgE_F_G_D1
NP_415595.1,3,PF00460,Flg_bb_rod
NP_415595.1,3,PF06429,Flg_bbr_C
NP_415595.1,3,PF22692,LlgE_F_G_D1
NP_415596.1,3,PF00460,Flg_bb_rod
NP_415596.1,3,PF06429,Flg_bbr_C
NP_415596.1,3,PF22692,LlgE_F_G_D1
NP_415599.1,2,PF01832,Glucosaminidase
NP_415599.1,2,PF10135,Rod-binding
NP_415600.1,4,PF00460,Flg_bb_rod
NP_415600.1,4,PF06429,Flg_bbr_C
NP_415600.1,4,PF21158,flgK_1st_1
NP_415600.1,4,PF22638,FlgK_D1
NP_415602.1,4,PF00575,S1
NP_415602.1,4,PF10150,RNase_E_G
NP_415602.1,4,PF12111,PNPase_C
NP_415602.1,4,PF20833,RNase_E_G_Thio
NP_415604.1,2,PF00849,PseudoU_synth_2
NP_415604.1,2,PF01479,S4
NP_415609.1,2,PF08541,ACP_syn_III_C
NP_415609.1,2,PF08545,ACP_syn_III
NP_415611.1,4,PF00106,adh_short
NP_415611.1,4,PF01370,Epimerase
NP_415611.1,4,PF08659,KR
NP_415611.1,4,PF13561,adh_short_C2
NP_415613.1,2,PF00109,ketoacyl-synt
NP_415613.1,2,PF02801,Ketoacyl-synt_C
NP_415617.1,3,PF09115,DNApol3-delta_C
NP_415617.1,3,PF13177,DNA_pol3_delta2
NP_415617.1,3,PF21500,HolB_lid
NP_415619.1,2,PF00367,PTS_EIIB
NP_415619.1,2,PF02378,PTS_EIIC
NP_415620.1,2,PF00593,TonB_dep_Rec_b-barrel
NP_415620.1,2,PF07715,Plug
NP_415621.3,2,PF01230,HIT
NP_415621.3,2,PF11969,DcpS_C
NP_415627.1,5,PF00070,Pyr_redox
NP_415627.1,5,PF01266,DAO
NP_415627.1,5,PF05834,Lycopene_cycl
NP_415627.1,5,PF07992,Pyr_redox_2
NP_415627.1,5,PF13454,NAD_binding_9
NP_415629.4,2,PF00440,TetR_N
NP_415629.4,2,PF16925,TetR_C_13
NP_415631.1,3,PF01476,LysM
NP_415631.1,3,PF03734,YkuD
NP_415631.1,3,PF17969,Ldt_C
NP_415632.1,9,PF00270,DEAD
NP_415632.1,9,PF00271,Helicase_C
NP_415632.1,9,PF02559,CarD_TRCF_RID
NP_415632.1,9,PF03461,TRCF
NP_415632.1,9,PF04851,ResIII
NP_415632.1,9,PF14814,UB2H
NP_415632.1,9,PF17757,UvrB_inter
NP_415632.1,9,PF21132,MFD_D3
NP_415632.1,9,PF22590,Cas3-like_C_2
NP_415634.1,2,PF02687,FtsX
NP_415634.1,2,PF12704,MacB_PCD
NP_415635.4,2,PF00005,ABC_tran
NP_415635.4,2,PF13304,AAA_21
NP_415636.1,2,PF02687,FtsX
NP_415636.1,2,PF12704,MacB_PCD
NP_415637.1,2,PF00480,ROK
NP_415637.1,2,PF02685,Glucokinase
NP_415641.1,5,PF01547,SBP_bac_1
NP_415641.1,5,PF02030,Lipoprotein_8
NP_415641.1,5,PF13343,SBP_bac_6
NP_415641.1,5,PF13416,SBP_bac_8
NP_415641.1,5,PF13531,SBP_bac_11
NP_415644.1,3,PF00005,ABC_tran
NP_415644.1,3,PF05621,TniB
NP_415644.1,3,PF08402,TOBE_2
NP_415645.1,3,PF01546,Peptidase_M20
NP_415645.1,3,PF05343,Peptidase_M42
NP_415645.1,3,PF07687,M20_dimer
NP_415646.4,2,PF08007,JmjC_2
NP_415646.4,2,PF20514,WHD_ROXA
NP_415647.1,3,PF02518,HATPase_c
NP_415647.1,3,PF08918,PhoQ_Sensor
NP_415647.1,3,PF26769,HAMP_PhoQ
NP_415648.1,2,PF00072,Response_reg
NP_415648.1,2,PF00486,Trans_reg_C
NP_415649.1,2,PF00206,Lyase_1
NP_415649.1,2,PF08328,ASL_C
NP_415651.4,5,PF02540,NAD_synthase
NP_415651.4,5,PF02568,ThiI
NP_415651.4,5,PF03054,tRNA_Me_trans
NP_415651.4,5,PF20258,tRNA_Me_trans_C
NP_415651.4,5,PF20259,tRNA_Me_trans_M
NP_415655.1,3,PF03848,TehB
NP_415655.1,3,PF08241,Methyltransf_11
NP_415655.1,3,PF08242,Methyltransf_12
NP_415658.1,2,PF00589,Phage_integrase
NP_415658.1,2,PF09003,Arm-DNA-bind_1
NP_415674.1,2,PF02413,Caudo_TAP
NP_415674.1,2,PF28596,Caudo_TAP_N
NP_415676.1,2,PF00239,Resolvase
NP_415676.1,2,PF02796,HTH_7
NP_415680.1,4,PF00376,MerR
NP_415680.1,4,PF13411,MerR_1
NP_415680.1,4,PF22267,MlrA_C
NP_415680.1,4,PF22270,MlrA_helical
NP_415681.1,2,PF00563,EAL
NP_415681.1,2,PF04940,BLUF
NP_415686.2,2,PF00563,EAL
NP_415686.2,2,PF12792,CSS-motif
NP_415690.5,3,PF13436,Gly-zipper_OmpA
NP_415690.5,3,PF13441,Gly-zipper_YMGG
NP_415690.5,3,PF13488,Gly-zipper_Omp
NP_415693.1,5,PF01656,CbiA
NP_415693.1,5,PF02374,ArsA_ATPase
NP_415693.1,5,PF09140,MipZ
NP_415693.1,5,PF10609,ParA
NP_415693.1,5,PF13614,AAA_31
NP_415694.1,2,PF03775,MinC_C
NP_415694.1,2,PF05209,MinC_N
NP_415702.1,4,PF00817,IMS
NP_415702.1,4,PF11798,IMS_HHH
NP_415702.1,4,PF11799,IMS_C
NP_415702.1,4,PF13438,DUF4113
NP_415704.1,2,PF03600,CitMHS
NP_415704.1,2,PF06450,NhaB
NP_415705.1,3,PF00392,GntR
NP_415705.1,3,PF07729,FCD
NP_415705.1,3,PF07840,FadR_C
NP_415706.1,2,PF04293,SpoVR
NP_415706.1,2,PF24755,SpoVR_C
NP_415707.1,7,PF00070,Pyr_redox
NP_415707.1,7,PF00890,FAD_binding_2
NP_415707.1,7,PF01266,DAO
NP_415707.1,7,PF01593,Amino_oxidase
NP_415707.1,7,PF02558,ApbA
NP_415707.1,7,PF07992,Pyr_redox_2
NP_415707.1,7,PF13450,NAD_binding_8
NP_415708.1,2,PF00842,Ala_racemase_C
NP_415708.1,2,PF01168,Ala_racemase_N
NP_415709.2,3,PF00999,Na_H_Exchanger
NP_415709.2,3,PF02080,TrkA_C
NP_415709.2,3,PF03471,CorC_HlyC
NP_415710.1,2,PF02016,Peptidase_S66
NP_415710.1,2,PF17676,Peptidase_S66C
NP_415712.1,2,PF07238,PilZ
NP_415712.1,2,PF07317,PilZN
NP_415715.1,3,PF01204,Trehalase
NP_415715.1,3,PF06202,GDE_C
NP_415715.1,3,PF22422,MGH1-like_GH
NP_415716.4,4,PF00381,PTS-HPr
NP_415716.4,4,PF00391,PEP-utilizers
NP_415716.4,4,PF03610,EIIA-man
NP_415716.4,4,PF05524,PEP-utilisers_N
NP_415719.2,7,PF00158,Sigma54_activat
NP_415719.2,7,PF00989,PAS
NP_415719.2,7,PF01590,GAF
NP_415719.2,7,PF02954,HTH_8
NP_415719.2,7,PF08448,PAS_4
NP_415719.2,7,PF14532,Sigma54_activ_2
NP_415719.2,7,PF25601,AAA_lid_14
NP_415720.1,2,PF03212,Pertactin
NP_415720.1,2,PF03797,Autotransporter
NP_415721.1,3,PF01926,MMR_HSR1
NP_415721.1,3,PF02421,FeoB_N
NP_415721.1,3,PF06071,YchF-GTPase_C
NP_415724.2,2,PF00916,Sulfate_transp
NP_415724.2,2,PF01740,STAS
NP_415725.1,3,PF00156,Pribosyltran
NP_415725.1,3,PF13793,Pribosyltran_N
NP_415725.1,3,PF14572,Pribosyl_synth
NP_415726.1,2,PF00288,GHMP_kinases_N
NP_415726.1,2,PF08544,GHMP_kinases_C
NP_415728.1,3,PF00745,GlutR_dimer
NP_415728.1,3,PF01488,Shikimate_DH
NP_415728.1,3,PF05201,GlutR_N
NP_415729.1,2,PF00472,RF-1
NP_415729.1,2,PF03462,PCRF
NP_415730.1,11,PF01135,PCMT
NP_415730.1,11,PF01170,UPF0020
NP_415730.1,11,PF02390,Methyltransf_4
NP_415730.1,11,PF03602,Cons_hypoth95
NP_415730.1,11,PF05175,MTS
NP_415730.1,11,PF06325,PrmA
NP_415730.1,11,PF08241,Methyltransf_11
NP_415730.1,11,PF10294,Methyltransf_16
NP_415730.1,11,PF13649,Methyltransf_25
NP_415730.1,11,PF13847,Methyltransf_31
NP_415730.1,11,PF17827,PrmC_N
NP_415732.1,2,PF13369,Transglut_core2
NP_415732.1,2,PF13371,TPR_9
NP_415739.1,5,PF00072,Response_reg
NP_415739.1,5,PF00196,GerE
NP_415739.1,5,PF04545,Sigma70_r4
NP_415739.1,5,PF08281,Sigma70_r4_2
NP_415739.1,5,PF13412,HTH_24
NP_415740.1,4,PF00672,HAMP
NP_415740.1,4,PF02518,HATPase_c
NP_415740.1,4,PF07730,HisKA_3
NP_415740.1,4,PF13675,PilJ
NP_415742.1,4,PF00384,Molybdopterin
NP_415742.1,4,PF01568,Molydop_binding
NP_415742.1,4,PF14710,Nitr_red_alph_N
NP_415742.1,4,PF28599,NarG_dom_V
NP_415743.1,5,PF12837,Fer4_6
NP_415743.1,5,PF12838,Fer4_7
NP_415743.1,5,PF13237,Fer4_10
NP_415743.1,5,PF13247,Fer4_11
NP_415743.1,5,PF14711,Nitr_red_bet_C
NP_415748.1,2,PF00551,Formyl_trans_N
NP_415748.1,2,PF01842,ACT
NP_415749.1,2,PF02810,SEC-C
NP_415749.1,2,PF17775,YchJ_M-like
NP_415753.1,2,PF00816,Histone_HNS
NP_415753.1,2,PF22470,Histone_HNS_N
NP_415757.1,4,PF00171,Aldedh
NP_415757.1,4,PF00465,Fe-ADH
NP_415757.1,4,PF13685,Fe-ADH_2
NP_415757.1,4,PF25137,ADH_Fe_C
NP_415760.1,2,PF00528,BPD_transp_1
NP_415760.1,2,PF19300,BPD_transp_1_N
NP_415761.1,2,PF00528,BPD_transp_1
NP_415761.1,2,PF12911,OppC_N
NP_415763.1,2,PF00005,ABC_tran
NP_415763.1,2,PF08352,oligo_HPY
NP_415765.1,3,PF00614,PLDc
NP_415765.1,3,PF13091,PLDc_2
NP_415765.1,3,PF13396,PLDc_N
NP_415766.1,2,PF02254,TrkA_N
NP_415766.1,2,PF07885,Ion_trans_2
NP_415768.1,2,PF03544,TonB_C
NP_415768.1,2,PF16031,TonB_N
NP_415772.1,2,PF03922,OmpW
NP_415772.1,2,PF13505,OMP_b-brl
NP_415778.3,2,PF00218,IGPS
NP_415778.3,2,PF00697,PRAI
NP_415779.1,4,PF00117,GATase
NP_415779.1,4,PF00591,Glycos_transf_3
NP_415779.1,4,PF02885,Glycos_trans_3N
NP_415779.1,4,PF07722,Peptidase_C26
NP_415780.1,2,PF00425,Chorismate_bind
NP_415780.1,2,PF04715,Anth_synt_I_N
NP_415784.1,2,PF09972,DUF2207
NP_415784.1,2,PF20990,DUF2207_C
NP_415785.1,2,PF00849,PseudoU_synth_2
NP_415785.1,2,PF01479,S4
NP_415786.1,2,PF02572,CobA_CobO_BtuR
NP_415786.1,2,PF12557,Co_AT_N
NP_415787.1,6,PF00106,adh_short
NP_415787.1,6,PF01370,Epimerase
NP_415787.1,6,PF02719,Polysacc_synt_2
NP_415787.1,6,PF08659,KR
NP_415787.1,6,PF13561,adh_short_C2
NP_415787.1,6,PF23441,SDR
NP_415788.1,2,PF01343,Peptidase_S49
NP_415788.1,2,PF08496,Peptidase_S49_N
NP_415790.1,5,PF01131,Topoisom_bac
NP_415790.1,5,PF01396,Zn_ribbon_Top1
NP_415790.1,5,PF01751,Toprim
NP_415790.1,5,PF08272,Zn_Ribbon_Topo
NP_415790.1,5,PF21372,Zn_ribbon_bTOP1
NP_415791.1,2,PF00126,HTH_1
NP_415791.1,2,PF03466,LysR_substrate
NP_415792.1,2,PF00330,Aconitase
NP_415792.1,2,PF00694,Aconitase_C
NP_415796.1,11,PF00515,TPR_1
NP_415796.1,11,PF07719,TPR_2
NP_415796.1,11,PF13174,TPR_6
NP_415796.1,11,PF13176,TPR_7
NP_415796.1,11,PF13181,TPR_8
NP_415796.1,11,PF13424,TPR_12
NP_415796.1,11,PF13428,TPR_14
NP_415796.1,11,PF13432,TPR_16
NP_415796.1,11,PF14559,TPR_19
NP_415796.1,11,PF18073,Zn_ribbon_LapB
NP_415796.1,11,PF25064,ARM_TT21_5th
NP_415799.1,2,PF05433,Rick_17kDa_Anti
NP_415799.1,2,PF13441,Gly-zipper_YMGG
NP_415800.1,4,PF00455,DeoRC
NP_415800.1,4,PF08220,HTH_DeoR
NP_415800.1,4,PF08279,HTH_11
NP_415800.1,4,PF08280,HTH_Mga
NP_415801.1,4,PF00563,EAL
NP_415801.1,4,PF00989,PAS
NP_415801.1,4,PF00990,GGDEF
NP_415801.1,4,PF13426,PAS_9
NP_415802.1,4,PF00575,S1
NP_415802.1,4,PF00773,RNB
NP_415802.1,4,PF08206,OB_RNB
NP_415802.1,4,PF17876,CSD2
NP_415804.1,3,PF00106,adh_short
NP_415804.1,3,PF13561,adh_short_C2
NP_415804.1,3,PF23441,SDR
NP_415807.1,3,PF00005,ABC_tran
NP_415807.1,3,PF08352,oligo_HPY
NP_415807.1,3,PF13304,AAA_21
NP_415808.1,2,PF00528,BPD_transp_1
NP_415808.1,2,PF12911,OppC_N
NP_415812.4,2,PF00324,AA_permease
NP_415812.4,2,PF13520,AA_permease_2
NP_415814.4,2,PF00117,GATase
NP_415814.4,2,PF07722,Peptidase_C26
NP_415815.1,5,PF01381,HTH_3
NP_415815.1,5,PF02311,AraC_binding
NP_415815.1,5,PF07883,Cupin_2
NP_415815.1,5,PF13443,HTH_26
NP_415815.1,5,PF13560,HTH_31
NP_415817.1,6,PF00890,FAD_binding_2
NP_415817.1,6,PF01266,DAO
NP_415817.1,6,PF01494,FAD_binding_3
NP_415817.1,6,PF01593,Amino_oxidase
NP_415817.1,6,PF01946,Thi4
NP_415817.1,6,PF13450,NAD_binding_8
NP_415818.1,2,PF00155,Aminotran_1_2
NP_415818.1,2,PF00202,Aminotran_3
NP_415819.4,6,PF00158,Sigma54_activat
NP_415819.4,6,PF01078,Mg_chelatase
NP_415819.4,6,PF02954,HTH_8
NP_415819.4,6,PF07728,AAA_5
NP_415819.4,6,PF14532,Sigma54_activ_2
NP_415819.4,6,PF25601,AAA_lid_14
NP_415826.1,2,PF01547,SBP_bac_1
NP_415826.1,2,PF13416,SBP_bac_8
NP_415831.1,4,PF01408,GFO_IDH_MocA
NP_415831.1,4,PF02894,GFO_IDH_MocA_C
NP_415831.1,4,PF03447,NAD_binding_3
NP_415831.1,4,PF22725,GFO_IDH_MocA_C3
NP_415832.1,3,PF03632,Glyco_hydro_65m
NP_415832.1,3,PF03633,Glyco_hydro_65C
NP_415832.1,3,PF03636,Glyco_hydro_65N
NP_415833.1,2,PF00702,Hydrolase
NP_415833.1,2,PF13419,HAD_2
NP_415835.1,3,PF04338,DUF481
NP_415835.1,3,PF09381,Porin_OmpG
NP_415835.1,3,PF13505,OMP_b-brl
NP_415836.1,4,PF00356,LacI
NP_415836.1,4,PF00532,Peripla_BP_1
NP_415836.1,4,PF13377,Peripla_BP_3
NP_415836.1,4,PF13407,Peripla_BP_4
NP_415839.1,6,PF00004,AAA
NP_415839.1,6,PF00158,Sigma54_activat
NP_415839.1,6,PF13188,PAS_8
NP_415839.1,6,PF14532,Sigma54_activ_2
NP_415839.1,6,PF18024,HTH_50
NP_415839.1,6,PF25601,AAA_lid_14
NP_415840.1,2,PF00578,AhpC-TSA
NP_415840.1,2,PF08534,Redoxin
NP_415841.4,2,PF02746,MR_MLE_N
NP_415841.4,2,PF13378,MR_MLE_C
NP_415843.2,6,PF00326,Peptidase_S9
NP_415843.2,6,PF00561,Abhydrolase_1
NP_415843.2,6,PF01738,DLH
NP_415843.2,6,PF02129,Peptidase_S15
NP_415843.2,6,PF12146,Hydrolase_4
NP_415843.2,6,PF12740,PETase
NP_415844.1,2,PF00126,HTH_1
NP_415844.1,2,PF03466,LysR_substrate
NP_415846.1,4,PF00924,MS_channel_2nd
NP_415846.1,4,PF21082,MS_channel_3rd
NP_415846.1,4,PF21088,MS_channel_1st
NP_415846.1,4,PF24956,Msl2-3_C
NP_415847.2,2,PF01609,DDE_Tnp_1
NP_415847.2,2,PF05598,DUF772
NP_415850.1,3,PF00027,cNMP_binding
NP_415850.1,3,PF00325,Crp
NP_415850.1,3,PF13545,HTH_Crp_2
NP_415851.1,2,PF01035,DNA_binding_1
NP_415851.1,2,PF02870,Methyltransf_1N
NP_415853.1,2,PF01546,Peptidase_M20
NP_415853.1,2,PF07687,M20_dimer
NP_415854.4,2,PF01546,Peptidase_M20
NP_415854.4,2,PF07687,M20_dimer
NP_415855.1,2,PF00126,HTH_1
NP_415855.1,2,PF03466,LysR_substrate
NP_415857.2,4,PF00990,GGDEF
NP_415857.2,4,PF08448,PAS_4
NP_415857.2,4,PF13188,PAS_8
NP_415857.2,4,PF13426,PAS_9
NP_415859.1,4,PF00270,DEAD
NP_415859.1,4,PF00271,Helicase_C
NP_415859.1,4,PF03880,DbpA
NP_415859.1,4,PF04851,ResIII
NP_415861.1,2,PF00589,Phage_integrase
NP_415861.1,2,PF12167,Arm-DNA-bind_2
NP_415866.1,2,PF06630,Exonuc_VIII
NP_415866.1,2,PF12684,DUF3799
NP_415875.1,3,PF01381,HTH_3
NP_415875.1,3,PF14549,P22_Cro
NP_415875.1,3,PF15943,YdaS_toxin
NP_415878.1,2,PF00308,Bac_DnaA
NP_415878.1,2,PF01695,IstB_IS21
NP_415888.1,2,PF01609,DDE_Tnp_1
NP_415888.1,2,PF05598,DUF772
NP_415890.2,4,PF03335,Phage_fiber
NP_415890.2,4,PF07484,Collar
NP_415890.2,4,PF08400,phage_tail_N
NP_415890.2,4,PF21446,Gp34_trimer
NP_415891.1,2,PF02413,Caudo_TAP
NP_415891.1,2,PF28596,Caudo_TAP_N
NP_415892.1,2,PF00239,Resolvase
NP_415892.1,2,PF02796,HTH_7
NP_415895.1,2,PF00267,Porin_1
NP_415895.1,2,PF13609,Porin_4
NP_415896.1,14,PF00037,Fer4
NP_415896.1,14,PF01558,POR
NP_415896.1,14,PF01855,POR_N
NP_415896.1,14,PF10371,EKR
NP_415896.1,14,PF12797,Fer4_2
NP_415896.1,14,PF12837,Fer4_6
NP_415896.1,14,PF12838,Fer4_7
NP_415896.1,14,PF13183,Fer4_8
NP_415896.1,14,PF13187,Fer4_9
NP_415896.1,14,PF13237,Fer4_10
NP_415896.1,14,PF13484,Fer4_16
NP_415896.1,14,PF13534,Fer4_17
NP_415896.1,14,PF14697,Fer4_21
NP_415896.1,14,PF17147,PFOR_II
NP_415898.1,3,PF00389,2-Hacid_dh
NP_415898.1,3,PF02826,2-Hacid_dh_C
NP_415898.1,3,PF03446,NAD_binding_2
NP_415902.1,3,PF00165,HTH_AraC
NP_415902.1,3,PF12833,HTH_18
NP_415902.1,3,PF14525,AraC_binding_2
NP_415904.3,4,PF01179,Cu_amine_oxid
NP_415904.3,4,PF02727,Cu_amine_oxidN2
NP_415904.3,4,PF02728,Cu_amine_oxidN3
NP_415904.3,4,PF07833,Cu_amine_oxidN1
NP_415905.1,2,PF00171,Aldedh
NP_415905.1,2,PF01575,MaoC_dehydratas
NP_415909.4,2,PF01883,FeS_assembly_P
NP_415909.4,2,PF23451,Zn_ribbon_PaaD
NP_415910.1,3,PF00111,Fer2
NP_415910.1,3,PF00175,NAD_binding_1
NP_415910.1,3,PF00970,FAD_binding_6
NP_415911.1,2,PF00378,ECH_1
NP_415911.1,2,PF16113,ECH_2
NP_415912.1,2,PF00378,ECH_1
NP_415912.1,2,PF16113,ECH_2
NP_415913.1,4,PF00725,3HCDH
NP_415913.1,4,PF02737,3HCDH_N
NP_415913.1,4,PF03446,NAD_binding_2
NP_415913.1,4,PF18321,3HCDH_RFF
NP_415914.1,2,PF03061,4HBT
NP_415914.1,2,PF13622,4HBT_3
NP_415915.1,3,PF00108,Thiolase_N
NP_415915.1,3,PF00109,ketoacyl-synt
NP_415915.1,3,PF02803,Thiolase_C
NP_415916.1,2,PF00501,AMP-binding
NP_415916.1,2,PF14535,AMP-binding_C_2
NP_415917.1,3,PF07848,PaaX
NP_415917.1,3,PF08223,PaaX_C
NP_415917.1,3,PF20803,PaaX_M
NP_415918.1,2,PF00132,Hexapep
NP_415918.1,2,PF25087,GMPPB_C
NP_415920.1,3,PF00665,rve
NP_415920.1,3,PF13276,HTH_21
NP_415920.1,3,PF13683,rve_3
NP_415922.1,3,PF00665,rve
NP_415922.1,3,PF13384,HTH_23
NP_415922.1,3,PF13936,HTH_38
NP_415928.1,4,PF00561,Abhydrolase_1
NP_415928.1,4,PF12146,Hydrolase_4
NP_415928.1,4,PF12147,Methyltransf_20
NP_415928.1,4,PF12697,Abhydrolase_6
NP_415929.1,2,PF00102,Y_phosphatase
NP_415929.1,2,PF00782,DSPc
NP_415930.1,2,PF02525,Flavodoxin_2
NP_415930.1,2,PF03358,FMN_red
NP_415931.4,6,PF00270,DEAD
NP_415931.4,6,PF00271,Helicase_C
NP_415931.4,6,PF04408,WHD_HA2
NP_415931.4,6,PF07717,OB_NTP_bind
NP_415931.4,6,PF11898,DUF3418
NP_415931.4,6,PF21010,HA2_C
NP_415938.1,3,PF00015,MCPsignal
NP_415938.1,3,PF00672,HAMP
NP_415938.1,3,PF02203,TarH
NP_415939.2,2,PF00126,HTH_1
NP_415939.2,2,PF03466,LysR_substrate
NP_415944.1,3,PF00583,Acetyltransf_1
NP_415944.1,3,PF13302,Acetyltransf_3
NP_415944.1,3,PF13420,Acetyltransf_4
NP_415945.1,2,PF18836,B_solenoid_ydck
NP_415945.1,2,PF24894,Hexapep_GlmU
NP_415947.1,7,PF03848,TehB
NP_415947.1,7,PF05175,MTS
NP_415947.1,7,PF08241,Methyltransf_11
NP_415947.1,7,PF08242,Methyltransf_12
NP_415947.1,7,PF13489,Methyltransf_23
NP_415947.1,7,PF13649,Methyltransf_25
NP_415947.1,7,PF13847,Methyltransf_31
NP_415949.3,3,PF01385,OrfB_IS605
NP_415949.3,3,PF07282,Cas12f1-like_TNB
NP_415949.3,3,PF12323,HTH_OrfB_IS605
NP_415951.1,5,PF01381,HTH_3
NP_415951.1,5,PF07883,Cupin_2
NP_415951.1,5,PF13413,HTH_25
NP_415951.1,5,PF13443,HTH_26
NP_415951.1,5,PF13560,HTH_31
NP_415952.2,2,PF01136,Peptidase_U32
NP_415952.2,2,PF12392,DUF3656
NP_415955.2,3,PF01381,HTH_3
NP_415955.2,3,PF15919,HicB_lk_antitox
NP_415955.2,3,PF15970,HicB-like_2
NP_415956.1,2,PF00155,Aminotran_1_2
NP_415956.1,2,PF00392,GntR
NP_415957.1,3,PF01547,SBP_bac_1
NP_415957.1,3,PF13343,SBP_bac_6
NP_415957.1,3,PF13416,SBP_bac_8
NP_415958.1,2,PF00005,ABC_tran
NP_415958.1,2,PF08402,TOBE_2
NP_415965.1,7,PF00583,Acetyltransf_1
NP_415965.1,7,PF08445,FR47
NP_415965.1,7,PF12746,GNAT_acetyltran
NP_415965.1,7,PF13302,Acetyltransf_3
NP_415965.1,7,PF13420,Acetyltransf_4
NP_415965.1,7,PF13508,Acetyltransf_7
NP_415965.1,7,PF13673,Acetyltransf_10
NP_415966.6,3,PF00107,ADH_zinc_N
NP_415966.6,3,PF13602,ADH_zinc_N_2
NP_415966.6,3,PF16884,ADH_N_2
NP_415967.2,2,PF00392,GntR
NP_415967.2,2,PF07729,FCD
NP_415968.1,3,PF00593,TonB_dep_Rec_b-barrel
NP_415968.1,3,PF07715,Plug
NP_415968.1,3,PF14905,OMP_b-brl_3
NP_415969.1,4,PF08450,SGL
NP_415969.1,4,PF13360,PQQ_2
NP_415969.1,4,PF16819,DUF5074
NP_415969.1,4,PF21783,YNCE
NP_415970.4,2,PF00324,AA_permease
NP_415970.4,2,PF13520,AA_permease_2
NP_415971.1,3,PF02798,GST_N
NP_415971.1,3,PF13409,GST_N_2
NP_415971.1,3,PF13417,GST_N_3
NP_415977.1,2,PF01609,DDE_Tnp_1
NP_415977.1,2,PF13808,DDE_Tnp_1_assoc
NP_415984.1,5,PF12837,Fer4_6
NP_415984.1,5,PF12838,Fer4_7
NP_415984.1,5,PF13237,Fer4_10
NP_415984.1,5,PF13247,Fer4_11
NP_415984.1,5,PF14711,Nitr_red_bet_C
NP_415985.1,4,PF00384,Molybdopterin
NP_415985.1,4,PF01568,Molydop_binding
NP_415985.1,4,PF14710,Nitr_red_alph_N
NP_415985.1,4,PF28599,NarG_dom_V
NP_415991.1,3,PF00384,Molybdopterin
NP_415991.1,3,PF01568,Molydop_binding
NP_415991.1,3,PF04879,Molybdop_Fe4S4
NP_415992.1,11,PF00037,Fer4
NP_415992.1,11,PF09163,Form-deh_trans
NP_415992.1,11,PF12797,Fer4_2
NP_415992.1,11,PF12800,Fer4_4
NP_415992.1,11,PF12837,Fer4_6
NP_415992.1,11,PF12838,Fer4_7
NP_415992.1,11,PF13187,Fer4_9
NP_415992.1,11,PF13237,Fer4_10
NP_415992.1,11,PF13247,Fer4_11
NP_415992.1,11,PF13534,Fer4_17
NP_415992.1,11,PF14697,Fer4_21
NP_415995.4,3,PF00107,ADH_zinc_N
NP_415995.4,3,PF08240,ADH_N
NP_415995.4,3,PF13602,ADH_zinc_N_2
NP_415996.2,2,PF00390,malic
NP_415996.2,2,PF03949,Malic_M
NP_416000.1,4,PF00005,ABC_tran
NP_416000.1,4,PF08352,oligo_HPY
NP_416000.1,4,PF13304,AAA_21
NP_416000.1,4,PF13401,AAA_22
NP_416001.1,2,PF00005,ABC_tran
NP_416001.1,2,PF08352,oligo_HPY
NP_416002.1,2,PF00528,BPD_transp_1
NP_416002.1,2,PF12911,OppC_N
NP_416003.1,2,PF00528,BPD_transp_1
NP_416003.1,2,PF19300,BPD_transp_1_N
NP_416005.1,2,PF01427,Peptidase_M15
NP_416005.1,2,PF02557,VanY
NP_416006.4,7,PF00563,EAL
NP_416006.4,7,PF00989,PAS
NP_416006.4,7,PF00990,GGDEF
NP_416006.4,7,PF08447,PAS_3
NP_416006.4,7,PF08448,PAS_4
NP_416006.4,7,PF13188,PAS_8
NP_416006.4,7,PF13426,PAS_9
NP_416007.3,3,PF00990,GGDEF
NP_416007.3,3,PF11563,Protoglobin
NP_416007.3,3,PF21118,DosC_2nd
NP_416009.1,2,PF00324,AA_permease
NP_416009.1,2,PF13520,AA_permease_2
NP_416011.1,2,PF00675,Peptidase_M16
NP_416011.1,2,PF05193,Peptidase_M16_C
NP_416013.1,3,PF00005,ABC_tran
NP_416013.1,3,PF05992,SbmA_BacA
NP_416013.1,3,PF06472,ABC_membrane_2
NP_416014.4,4,PF04055,Radical_SAM
NP_416014.4,4,PF12345,DUF3641
NP_416014.4,4,PF13186,SPASM
NP_416014.4,4,PF13353,Fer4_12
NP_416015.2,3,PF00884,Sulfatase
NP_416015.2,3,PF01663,Phosphodiest
NP_416015.2,3,PF16347,SGSH_C
NP_416016.1,2,PF00165,HTH_AraC
NP_416016.1,2,PF12833,HTH_18
NP_416024.1,2,PF07804,HipA_C
NP_416024.1,2,PF13657,Couple_hipA
NP_416025.1,4,PF01381,HTH_3
NP_416025.1,4,PF12844,HTH_19
NP_416025.1,4,PF13443,HTH_26
NP_416025.1,4,PF17762,HTH_ParB
NP_416028.3,2,PF00370,FGGY_N
NP_416028.3,2,PF02782,FGGY_C
NP_416030.1,2,PF00005,ABC_tran
NP_416030.1,2,PF13304,AAA_21
NP_416036.1,7,PF01728,FtsJ
NP_416036.1,7,PF05175,MTS
NP_416036.1,7,PF08241,Methyltransf_11
NP_416036.1,7,PF08242,Methyltransf_12
NP_416036.1,7,PF13489,Methyltransf_23
NP_416036.1,7,PF13649,Methyltransf_25
NP_416036.1,7,PF13847,Methyltransf_31
NP_416043.1,2,PF00126,HTH_1
NP_416043.1,2,PF03466,LysR_substrate
NP_416047.4,2,PF01047,MarR
NP_416047.4,2,PF12802,MarR_2
NP_416048.2,2,PF00165,HTH_AraC
NP_416048.2,2,PF12833,HTH_18
NP_416052.1,2,PF00990,GGDEF
NP_416052.1,2,PF13682,CZB
NP_416057.1,4,PF00106,adh_short
NP_416057.1,4,PF01370,Epimerase
NP_416057.1,4,PF08659,KR
NP_416057.1,4,PF13561,adh_short_C2
NP_416058.1,2,PF00392,GntR
NP_416058.1,2,PF07729,FCD
NP_416060.1,2,PF01232,Mannitol_dh
NP_416060.1,2,PF08125,Mannitol_dh_C
NP_416063.1,3,PF00239,Resolvase
NP_416063.1,3,PF02796,HTH_7
NP_416063.1,3,PF13518,HTH_28
NP_416064.1,2,PF02413,Caudo_TAP
NP_416064.1,2,PF28596,Caudo_TAP_N
NP_416065.1,2,PF03335,Phage_fiber
NP_416065.1,2,PF07484,Collar
NP_416077.4,3,PF00684,DnaJ_CXXCXGXG
NP_416077.4,3,PF03589,Antiterm
NP_416077.4,3,PF27659,CHP02642
NP_416088.1,2,PF01381,HTH_3
NP_416088.1,2,PF07022,Phage_CI_repr
NP_416097.1,2,PF00107,ADH_zinc_N
NP_416097.1,2,PF08240,ADH_N
NP_416098.1,2,PF02746,MR_MLE_N
NP_416098.1,2,PF13378,MR_MLE_C
NP_416101.1,7,PF00583,Acetyltransf_1
NP_416101.1,7,PF08445,FR47
NP_416101.1,7,PF13302,Acetyltransf_3
NP_416101.1,7,PF13420,Acetyltransf_4
NP_416101.1,7,PF13508,Acetyltransf_7
NP_416101.1,7,PF13523,Acetyltransf_8
NP_416101.1,7,PF13673,Acetyltransf_10
NP_416104.1,3,PF00384,Molybdopterin
NP_416104.1,3,PF01568,Molydop_binding
NP_416104.1,3,PF04879,Molybdop_Fe4S4
NP_416105.4,3,PF00384,Molybdopterin
NP_416105.4,3,PF01568,Molydop_binding
NP_416105.4,3,PF04879,Molybdop_Fe4S4
NP_416106.1,8,PF00037,Fer4
NP_416106.1,8,PF12797,Fer4_2
NP_416106.1,8,PF12800,Fer4_4
NP_416106.1,8,PF12837,Fer4_6
NP_416106.1,8,PF12838,Fer4_7
NP_416106.1,8,PF13187,Fer4_9
NP_416106.1,8,PF13237,Fer4_10
NP_416106.1,8,PF13247,Fer4_11
NP_416110.4,2,PF01656,CbiA
NP_416110.4,2,PF13500,AAA_26
NP_416112.1,2,PF00126,HTH_1
NP_416112.1,2,PF03466,LysR_substrate
NP_416113.1,2,PF00083,Sugar_tr
NP_416113.1,2,PF07690,MFS_1
NP_416115.1,2,PF00089,Trypsin
NP_416115.1,2,PF13365,Trypsin_2
NP_416120.1,3,PF01262,AlaDh_PNT_C
NP_416120.1,3,PF05222,AlaDh_PNT_N
NP_416120.1,3,PF12769,PNTB_4TM
NP_416122.1,2,PF00324,AA_permease
NP_416122.1,2,PF13520,AA_permease_2
NP_416123.1,2,PF00106,adh_short
NP_416123.1,2,PF13561,adh_short_C2
NP_416125.2,2,PF00072,Response_reg
NP_416125.2,2,PF00486,Trans_reg_C
NP_416126.1,3,PF00512,HisKA
NP_416126.1,3,PF00672,HAMP
NP_416126.1,3,PF02518,HATPase_c
NP_416128.1,2,PF00206,Lyase_1
NP_416128.1,2,PF10415,FumaraseC_C
NP_416129.1,2,PF05681,Fumerase
NP_416129.1,2,PF05683,Fumerase_C
NP_416130.3,4,PF01238,PMI_typeI_C
NP_416130.3,4,PF20511,PMI_typeI_cat
NP_416130.3,4,PF20512,PMI_typeI_hel
NP_416130.3,4,PF21621,MPI_cupin_dom
NP_416133.1,2,PF07690,MFS_1
NP_416133.1,2,PF13347,MFS_2
NP_416134.1,4,PF00703,Glyco_hydro_2
NP_416134.1,4,PF02836,Glyco_hydro_2_C
NP_416134.1,4,PF02837,Glyco_hydro_2_N
NP_416134.1,4,PF22666,Glyco_hydro_2_N2
NP_416136.1,4,PF00106,adh_short
NP_416136.1,4,PF02737,3HCDH_N
NP_416136.1,4,PF08659,KR
NP_416136.1,4,PF13561,adh_short_C2
NP_416137.1,4,PF00356,LacI
NP_416137.1,4,PF00532,Peripla_BP_1
NP_416137.1,4,PF13377,Peripla_BP_3
NP_416137.1,4,PF13407,Peripla_BP_4
NP_416138.1,2,PF00367,PTS_EIIB
NP_416138.1,2,PF02378,PTS_EIIC
NP_416141.4,3,PF01408,GFO_IDH_MocA
NP_416141.4,3,PF02894,GFO_IDH_MocA_C
NP_416141.4,3,PF22725,GFO_IDH_MocA_C3
NP_416145.1,9,PF00037,Fer4
NP_416145.1,9,PF04060,FeS
NP_416145.1,9,PF12797,Fer4_2
NP_416145.1,9,PF12837,Fer4_6
NP_416145.1,9,PF12838,Fer4_7
NP_416145.1,9,PF13187,Fer4_9
NP_416145.1,9,PF13237,Fer4_10
NP_416145.1,9,PF13484,Fer4_16
NP_416145.1,9,PF14697,Fer4_21
NP_416146.1,11,PF00037,Fer4
NP_416146.1,11,PF01512,Complex1_51K
NP_416146.1,11,PF10531,SLBB
NP_416146.1,11,PF12797,Fer4_2
NP_416146.1,11,PF12837,Fer4_6
NP_416146.1,11,PF12838,Fer4_7
NP_416146.1,11,PF13183,Fer4_8
NP_416146.1,11,PF13187,Fer4_9
NP_416146.1,11,PF13237,Fer4_10
NP_416146.1,11,PF13375,RnfC_N
NP_416146.1,11,PF13534,Fer4_17
NP_416150.1,3,PF00633,HHH
NP_416150.1,3,PF00730,HhH-GPD
NP_416150.1,3,PF10576,EndIII_4Fe-2S
NP_416151.1,2,PF00854,PTR2
NP_416151.1,2,PF07690,MFS_1
NP_416152.1,6,PF00043,GST_C
NP_416152.1,6,PF02798,GST_N
NP_416152.1,6,PF13409,GST_N_2
NP_416152.1,6,PF13410,GST_C_2
NP_416152.1,6,PF13417,GST_N_3
NP_416152.1,6,PF14497,GST_C_3
NP_416153.1,2,PF00294,PfkB
NP_416153.1,2,PF08543,Phos_pyr_kin
NP_416154.1,3,PF00579,tRNA-synt_1b
NP_416154.1,3,PF01479,S4
NP_416154.1,3,PF22421,SYY_C-terminal
NP_416155.1,2,PF01243,PNPOx_N
NP_416155.1,2,PF10590,PNP_phzG_C
NP_416159.2,3,PF01047,MarR
NP_416159.2,3,PF12802,MarR_2
NP_416159.2,3,PF13463,HTH_27
NP_416161.4,5,PF00364,Biotin_lipoyl
NP_416161.4,5,PF25876,HH_MFP_RND
NP_416161.4,5,PF25878,HH_AAEA_pHBA
NP_416161.4,5,PF25917,BSH_RND
NP_416161.4,5,PF25963,Beta-barrel_AAEA
NP_416162.1,2,PF04632,FUSC
NP_416162.1,2,PF13515,FUSC_2
NP_416166.3,2,PF00440,TetR_N
NP_416166.3,2,PF16925,TetR_C_13
NP_416168.1,4,PF00903,Glyoxalase
NP_416168.1,4,PF13669,Glyoxalase_4
NP_416168.1,4,PF18029,Glyoxalase_6
NP_416168.1,4,PF21701,GLOD4_C
NP_416170.1,8,PF00270,DEAD
NP_416170.1,8,PF00271,Helicase_C
NP_416170.1,8,PF04851,ResIII
NP_416170.1,8,PF08494,DEAD_assoc
NP_416170.1,8,PF19306,WHD_Lhr
NP_416170.1,8,PF23234,WHD_4th_Lhr
NP_416170.1,8,PF23235,WHD_3rd_Lhr
NP_416170.1,8,PF23236,WHD_2nd_Lhr
NP_416173.1,2,PF00081,Sod_Fe_N
NP_416173.1,2,PF02777,Sod_Fe_C
NP_416174.1,3,PF00083,Sugar_tr
NP_416174.1,3,PF06779,MFS_4
NP_416174.1,3,PF07690,MFS_1
NP_416175.1,4,PF00356,LacI
NP_416175.1,4,PF00532,Peripla_BP_1
NP_416175.1,4,PF13377,Peripla_BP_3
NP_416175.1,4,PF13407,Peripla_BP_4
NP_416176.1,2,PF00126,HTH_1
NP_416176.1,2,PF03466,LysR_substrate
NP_416178.1,9,PF01135,PCMT
NP_416178.1,9,PF01728,FtsJ
NP_416178.1,9,PF02353,CMAS
NP_416178.1,9,PF05175,MTS
NP_416178.1,9,PF08241,Methyltransf_11
NP_416178.1,9,PF08242,Methyltransf_12
NP_416178.1,9,PF13489,Methyltransf_23
NP_416178.1,9,PF13649,Methyltransf_25
NP_416178.1,9,PF13847,Methyltransf_31
NP_416181.1,2,PF03212,Pertactin
NP_416181.1,2,PF16168,AIDA
NP_416186.4,7,PF00037,Fer4
NP_416186.4,7,PF12797,Fer4_2
NP_416186.4,7,PF12837,Fer4_6
NP_416186.4,7,PF12838,Fer4_7
NP_416186.4,7,PF13187,Fer4_9
NP_416186.4,7,PF13237,Fer4_10
NP_416186.4,7,PF13247,Fer4_11
NP_416188.1,2,PF01314,AFOR_C
NP_416188.1,2,PF02730,AFOR_N
NP_416189.1,13,PF00037,Fer4
NP_416189.1,13,PF12797,Fer4_2
NP_416189.1,13,PF12798,Fer4_3
NP_416189.1,13,PF12800,Fer4_4
NP_416189.1,13,PF12837,Fer4_6
NP_416189.1,13,PF12838,Fer4_7
NP_416189.1,13,PF13183,Fer4_8
NP_416189.1,13,PF13187,Fer4_9
NP_416189.1,13,PF13237,Fer4_10
NP_416189.1,13,PF13247,Fer4_11
NP_416189.1,13,PF13534,Fer4_17
NP_416189.1,13,PF14697,Fer4_21
NP_416189.1,13,PF25160,LdpA_Fe-S-bd
NP_416191.1,2,PF00224,PK
NP_416191.1,2,PF02887,PK_C
NP_416193.1,3,PF01476,LysM
NP_416193.1,3,PF03734,YkuD
NP_416193.1,3,PF17969,Ldt_C
NP_416198.2,2,PF01458,SUFBD_core
NP_416198.2,2,PF19295,SufBD_N
NP_416202.1,3,PF01565,FAD_binding_4
NP_416202.1,3,PF02913,FAD-oxidase_C
NP_416202.1,3,PF13183,Fer4_8
NP_416207.1,2,PF08501,Shikimate_dh_N
NP_416207.1,2,PF18317,SDH_C
NP_416210.4,4,PF00441,Acyl-CoA_dh_1
NP_416210.4,4,PF02770,Acyl-CoA_dh_M
NP_416210.4,4,PF02771,Acyl-CoA_dh_N
NP_416210.4,4,PF08028,Acyl-CoA_dh_2
NP_416211.1,4,PF00165,HTH_AraC
NP_416211.1,4,PF02311,AraC_binding
NP_416211.1,4,PF07883,Cupin_2
NP_416211.1,4,PF12833,HTH_18
NP_416213.1,2,PF00766,ETF_alpha
NP_416213.1,2,PF01012,ETF
NP_416214.1,9,PF00070,Pyr_redox
NP_416214.1,9,PF00890,FAD_binding_2
NP_416214.1,9,PF01266,DAO
NP_416214.1,9,PF01494,FAD_binding_3
NP_416214.1,9,PF07992,Pyr_redox_2
NP_416214.1,9,PF12831,FAD_oxidored
NP_416214.1,9,PF13450,NAD_binding_8
NP_416214.1,9,PF21162,ETFQO_UQ-bd
NP_416214.1,9,PF26311,ETF-QO_FixC_C
NP_416216.5,2,PF00501,AMP-binding
NP_416216.5,2,PF13193,AMP-binding_C
NP_416217.1,3,PF00391,PEP-utilizers
NP_416217.1,3,PF01326,PPDK_N
NP_416217.1,3,PF02896,PEP-utilizers_C
NP_416224.1,2,PF00005,ABC_tran
NP_416224.1,2,PF13304,AAA_21
NP_416226.1,2,PF00950,ABC-3
NP_416226.1,2,PF01032,FecCD
NP_416227.1,2,PF00216,Bac_DNA_binding
NP_416227.1,2,PF18291,HU-HIG
NP_416228.1,5,PF01588,tRNA_bind
NP_416228.1,5,PF03147,FDX-ACB
NP_416228.1,5,PF03483,B3_4
NP_416228.1,5,PF03484,B5
NP_416228.1,5,PF17759,tRNA_synthFbeta
NP_416229.1,2,PF01409,tRNA-synt_2d
NP_416229.1,2,PF02912,Phe_tRNA-synt_N
NP_416233.1,2,PF00707,IF3_C
NP_416233.1,2,PF05198,IF3_N
NP_416234.1,4,PF00587,tRNA-synt_2b
NP_416234.1,4,PF02824,TGS
NP_416234.1,4,PF03129,HGTP_anticodon
NP_416234.1,4,PF07973,tRNA_SAD
NP_416237.3,2,PF00294,PfkB
NP_416237.3,2,PF08543,Phos_pyr_kin
NP_416239.1,2,PF01636,APH
NP_416239.1,2,PF03881,Fructosamin_kin
NP_416241.1,2,PF00702,Hydrolase
NP_416241.1,2,PF13419,HAD_2
NP_416248.1,2,PF02056,Glyco_hydro_4
NP_416248.1,2,PF11975,Glyco_hydro_4C
NP_416249.1,4,PF00165,HTH_AraC
NP_416249.1,4,PF02311,AraC_binding
NP_416249.1,4,PF07883,Cupin_2
NP_416249.1,4,PF12833,HTH_18
NP_416255.1,2,PF27096,UvrC_M
NP_416255.1,2,PF27115,Cho_C
NP_416257.1,3,PF07813,LTXXQ
NP_416257.1,3,PF13801,Metal_resist
NP_416257.1,3,PF16231,DUF4890
NP_416258.1,2,PF04952,AstE_AspA_hybrid
NP_416258.1,2,PF24827,AstE_AspA_cat
NP_416262.1,2,PF00155,Aminotran_1_2
NP_416262.1,2,PF00202,Aminotran_3
NP_416268.2,2,PF01547,SBP_bac_1
NP_416268.2,2,PF13416,SBP_bac_8
NP_416273.1,2,PF00293,NUDIX
NP_416273.1,2,PF14815,NUDIX_4
NP_416275.1,2,PF00208,ELFV_dehydrog
NP_416275.1,2,PF02812,ELFV_dehydrog_N
NP_416277.1,2,PF01131,Topoisom_bac
NP_416277.1,2,PF01751,Toprim
NP_416278.1,2,PF00586,AIRS
NP_416278.1,2,PF02769,AIRS_C
NP_416280.1,2,PF00574,CLP_protease
NP_416280.1,2,PF01343,Peptidase_S49
NP_416281.1,2,PF00710,Asparaginase
NP_416281.1,2,PF17763,Asparaginase_C
NP_416283.1,2,PF00083,Sugar_tr
NP_416283.1,2,PF07690,MFS_1
NP_416284.1,3,PF00455,DeoRC
NP_416284.1,3,PF08220,HTH_DeoR
NP_416284.1,3,PF08279,HTH_11
NP_416288.1,4,PF00107,ADH_zinc_N
NP_416288.1,4,PF01262,AlaDh_PNT_C
NP_416288.1,4,PF08240,ADH_N
NP_416288.1,4,PF16912,Glu_dehyd_C
NP_416289.1,2,PF00083,Sugar_tr
NP_416289.1,2,PF07690,MFS_1
NP_416290.1,4,PF00107,ADH_zinc_N
NP_416290.1,4,PF08240,ADH_N
NP_416290.1,4,PF13602,ADH_zinc_N_2
NP_416290.1,4,PF16912,Glu_dehyd_C
NP_416293.1,2,PF00044,Gp_dh_N
NP_416293.1,2,PF02800,Gp_dh_C
NP_416297.1,2,PF06798,PrkA
NP_416297.1,2,PF08298,AAA_PrkA
NP_416299.1,2,PF00990,GGDEF
NP_416299.1,2,PF17158,MASE4
NP_416300.2,2,PF00990,GGDEF
NP_416300.2,2,PF17155,GAPES1
NP_416304.1,3,PF00165,HTH_AraC
NP_416304.1,3,PF02311,AraC_binding
NP_416304.1,3,PF12833,HTH_18
NP_416306.2,3,PF04343,DUF488
NP_416306.2,3,PF22751,DUF488-N3a
NP_416306.2,3,PF22752,DUF488-N3i
NP_416308.4,3,PF00990,GGDEF
NP_416308.4,3,PF01590,GAF
NP_416308.4,3,PF13185,GAF_2
NP_416313.4,2,PF00126,HTH_1
NP_416313.4,2,PF03466,LysR_substrate
NP_416316.1,2,PF00355,Rieske
NP_416316.1,2,PF00848,Ring_hydroxyl_A
NP_416317.1,4,PF00111,Fer2
NP_416317.1,4,PF00175,NAD_binding_1
NP_416317.1,4,PF08030,NAD_binding_6
NP_416317.1,4,PF22290,DmmA-like_N
NP_416318.1,3,PF00570,HRDC
NP_416318.1,3,PF01612,DNA_pol_A_exo1
NP_416318.1,3,PF21293,RNAseD_HRDC_C
NP_416319.1,2,PF00501,AMP-binding
NP_416319.1,2,PF13193,AMP-binding_C
NP_416322.1,4,PF00270,DEAD
NP_416322.1,4,PF04851,ResIII
NP_416322.1,4,PF06733,DEAD_2
NP_416322.1,4,PF13307,Helicase_C_2
NP_416326.1,2,PF00425,Chorismate_bind
NP_416326.1,2,PF04715,Anth_synt_I_N
NP_416328.1,2,PF03313,SDH_alpha
NP_416328.1,2,PF03315,SDH_beta
NP_416329.4,2,PF00563,EAL
NP_416329.4,2,PF12792,CSS-motif
NP_416330.1,3,PF00571,CBS
NP_416330.1,3,PF03471,CorC_HlyC
NP_416330.1,3,PF03741,TerC
NP_416331.1,2,PF03610,EIIA-man
NP_416331.1,2,PF03830,PTSIIB_sorb
NP_416336.1,9,PF01209,Ubie_methyltran
NP_416336.1,9,PF02390,Methyltransf_4
NP_416336.1,9,PF05175,MTS
NP_416336.1,9,PF08241,Methyltransf_11
NP_416336.1,9,PF08242,Methyltransf_12
NP_416336.1,9,PF13489,Methyltransf_23
NP_416336.1,9,PF13649,Methyltransf_25
NP_416336.1,9,PF13847,Methyltransf_31
NP_416336.1,9,PF21302,Zn_ribbon_RlmA
NP_416341.1,2,PF01614,IclR_C
NP_416341.1,2,PF09339,HTH_IclR
NP_416342.4,2,PF00083,Sugar_tr
NP_416342.4,2,PF07690,MFS_1
NP_416344.1,4,PF00595,PDZ
NP_416344.1,4,PF03572,Peptidase_S41
NP_416344.1,4,PF11818,DUF3340
NP_416344.1,4,PF17804,TSP_NTD
NP_416346.4,2,PF01590,GAF
NP_416346.4,2,PF13185,GAF_2
NP_416349.2,5,PF01189,Methyltr_RsmB-F
NP_416349.2,5,PF13636,Methyltranf_PUA
NP_416349.2,5,PF17125,Methyltr_RsmF_N
NP_416349.2,5,PF21150,YebU_pre-PUA_dom
NP_416349.2,5,PF22458,RsmF-B_ferredox
NP_416355.1,2,PF04234,CopC
NP_416355.1,2,PF13205,Big_5
NP_416358.1,2,PF00929,RNase_T
NP_416358.1,2,PF20600,ExoX-like_C
NP_416359.1,2,PF00326,Peptidase_S9
NP_416359.1,2,PF02897,Peptidase_S9_N
NP_416363.1,6,PF02222,ATP-grasp
NP_416363.1,6,PF02655,ATP-grasp_3
NP_416363.1,6,PF02786,CPSase_L_D2
NP_416363.1,6,PF07478,Dala_Dala_lig_C
NP_416363.1,6,PF21244,PurT_C
NP_416363.1,6,PF22660,RS_preATP-grasp-like
NP_416365.1,2,PF00920,ILVD_EDD_N
NP_416365.1,2,PF24877,ILV_EDD_C
NP_416366.1,2,PF00479,G6PD_N
NP_416366.1,2,PF02781,G6PD_C
NP_416367.1,3,PF01380,SIS
NP_416367.1,3,PF01418,HTH_6
NP_416367.1,3,PF13580,SIS_2
NP_416368.1,2,PF00224,PK
NP_416368.1,2,PF02887,PK_C
NP_416370.2,6,PF01476,LysM
NP_416370.2,6,PF01551,Peptidase_M23
NP_416370.2,6,PF04225,LysM_OapA
NP_416370.2,6,PF08525,OapA_N
NP_416370.2,6,PF19425,Csd3_N2
NP_416370.2,6,PF22310,NMB0315_dom_I
NP_416372.1,2,PF00005,ABC_tran
NP_416372.1,2,PF13304,AAA_21
NP_416373.1,2,PF00950,ABC-3
NP_416373.1,2,PF01032,FecCD
NP_416374.1,6,PF00004,AAA
NP_416374.1,6,PF01078,Mg_chelatase
NP_416374.1,6,PF05491,WHD_RuvB
NP_416374.1,6,PF05496,RuvB_N
NP_416374.1,6,PF07728,AAA_5
NP_416374.1,6,PF17864,AAA_lid_4
NP_416375.1,4,PF00633,HHH
NP_416375.1,4,PF01330,RuvA_N
NP_416375.1,4,PF07499,RuvA_C
NP_416375.1,4,PF14520,HHH_5
NP_416378.1,2,PF01709,Transcrip_reg
NP_416378.1,2,PF20772,TACO1_YebC_N
NP_416380.1,3,PF00152,tRNA-synt_2
NP_416380.1,3,PF01336,tRNA_anti-codon
NP_416380.1,3,PF02938,GAD
NP_416384.1,6,PF00891,Methyltransf_2
NP_416384.1,6,PF01209,Ubie_methyltran
NP_416384.1,6,PF08241,Methyltransf_11
NP_416384.1,6,PF08242,Methyltransf_12
NP_416384.1,6,PF13649,Methyltransf_25
NP_416384.1,6,PF13847,Methyltransf_31
NP_416385.1,5,PF08003,Methyltransf_9
NP_416385.1,5,PF08241,Methyltransf_11
NP_416385.1,5,PF13489,Methyltransf_23
NP_416385.1,5,PF13649,Methyltransf_25
NP_416385.1,5,PF13847,Methyltransf_31
NP_416386.4,3,PF00384,Molybdopterin
NP_416386.4,3,PF01568,Molydop_binding
NP_416386.4,3,PF18364,Molybdopterin_N
NP_416387.1,5,PF03264,Cytochrom_NNT
NP_416387.1,5,PF09699,Paired_CXXCH_1
NP_416387.1,5,PF14522,Cytochrome_C7
NP_416387.1,5,PF14537,Cytochrom_c3_2
NP_416387.1,5,PF22113,Mtrc-MtrF_II-IV_dom
NP_416390.1,3,PF00750,tRNA-synt_1d
NP_416390.1,3,PF03485,Arg_tRNA_synt_N
NP_416390.1,3,PF05746,DALR_1
NP_416397.1,2,PF00072,Response_reg
NP_416397.1,2,PF01339,CheB_methylest
NP_416398.1,2,PF01739,CheR
NP_416398.1,2,PF03705,CheR_N
NP_416399.1,3,PF00015,MCPsignal
NP_416399.1,3,PF00672,HAMP
NP_416399.1,3,PF02203,TarH
NP_416400.1,3,PF00015,MCPsignal
NP_416400.1,3,PF00672,HAMP
NP_416400.1,3,PF02203,TarH
NP_416402.2,4,PF01584,CheW
NP_416402.2,4,PF02518,HATPase_c
NP_416402.2,4,PF02895,H-kinase_dim
NP_416402.2,4,PF09078,CheY-binding
NP_416403.1,2,PF00691,OmpA
NP_416403.1,2,PF13677,MotB_plug
NP_416404.1,2,PF01618,MotA_ExbB
NP_416404.1,2,PF20560,MotA_N
NP_416408.1,2,PF03811,Zn_ribbon_InsA
NP_416408.1,2,PF12759,HTH_Tnp_IS1
NP_416411.1,2,PF02358,Trehalose_PPase
NP_416411.1,2,PF08282,Hydrolase_3
NP_416413.1,2,PF00005,ABC_tran
NP_416413.1,2,PF13304,AAA_21
NP_416414.1,2,PF00532,Peripla_BP_1
NP_416414.1,2,PF13407,Peripla_BP_4
NP_416420.1,2,PF01490,Aa_trans
NP_416420.1,2,PF03222,Trp_Tyr_perm
NP_416421.1,2,PF02810,SEC-C
NP_416421.1,2,PF03695,UPF0149
NP_416423.4,7,PF00633,HHH
NP_416423.4,7,PF01541,GIY-YIG
NP_416423.4,7,PF02151,UVR
NP_416423.4,7,PF08459,UvrC_RNaseH_dom
NP_416423.4,7,PF14520,HHH_5
NP_416423.4,7,PF22920,UvrC_RNaseH
NP_416423.4,7,PF27096,UvrC_M
NP_416424.1,3,PF00072,Response_reg
NP_416424.1,3,PF00196,GerE
NP_416424.1,3,PF08281,Sigma70_r4_2
NP_416426.1,2,PF00196,GerE
NP_416426.1,2,PF03472,Autoind_bind
NP_416427.1,4,PF00005,ABC_tran
NP_416427.1,4,PF09818,ABC_ATPase
NP_416427.1,4,PF13304,AAA_21
NP_416427.1,4,PF13401,AAA_22
NP_416430.1,2,PF00497,SBP_bac_3
NP_416430.1,2,PF10613,Lig_chan-Glu_bd
NP_416432.3,4,PF04539,Sigma70_r3
NP_416432.3,4,PF04542,Sigma70_r2
NP_416432.3,4,PF04545,Sigma70_r4
NP_416432.3,4,PF08281,Sigma70_r4_2
NP_416433.1,4,PF00669,Flagellin_N
NP_416433.1,4,PF00700,Flagellin_C
NP_416433.1,4,PF08884,Flagellin_D3
NP_416433.1,4,PF21504,FLIC_barrel
NP_416434.1,2,PF02465,FliD_N
NP_416434.1,2,PF07195,FliD_C
NP_416437.1,2,PF00128,Alpha-amylase
NP_416437.1,2,PF02324,Glyco_hydro_70
NP_416442.1,2,PF00583,Acetyltransf_1
NP_416442.1,2,PF13508,Acetyltransf_7
NP_416448.1,2,PF01514,YscJ_FliF
NP_416448.1,2,PF08345,YscJ_FliF_C
NP_416449.1,4,PF01706,FliG_C
NP_416449.1,4,PF03448,MgtE_N
NP_416449.1,4,PF14841,FliG_M
NP_416449.1,4,PF14842,FliG_N
NP_416451.1,2,PF00006,ATP-synt_ab
NP_416451.1,2,PF18269,T3SS_ATPase_C
NP_416455.1,2,PF01052,FliMN_C
NP_416455.1,2,PF02154,FliM
NP_416456.1,2,PF01052,FliMN_C
NP_416456.1,2,PF16973,FliN_N
NP_416464.1,2,PF05116,S6PP
NP_416464.1,2,PF08282,Hydrolase_3
NP_416465.2,2,PF00990,GGDEF
NP_416465.2,2,PF17151,CHASE7
NP_416470.1,2,PF00145,DNA_methylase
NP_416470.1,2,PF18284,DNA_meth_N
NP_416477.1,2,PF00512,HisKA
NP_416477.1,2,PF02518,HATPase_c
NP_416478.2,2,PF00072,Response_reg
NP_416478.2,2,PF00486,Trans_reg_C
NP_416485.5,10,PF00630,Filamin
NP_416485.5,10,PF00801,PKD
NP_416485.5,10,PF02369,Big_1
NP_416485.5,10,PF09134,Invasin_D3
NP_416485.5,10,PF11924,IAT_beta
NP_416485.5,10,PF13620,CarboxypepD_reg
NP_416485.5,10,PF16640,Big_3_5
NP_416485.5,10,PF17789,MG4
NP_416485.5,10,PF21764,Invasin_D4
NP_416485.5,10,PF26198,Ig_SMCHD1_6th
NP_416488.1,2,PF00083,Sugar_tr
NP_416488.1,2,PF07690,MFS_1
NP_416489.1,2,PF01048,PNP_UDP_1
NP_416489.1,2,PF10423,AMNp_N
NP_416490.1,2,PF01709,Transcrip_reg
NP_416490.1,2,PF20772,TACO1_YebC_N
NP_416492.1,2,PF00126,HTH_1
NP_416492.1,2,PF03466,LysR_substrate
NP_416493.1,2,PF00126,HTH_1
NP_416493.1,2,PF03466,LysR_substrate
NP_416494.1,2,PF03734,YkuD
NP_416494.1,2,PF17969,Ldt_C
NP_416498.2,2,PF01609,DDE_Tnp_1
NP_416498.2,2,PF05598,DUF772
NP_416500.1,3,PF00665,rve
NP_416500.1,3,PF13276,HTH_21
NP_416500.1,3,PF13683,rve_3
NP_416512.1,2,PF04632,FUSC
NP_416512.1,2,PF13515,FUSC_2
NP_416513.1,2,PF06445,GyrI-like
NP_416513.1,2,PF14526,Cass2
NP_416514.4,3,PF00768,Peptidase_S11
NP_416514.4,3,PF07943,PBP5_C
NP_416514.4,3,PF13354,Beta-lactamase2
NP_416515.1,3,PF00929,RNase_T
NP_416515.1,3,PF08411,ExoI_SH3
NP_416515.1,3,PF26016,ExoI_C
NP_416518.2,2,PF00324,AA_permease
NP_416518.2,2,PF13520,AA_permease_2
NP_416519.4,2,PF00126,HTH_1
NP_416519.4,2,PF03466,LysR_substrate
NP_416523.1,2,PF01634,HisG
NP_416523.1,2,PF08029,HisG_C
NP_416526.4,4,PF00475,IGPD
NP_416526.4,4,PF08645,PNK3P
NP_416526.4,4,PF13242,Hydrolase_like
NP_416526.4,4,PF13419,HAD_2
NP_416527.1,3,PF00117,GATase
NP_416527.1,3,PF01174,SNO
NP_416527.1,3,PF07722,Peptidase_C26
NP_416528.2,2,PF00977,His_biosynth
NP_416528.2,2,PF01207,Dus
NP_416529.1,2,PF00977,His_biosynth
NP_416529.1,2,PF01207,Dus
NP_416530.1,2,PF01502,PRA-CH
NP_416530.1,2,PF01503,PRA-PH
NP_416532.1,3,PF00984,UDPG_MGDP_dh
NP_416532.1,3,PF03720,UDPG_MGDP_dh_C
NP_416532.1,3,PF03721,UDPG_MGDP_dh_N
NP_416533.1,2,PF00393,6PGD
NP_416533.1,2,PF03446,NAD_binding_2
NP_416535.2,2,PF01609,DDE_Tnp_1
NP_416535.2,2,PF05598,DUF772
NP_416536.1,2,PF00534,Glycos_transf_1
NP_416536.1,2,PF13692,Glyco_trans_1_4
NP_416537.1,2,PF00132,Hexapep
NP_416537.1,2,PF14602,Hexapep_2
NP_416538.1,2,PF26334,Gtf3_N
NP_416538.1,2,PF26337,Gtf3_C
NP_416540.1,4,PF00070,Pyr_redox
NP_416540.1,4,PF01593,Amino_oxidase
NP_416540.1,4,PF03275,GLF
NP_416540.1,4,PF13450,NAD_binding_8
NP_416541.1,2,PF01943,Polysacc_synt
NP_416541.1,2,PF13440,Polysacc_synt_3
NP_416543.1,2,PF00483,NTP_transferase
NP_416543.1,2,PF12804,NTP_transf_3
NP_416544.1,5,PF01370,Epimerase
NP_416544.1,5,PF02719,Polysacc_synt_2
NP_416544.1,5,PF04321,RmlD_sub_bind
NP_416544.1,5,PF07993,NAD_binding_4
NP_416544.1,5,PF16363,GDP_Man_Dehyd
NP_416545.1,6,PF01073,3Beta_HSD
NP_416545.1,6,PF01370,Epimerase
NP_416545.1,6,PF02719,Polysacc_synt_2
NP_416545.1,6,PF04321,RmlD_sub_bind
NP_416545.1,6,PF07993,NAD_binding_4
NP_416545.1,6,PF16363,GDP_Man_Dehyd
NP_416548.1,6,PF00534,Glycos_transf_1
NP_416548.1,6,PF13439,Glyco_transf_4
NP_416548.1,6,PF13524,Glyco_trans_1_2
NP_416548.1,6,PF13579,Glyco_trans_4_4
NP_416548.1,6,PF13692,Glyco_trans_1_4
NP_416548.1,6,PF20706,GT4-conflict
NP_416550.1,2,PF01943,Polysacc_synt
NP_416550.1,2,PF13440,Polysacc_synt_3
NP_416551.1,2,PF02397,Bac_transf
NP_416551.1,2,PF13727,CoA_binding_3
NP_416552.1,4,PF00408,PGM_PMM_IV
NP_416552.1,4,PF02878,PGM_PMM_I
NP_416552.1,4,PF02879,PGM_PMM_II
NP_416552.1,4,PF02880,PGM_PMM_III
NP_416553.1,5,PF00483,NTP_transferase
NP_416553.1,5,PF01050,MannoseP_isomer
NP_416553.1,5,PF07883,Cupin_2
NP_416553.1,5,PF12804,NTP_transf_3
NP_416553.1,5,PF22640,ManC_GMP_beta-helix
NP_416554.1,4,PF00534,Glycos_transf_1
NP_416554.1,4,PF13439,Glyco_transf_4
NP_416554.1,4,PF13579,Glyco_trans_4_4
NP_416554.1,4,PF13692,Glyco_trans_1_4
NP_416556.1,3,PF01370,Epimerase
NP_416556.1,3,PF04321,RmlD_sub_bind
NP_416556.1,3,PF16363,GDP_Man_Dehyd
NP_416557.1,4,PF01370,Epimerase
NP_416557.1,4,PF02719,Polysacc_synt_2
NP_416557.1,4,PF04321,RmlD_sub_bind
NP_416557.1,4,PF16363,GDP_Man_Dehyd
NP_416561.1,4,PF00534,Glycos_transf_1
NP_416561.1,4,PF13439,Glyco_transf_4
NP_416561.1,4,PF13692,Glyco_trans_1_4
NP_416561.1,4,PF20706,GT4-conflict
NP_416563.1,2,PF00535,Glycos_transf_2
NP_416563.1,2,PF10111,Glyco_tranf_2_2
NP_416564.4,6,PF01656,CbiA
NP_416564.4,6,PF02706,Wzz
NP_416564.4,6,PF13500,AAA_26
NP_416564.4,6,PF13614,AAA_31
NP_416564.4,6,PF13807,GNVR
NP_416564.4,6,PF23607,WZC_N
NP_416566.1,4,PF02563,Poly_export
NP_416566.1,4,PF10531,SLBB
NP_416566.1,4,PF18412,Wza_C
NP_416566.1,4,PF22461,SLBB_2
NP_416567.4,3,PF00571,CBS
NP_416567.4,3,PF03471,CorC_HlyC
NP_416567.4,3,PF03741,TerC
NP_416569.1,3,PF00692,dUTPase
NP_416569.1,3,PF06559,DCD_N
NP_416569.1,3,PF22769,DCD
NP_416571.1,8,PF00563,EAL
NP_416571.1,8,PF00989,PAS
NP_416571.1,8,PF00990,GGDEF
NP_416571.1,8,PF05231,MASE1
NP_416571.1,8,PF08447,PAS_3
NP_416571.1,8,PF08448,PAS_4
NP_416571.1,8,PF13188,PAS_8
NP_416571.1,8,PF13426,PAS_9
NP_416572.1,2,PF00730,HhH-GPD
NP_416572.1,2,PF06029,AlkA_N
NP_416573.4,2,PF00012,HSP70
NP_416573.4,2,PF06723,MreB_Mbl
NP_416577.1,2,PF00092,VWA
NP_416577.1,2,PF13519,VWA_2
NP_416578.2,6,PF00364,Biotin_lipoyl
NP_416578.2,6,PF25876,HH_MFP_RND
NP_416578.2,6,PF25917,BSH_RND
NP_416578.2,6,PF25944,Beta-barrel_RND
NP_416578.2,6,PF25967,RND-MFP_C
NP_416578.2,6,PF25973,BSH_CzcB
NP_416579.1,2,PF00873,ACR_tran
NP_416579.1,2,PF02355,SecD_SecF_C
NP_416580.1,3,PF00873,ACR_tran
NP_416580.1,3,PF02355,SecD_SecF_C
NP_416580.1,3,PF03176,MMPL
NP_416581.1,2,PF05977,MFS_3
NP_416581.1,2,PF07690,MFS_1
NP_416582.1,3,PF00512,HisKA
NP_416582.1,3,PF00672,HAMP
NP_416582.1,3,PF02518,HATPase_c
NP_416583.1,2,PF00072,Response_reg
NP_416583.1,2,PF00486,Trans_reg_C
NP_416585.1,2,PF01136,Peptidase_U32
NP_416585.1,2,PF16325,Peptidase_U32_C
NP_416590.1,3,PF00781,DAGK_cat
NP_416590.1,3,PF01513,NAD_kinase
NP_416590.1,3,PF19279,YegS_C
NP_416593.1,4,PF00665,rve
NP_416593.1,4,PF13276,HTH_21
NP_416593.1,4,PF13333,rve_2
NP_416593.1,4,PF13683,rve_3
NP_416594.1,3,PF00107,ADH_zinc_N
NP_416594.1,3,PF01262,AlaDh_PNT_C
NP_416594.1,3,PF08240,ADH_N
NP_416601.1,3,PF03825,Nuc_H_symport
NP_416601.1,3,PF07690,MFS_1
NP_416601.1,3,PF12832,MFS_1_like
NP_416604.1,3,PF00392,GntR
NP_416604.1,3,PF07702,UTRA
NP_416604.1,3,PF08220,HTH_DeoR
NP_416606.1,2,PF00294,PfkB
NP_416606.1,2,PF08543,Phos_pyr_kin
NP_416607.1,2,PF02110,HK
NP_416607.1,2,PF08543,Phos_pyr_kin
NP_416609.1,2,PF03824,NicO
NP_416609.1,2,PF13386,DsbD_2
NP_416612.1,3,PF00577,Usher
NP_416612.1,3,PF13953,PapC_C
NP_416612.1,3,PF13954,PapC_N
NP_416613.1,2,PF00345,PapD_N
NP_416613.1,2,PF02753,PapD_C
NP_416616.4,5,PF00142,Fer4_NifH
NP_416616.4,5,PF01656,CbiA
NP_416616.4,5,PF09140,MipZ
NP_416616.4,5,PF10609,ParA
NP_416616.4,5,PF13614,AAA_31
NP_416617.1,6,PF00133,tRNA-synt_1
NP_416617.1,6,PF01406,tRNA-synt_1e
NP_416617.1,6,PF01588,tRNA_bind
NP_416617.1,6,PF01921,tRNA-synt_1f
NP_416617.1,6,PF09334,tRNA-synt_1g
NP_416617.1,6,PF19303,Anticodon_3
NP_416625.1,2,PF05762,VWA_CoxE
NP_416625.1,2,PF13519,VWA_2
NP_416629.4,2,PF00072,Response_reg
NP_416629.4,2,PF04397,LytTR
NP_416630.1,4,PF02518,HATPase_c
NP_416630.1,4,PF06580,His_kinase
NP_416630.1,4,PF07694,5TM-5TMR_LYT
NP_416630.1,4,PF13185,GAF_2
NP_416631.1,4,PF00376,MerR
NP_416631.1,4,PF13411,MerR_1
NP_416631.1,4,PF22267,MlrA_C
NP_416631.1,4,PF22270,MlrA_helical
NP_416633.1,3,PF00005,ABC_tran
NP_416633.1,3,PF00571,CBS
NP_416633.1,3,PF13304,AAA_21
NP_416636.1,3,PF00933,Glyco_hydro_3
NP_416636.1,3,PF01915,Glyco_hydro_3_C
NP_416636.1,3,PF14310,Fn3-like
NP_416637.1,2,PF01565,FAD_binding_4
NP_416637.1,2,PF09330,Lact-deh-memb
NP_416638.4,2,PF00768,Peptidase_S11
NP_416638.4,2,PF13354,Beta-lactamase2
NP_416641.1,3,PF00106,adh_short
NP_416641.1,3,PF08659,KR
NP_416641.1,3,PF13561,adh_short_C2
NP_416648.1,2,PF00383,dCMP_cyt_deam_1
NP_416648.1,2,PF08211,dCMP_cyt_deam_2
NP_416651.1,10,PF00070,Pyr_redox
NP_416651.1,10,PF00890,FAD_binding_2
NP_416651.1,10,PF01262,AlaDh_PNT_C
NP_416651.1,10,PF01266,DAO
NP_416651.1,10,PF01494,FAD_binding_3
NP_416651.1,10,PF01593,Amino_oxidase
NP_416651.1,10,PF07992,Pyr_redox_2
NP_416651.1,10,PF13450,NAD_binding_8
NP_416651.1,10,PF13738,Pyr_redox_3
NP_416651.1,10,PF14691,Fer4_20
NP_416652.4,5,PF00037,Fer4
NP_416652.4,5,PF01180,DHO_dh
NP_416652.4,5,PF01207,Dus
NP_416652.4,5,PF12838,Fer4_7
NP_416652.4,5,PF14697,Fer4_21
NP_416654.1,2,PF00005,ABC_tran
NP_416654.1,2,PF13304,AAA_21
NP_416655.1,2,PF00532,Peripla_BP_1
NP_416655.1,2,PF13407,Peripla_BP_4
NP_416656.1,4,PF00356,LacI
NP_416656.1,4,PF00532,Peripla_BP_1
NP_416656.1,4,PF13377,Peripla_BP_3
NP_416656.1,4,PF13407,Peripla_BP_4
NP_416659.1,2,PF00326,Peptidase_S9
NP_416659.1,2,PF00756,Esterase
NP_416660.1,3,PF00593,TonB_dep_Rec_b-barrel
NP_416660.1,3,PF07715,Plug
NP_416660.1,3,PF14905,OMP_b-brl_3
NP_416661.1,2,PF00324,AA_permease
NP_416661.1,2,PF13520,AA_permease_2
NP_416662.1,2,PF00126,HTH_1
NP_416662.1,2,PF03466,LysR_substrate
NP_416665.1,2,PF00294,PfkB
NP_416665.1,2,PF13412,HTH_24
NP_416666.1,3,PF01773,Nucleos_tra2_N
NP_416666.1,3,PF07662,Nucleos_tra2_C
NP_416666.1,3,PF07670,Gate
NP_416668.3,2,PF00027,cNMP_binding
NP_416668.3,2,PF13545,HTH_Crp_2
NP_416669.1,3,PF01773,Nucleos_tra2_N
NP_416669.1,3,PF07662,Nucleos_tra2_C
NP_416669.1,3,PF07670,Gate
NP_416672.1,3,PF02302,PTS_IIB
NP_416672.1,3,PF02378,PTS_EIIC
NP_416672.1,3,PF25554,PTS_EIIB_BC_N
NP_416674.1,2,PF00359,PTS_EIIA_2
NP_416674.1,2,PF00381,PTS-HPr
NP_416676.4,3,PF01132,EFP
NP_416676.4,3,PF08207,EFP_N
NP_416676.4,3,PF09285,Elong-fact-P_C
NP_416677.1,2,PF01232,Mannitol_dh
NP_416677.1,2,PF08125,Mannitol_dh_C
NP_416678.1,2,PF02492,cobW
NP_416678.1,2,PF07683,CobW_C
NP_416681.1,2,PF00563,EAL
NP_416681.1,2,PF12792,CSS-motif
NP_416685.1,5,PF00005,ABC_tran
NP_416685.1,5,PF02463,SMC_N
NP_416685.1,5,PF08352,oligo_HPY
NP_416685.1,5,PF13304,AAA_21
NP_416685.1,5,PF13401,AAA_22
NP_416687.1,3,PF00083,Sugar_tr
NP_416687.1,3,PF06609,TRI12
NP_416687.1,3,PF07690,MFS_1
NP_416688.1,2,PF00849,PseudoU_synth_2
NP_416688.1,2,PF01479,S4
NP_416689.1,4,PF00270,DEAD
NP_416689.1,4,PF00271,Helicase_C
NP_416689.1,4,PF04851,ResIII
NP_416689.1,4,PF18766,SWI2_SNF2
NP_416693.1,2,PF00884,Sulfatase
NP_416693.1,2,PF11893,DUF3413
NP_416696.2,2,PF01609,DDE_Tnp_1
NP_416696.2,2,PF05598,DUF772
NP_416697.1,4,PF00072,Response_reg
NP_416697.1,4,PF00196,GerE
NP_416697.1,4,PF08281,Sigma70_r4_2
NP_416697.1,4,PF13412,HTH_24
NP_416698.1,4,PF03918,CcmH
NP_416698.1,4,PF07719,TPR_2
NP_416698.1,4,PF13428,TPR_14
NP_416698.1,4,PF23914,TPR_CcmH_CycH
NP_416699.1,3,PF00578,AhpC-TSA
NP_416699.1,3,PF08534,Redoxin
NP_416699.1,3,PF13098,Thioredoxin_2
NP_416700.1,2,PF01578,Cytochrom_C_asm
NP_416700.1,2,PF16327,CcmF_C
NP_416703.1,2,PF01578,Cytochrom_C_asm
NP_416703.1,2,PF27518,HelC
NP_416705.2,2,PF00005,ABC_tran
NP_416705.2,2,PF13304,AAA_21
NP_416706.1,5,PF02085,Cytochrom_CIII
NP_416706.1,5,PF03264,Cytochrom_NNT
NP_416706.1,5,PF09699,Paired_CXXCH_1
NP_416706.1,5,PF14522,Cytochrome_C7
NP_416706.1,5,PF14537,Cytochrom_c3_2
NP_416708.1,5,PF00037,Fer4
NP_416708.1,5,PF12801,Fer4_5
NP_416708.1,5,PF12838,Fer4_7
NP_416708.1,5,PF13187,Fer4_9
NP_416708.1,5,PF13237,Fer4_10
NP_416709.1,9,PF00037,Fer4
NP_416709.1,9,PF12797,Fer4_2
NP_416709.1,9,PF12800,Fer4_4
NP_416709.1,9,PF12837,Fer4_6
NP_416709.1,9,PF12838,Fer4_7
NP_416709.1,9,PF13187,Fer4_9
NP_416709.1,9,PF13237,Fer4_10
NP_416709.1,9,PF13534,Fer4_17
NP_416709.1,9,PF25160,LdpA_Fe-S-bd
NP_416710.1,3,PF00384,Molybdopterin
NP_416710.1,3,PF01568,Molydop_binding
NP_416710.1,3,PF04879,Molybdop_Fe4S4
NP_416712.1,10,PF00037,Fer4
NP_416712.1,10,PF12797,Fer4_2
NP_416712.1,10,PF12798,Fer4_3
NP_416712.1,10,PF12800,Fer4_4
NP_416712.1,10,PF12837,Fer4_6
NP_416712.1,10,PF12838,Fer4_7
NP_416712.1,10,PF13183,Fer4_8
NP_416712.1,10,PF13187,Fer4_9
NP_416712.1,10,PF13237,Fer4_10
NP_416712.1,10,PF13484,Fer4_16
NP_416714.1,3,PF01266,DAO
NP_416714.1,3,PF01494,FAD_binding_3
NP_416714.1,3,PF06039,Mqo
NP_416717.1,5,PF00165,HTH_AraC
NP_416717.1,5,PF01035,DNA_binding_1
NP_416717.1,5,PF02805,Ada_Zn_binding
NP_416717.1,5,PF02870,Methyltransf_1N
NP_416717.1,5,PF12833,HTH_18
NP_416719.1,2,PF00267,Porin_1
NP_416719.1,2,PF13609,Porin_4
NP_416720.1,3,PF01627,Hpt
NP_416720.1,3,PF02518,HATPase_c
NP_416720.1,3,PF16359,RcsD_ABL
NP_416721.1,2,PF00072,Response_reg
NP_416721.1,2,PF00196,GerE
NP_416722.2,4,PF00072,Response_reg
NP_416722.2,4,PF00512,HisKA
NP_416722.2,4,PF02518,HATPase_c
NP_416722.2,4,PF09456,RcsC
NP_416723.1,6,PF00512,HisKA
NP_416723.1,6,PF00989,PAS
NP_416723.1,6,PF02518,HATPase_c
NP_416723.1,6,PF08448,PAS_4
NP_416723.1,6,PF13188,PAS_8
NP_416723.1,6,PF13426,PAS_9
NP_416724.1,7,PF00004,AAA
NP_416724.1,7,PF00072,Response_reg
NP_416724.1,7,PF00158,Sigma54_activat
NP_416724.1,7,PF02954,HTH_8
NP_416724.1,7,PF07728,AAA_5
NP_416724.1,7,PF14532,Sigma54_activ_2
NP_416724.1,7,PF25601,AAA_lid_14
NP_416728.1,2,PF00108,Thiolase_N
NP_416728.1,2,PF02803,Thiolase_C
NP_416730.1,2,PF08486,SpoIID
NP_416730.1,2,PF10062,DUF2300
NP_416734.1,2,PF00521,DNA_topoisoIV
NP_416734.1,2,PF03989,DNA_gyraseA_C
NP_416735.1,11,PF01209,Ubie_methyltran
NP_416735.1,11,PF02353,CMAS
NP_416735.1,11,PF05175,MTS
NP_416735.1,11,PF05401,NodS
NP_416735.1,11,PF06325,PrmA
NP_416735.1,11,PF08003,Methyltransf_9
NP_416735.1,11,PF08241,Methyltransf_11
NP_416735.1,11,PF08242,Methyltransf_12
NP_416735.1,11,PF13489,Methyltransf_23
NP_416735.1,11,PF13649,Methyltransf_25
NP_416735.1,11,PF13847,Methyltransf_31
NP_416736.1,4,PF02415,Chlam_PMP
NP_416736.1,4,PF03797,Autotransporter
NP_416736.1,4,PF12951,PATR
NP_416736.1,4,PF18883,AC_1
NP_416737.1,3,PF00317,Ribonuc_red_lgN
NP_416737.1,3,PF02867,Ribonuc_red_lgC
NP_416737.1,3,PF03477,ATP-cone
NP_416744.1,5,PF00890,FAD_binding_2
NP_416744.1,5,PF01266,DAO
NP_416744.1,5,PF01494,FAD_binding_3
NP_416744.1,5,PF04324,Fer2_BFD
NP_416744.1,5,PF12831,FAD_oxidored
NP_416746.1,5,PF00037,Fer4
NP_416746.1,5,PF02754,CCG
NP_416746.1,5,PF12838,Fer4_7
NP_416746.1,5,PF13183,Fer4_8
NP_416746.1,5,PF13534,Fer4_17
NP_416747.1,2,PF04754,Transposase_31
NP_416747.1,2,PF27070,HTH_Rpn_C
NP_416750.2,2,PF02746,MR_MLE_N
NP_416750.2,2,PF13378,MR_MLE_C
NP_416751.1,2,PF01614,IclR_C
NP_416751.1,2,PF09339,HTH_IclR
NP_416756.6,4,PF00155,Aminotran_1_2
NP_416756.6,4,PF00266,Aminotran_5
NP_416756.6,4,PF01041,DegT_DnrJ_EryC1
NP_416756.6,4,PF01053,Cys_Met_Meta_PP
NP_416757.1,3,PF00535,Glycos_transf_2
NP_416757.1,3,PF10111,Glyco_tranf_2_2
NP_416757.1,3,PF13641,Glyco_tranf_2_3
NP_416758.1,5,PF00551,Formyl_trans_N
NP_416758.1,5,PF01073,3Beta_HSD
NP_416758.1,5,PF01370,Epimerase
NP_416758.1,5,PF02911,Formyl_trans_C
NP_416758.1,5,PF16363,GDP_Man_Dehyd
NP_416760.1,2,PF02366,PMT
NP_416760.1,2,PF13231,PMT_2
NP_416763.1,2,PF00501,AMP-binding
NP_416763.1,2,PF13193,AMP-binding_C
NP_416764.1,2,PF13378,MR_MLE_C
NP_416764.1,2,PF21508,MenC_N
NP_416765.1,2,PF00378,ECH_1
NP_416765.1,2,PF16113,ECH_2
NP_416766.1,3,PF00561,Abhydrolase_1
NP_416766.1,3,PF12146,Hydrolase_4
NP_416766.1,3,PF12697,Abhydrolase_6
NP_416767.1,3,PF02775,TPP_enzyme_C
NP_416767.1,3,PF02776,TPP_enzyme_N
NP_416767.1,3,PF16582,TPP_enzyme_M_2
NP_416769.1,2,PF05957,DUF883
NP_416769.1,2,PF19029,DUF883_C
NP_416770.1,3,PF00583,Acetyltransf_1
NP_416770.1,3,PF13508,Acetyltransf_7
NP_416770.1,3,PF13673,Acetyltransf_10
NP_416771.4,3,PF00753,Lactamase_B
NP_416771.4,3,PF12706,Lactamase_B_2
NP_416771.4,3,PF23023,Anti-Pycsar_Apyc1
NP_416772.1,3,PF02902,Peptidase_C48
NP_416772.1,3,PF22102,ElaD-SseL-like_C
NP_416772.1,3,PF22103,ElaD_SseL-like_N
NP_416773.1,5,PF00092,VWA
NP_416773.1,5,PF12034,YfbK_C
NP_416773.1,5,PF12450,vWF_A
NP_416773.1,5,PF13519,VWA_2
NP_416773.1,5,PF13768,VWA_3
NP_416781.1,2,PF00361,Proton_antipo_M
NP_416781.1,2,PF00662,Proton_antipo_N
NP_416784.1,11,PF00037,Fer4
NP_416784.1,11,PF12797,Fer4_2
NP_416784.1,11,PF12800,Fer4_4
NP_416784.1,11,PF12837,Fer4_6
NP_416784.1,11,PF12838,Fer4_7
NP_416784.1,11,PF13183,Fer4_8
NP_416784.1,11,PF13187,Fer4_9
NP_416784.1,11,PF13237,Fer4_10
NP_416784.1,11,PF13484,Fer4_16
NP_416784.1,11,PF13534,Fer4_17
NP_416784.1,11,PF14697,Fer4_21
NP_416786.4,7,PF00111,Fer2
NP_416786.4,7,PF00384,Molybdopterin
NP_416786.4,7,PF01568,Molydop_binding
NP_416786.4,7,PF04879,Molybdop_Fe4S4
NP_416786.4,7,PF10588,NADH-G_4Fe-4S_3
NP_416786.4,7,PF13510,Fer2_4
NP_416786.4,7,PF22117,Fer4_Nqo3
NP_416787.1,2,PF01512,Complex1_51K
NP_416787.1,2,PF10589,NADH_4Fe-4S
NP_416789.2,2,PF00329,Complex1_30kDa
NP_416789.2,2,PF00346,Complex1_49kDa
NP_416792.1,2,PF00126,HTH_1
NP_416792.1,2,PF03466,LysR_substrate
NP_416793.1,2,PF00155,Aminotran_1_2
NP_416793.1,2,PF01041,DegT_DnrJ_EryC1
NP_416794.1,3,PF01966,HD
NP_416794.1,3,PF12917,YfbR-like
NP_416794.1,3,PF13023,HD_3
NP_416795.1,4,PF00939,Na_sulph_symp
NP_416795.1,4,PF02080,TrkA_C
NP_416795.1,4,PF03600,CitMHS
NP_416795.1,4,PF06808,DctM
NP_416796.2,4,PF00702,Hydrolase
NP_416796.2,4,PF12710,HAD
NP_416796.2,4,PF13242,Hydrolase_like
NP_416796.2,4,PF13419,HAD_2
NP_416800.1,3,PF01515,PTA_PTB
NP_416800.1,3,PF07085,DRTGG
NP_416800.1,3,PF13500,AAA_26
NP_416803.3,2,PF00149,Metallophos
NP_416803.3,2,PF12850,Metallophos_2
NP_416804.1,4,PF02798,GST_N
NP_416804.1,4,PF13409,GST_N_2
NP_416804.1,4,PF13417,GST_N_3
NP_416804.1,4,PF14834,GST_C_4
NP_416805.1,6,PF00043,GST_C
NP_416805.1,6,PF02798,GST_N
NP_416805.1,6,PF13409,GST_N_2
NP_416805.1,6,PF13410,GST_C_2
NP_416805.1,6,PF13417,GST_N_3
NP_416805.1,6,PF14497,GST_C_3
NP_416807.1,4,PF01370,Epimerase
NP_416807.1,4,PF08338,DUF1731
NP_416807.1,4,PF13460,NAD_binding_10
NP_416807.1,4,PF16363,GDP_Man_Dehyd
NP_416808.1,2,PF04754,Transposase_31
NP_416808.1,2,PF27070,HTH_Rpn_C
NP_416809.1,2,PF00005,ABC_tran
NP_416809.1,2,PF13304,AAA_21
NP_416815.1,4,PF00156,Pribosyltran
NP_416815.1,4,PF13230,GATase_4
NP_416815.1,4,PF13522,GATase_6
NP_416815.1,4,PF13537,GATase_7
NP_416818.1,2,PF02875,Mur_ligase_C
NP_416818.1,2,PF08245,Mur_ligase_M
NP_416819.1,2,PF01039,Carboxyl_trans
NP_416819.1,2,PF17848,Zn_ribbon_ACC
NP_416822.1,2,PF01118,Semialdhyde_dh
NP_416822.1,2,PF02774,Semialdhyde_dhC
NP_416823.1,3,PF00389,2-Hacid_dh
NP_416823.1,3,PF02826,2-Hacid_dh_C
NP_416823.1,3,PF11890,DUF3410
NP_416826.1,2,PF00109,ketoacyl-synt
NP_416826.1,2,PF02801,Ketoacyl-synt_C
NP_416827.4,2,PF01266,DAO
NP_416827.4,2,PF05430,Methyltransf_30
NP_416833.4,9,PF01209,Ubie_methyltran
NP_416833.4,9,PF02475,TRM5-TYW2_MTfase
NP_416833.4,9,PF03602,Cons_hypoth95
NP_416833.4,9,PF05175,MTS
NP_416833.4,9,PF06325,PrmA
NP_416833.4,9,PF08242,Methyltransf_12
NP_416833.4,9,PF09445,Methyltransf_15
NP_416833.4,9,PF13649,Methyltransf_25
NP_416833.4,9,PF13847,Methyltransf_31
NP_416839.1,2,PF00345,PapD_N
NP_416839.1,2,PF02753,PapD_C
NP_416843.1,4,PF00378,ECH_1
NP_416843.1,4,PF00725,3HCDH
NP_416843.1,4,PF02737,3HCDH_N
NP_416843.1,4,PF16113,ECH_2
NP_416844.1,3,PF00108,Thiolase_N
NP_416844.1,3,PF00109,ketoacyl-synt
NP_416844.1,3,PF02803,Thiolase_C
NP_416850.1,4,PF00589,Phage_integrase
NP_416850.1,4,PF13356,Arm-DNA-bind_3
NP_416850.1,4,PF14659,Phage_int_SAM_3
NP_416850.1,4,PF22022,Phage_int_M
NP_416865.1,2,PF00126,HTH_1
NP_416865.1,2,PF03466,LysR_substrate
NP_416868.1,2,PF06609,TRI12
NP_416868.1,2,PF07690,MFS_1
NP_416869.1,5,PF00364,Biotin_lipoyl
NP_416869.1,5,PF25885,HH_EMRA
NP_416869.1,5,PF25917,BSH_RND
NP_416869.1,5,PF25963,Beta-barrel_AAEA
NP_416869.1,5,PF25973,BSH_CzcB
NP_416870.1,2,PF00072,Response_reg
NP_416870.1,2,PF00196,GerE
NP_416871.1,5,PF00072,Response_reg
NP_416871.1,5,PF00497,SBP_bac_3
NP_416871.1,5,PF00512,HisKA
NP_416871.1,5,PF01627,Hpt
NP_416871.1,5,PF02518,HATPase_c
NP_416874.1,3,PF00205,TPP_enzyme_M
NP_416874.1,3,PF02775,TPP_enzyme_C
NP_416874.1,3,PF02776,TPP_enzyme_N
NP_416881.1,4,PF01590,GAF
NP_416881.1,4,PF02518,HATPase_c
NP_416881.1,4,PF06580,His_kinase
NP_416881.1,4,PF07694,5TM-5TMR_LYT
NP_416882.1,2,PF00072,Response_reg
NP_416882.1,2,PF04397,LytTR
NP_416883.1,2,PF00165,HTH_AraC
NP_416883.1,2,PF12833,HTH_18
NP_416884.1,5,PF00359,PTS_EIIA_2
NP_416884.1,5,PF00381,PTS-HPr
NP_416884.1,5,PF00391,PEP-utilizers
NP_416884.1,5,PF02896,PEP-utilizers_C
NP_416884.1,5,PF05524,PEP-utilisers_N
NP_416885.1,2,PF04389,Peptidase_M28
NP_416885.1,2,PF05343,Peptidase_M42
NP_416886.1,2,PF00557,Peptidase_M24
NP_416886.1,2,PF01321,Creatinase_N
NP_416888.1,2,PF02302,PTS_IIB
NP_416888.1,2,PF25554,PTS_EIIB_BC_N
NP_416894.1,3,PF01773,Nucleos_tra2_N
NP_416894.1,3,PF07662,Nucleos_tra2_C
NP_416894.1,3,PF07670,Gate
NP_416896.4,2,PF00563,EAL
NP_416896.4,2,PF05231,MASE1
NP_416898.3,2,PF07037,YfeC-like
NP_416898.3,2,PF12728,HTH_17
NP_416899.1,2,PF00749,tRNA-synt_1c
NP_416899.1,2,PF19269,Anticodon_2
NP_416900.1,2,PF00126,HTH_1
NP_416900.1,2,PF03466,LysR_substrate
NP_416901.1,4,PF01306,LacY_symp
NP_416901.1,4,PF03825,Nuc_H_symport
NP_416901.1,4,PF07690,MFS_1
NP_416901.1,4,PF12832,MFS_1_like
NP_416904.1,2,PF00126,HTH_1
NP_416904.1,2,PF03466,LysR_substrate
NP_416905.1,2,PF01758,SBF
NP_416905.1,2,PF13593,SBF_like
NP_416906.1,9,PF00533,BRCT
NP_416906.1,9,PF00633,HHH
NP_416906.1,9,PF01653,DNA_ligase_aden
NP_416906.1,9,PF03119,DNA_ligase_ZBD
NP_416906.1,9,PF03120,OB_DNA_ligase
NP_416906.1,9,PF12738,PTCB-BRCT
NP_416906.1,9,PF12826,HHH_2
NP_416906.1,9,PF14520,HHH_5
NP_416906.1,9,PF22745,Nlig-Ia
NP_416911.1,3,PF00391,PEP-utilizers
NP_416911.1,3,PF02896,PEP-utilizers_C
NP_416911.1,3,PF05524,PEP-utilisers_N
NP_416913.1,2,PF00294,PfkB
NP_416913.1,2,PF08543,Phos_pyr_kin
NP_416917.1,2,PF00005,ABC_tran
NP_416917.1,2,PF13304,AAA_21
NP_416920.1,2,PF01547,SBP_bac_1
NP_416920.1,2,PF13531,SBP_bac_11
NP_416921.4,3,PF00106,adh_short
NP_416921.4,3,PF08659,KR
NP_416921.4,3,PF13561,adh_short_C2
NP_416922.1,3,PF01380,SIS
NP_416922.1,3,PF01418,HTH_6
NP_416922.1,3,PF13580,SIS_2
NP_416923.1,4,PF01380,SIS
NP_416923.1,4,PF13580,SIS_2
NP_416923.1,4,PF20741,GKRP-like_C
NP_416923.1,4,PF22645,GKRP_SIS_N
NP_416924.1,2,PF00367,PTS_EIIB
NP_416924.1,2,PF02378,PTS_EIIC
NP_416926.4,2,PF04261,Dyp_perox_N
NP_416926.4,2,PF20628,Dyp_perox_C
NP_416929.4,6,PF00583,Acetyltransf_1
NP_416929.4,6,PF08445,FR47
NP_416929.4,6,PF13480,Acetyltransf_6
NP_416929.4,6,PF13508,Acetyltransf_7
NP_416929.4,6,PF13527,Acetyltransf_9
NP_416929.4,6,PF13673,Acetyltransf_10
NP_416932.1,2,PF00165,HTH_AraC
NP_416932.1,2,PF12833,HTH_18
NP_416933.4,2,PF00936,BMC
NP_416933.4,2,PF16365,EutK_C
NP_416937.2,4,PF00589,Phage_integrase
NP_416937.2,4,PF13356,Arm-DNA-bind_3
NP_416937.2,4,PF14659,Phage_int_SAM_3
NP_416937.2,4,PF22022,Phage_int_M
NP_416948.4,3,PF00465,Fe-ADH
NP_416948.4,3,PF13685,Fe-ADH_2
NP_416948.4,3,PF25137,ADH_Fe_C
NP_416949.1,3,PF06723,MreB_Mbl
NP_416949.1,3,PF11104,PilM_2
NP_416949.1,3,PF14450,FtsA
NP_416955.1,2,PF05899,Cupin_3
NP_416955.1,2,PF06249,EutQ
NP_416956.1,2,PF01926,MMR_HSR1
NP_416956.1,2,PF10662,PduV-EutP
NP_416958.1,3,PF00390,malic
NP_416958.1,3,PF01515,PTA_PTB
NP_416958.1,3,PF03949,Malic_M
NP_416960.1,4,PF00456,Transketolase_N
NP_416960.1,4,PF02779,Transket_pyr
NP_416960.1,4,PF02780,Transketolase_C
NP_416960.1,4,PF22613,Transketolase_C_1
NP_416962.1,2,PF00293,NUDIX
NP_416962.1,2,PF27456,NudK_N
NP_416963.1,14,PF00037,Fer4
NP_416963.1,14,PF00070,Pyr_redox
NP_416963.1,14,PF01494,FAD_binding_3
NP_416963.1,14,PF07992,Pyr_redox_2
NP_416963.1,14,PF12797,Fer4_2
NP_416963.1,14,PF12837,Fer4_6
NP_416963.1,14,PF12838,Fer4_7
NP_416963.1,14,PF13187,Fer4_9
NP_416963.1,14,PF13237,Fer4_10
NP_416963.1,14,PF13241,NAD_binding_7
NP_416963.1,14,PF13247,Fer4_11
NP_416963.1,14,PF13450,NAD_binding_8
NP_416963.1,14,PF13738,Pyr_redox_3
NP_416963.1,14,PF14691,Fer4_20
NP_416964.1,4,PF00672,HAMP
NP_416964.1,4,PF02518,HATPase_c
NP_416964.1,4,PF07730,HisKA_3
NP_416964.1,4,PF13675,PilJ
NP_416965.1,3,PF00873,ACR_tran
NP_416965.1,3,PF02355,SecD_SecF_C
NP_416965.1,3,PF03176,MMPL
NP_416967.1,2,PF01546,Peptidase_M20
NP_416967.1,2,PF07687,M20_dimer
NP_416968.2,3,PF00326,Peptidase_S9
NP_416968.2,3,PF01738,DLH
NP_416968.2,3,PF02230,Abhydrolase_2
NP_416969.1,6,PF05127,NAT10_TcmA_helicase
NP_416969.1,6,PF08351,TmcA_N
NP_416969.1,6,PF13604,AAA_30
NP_416969.1,6,PF13673,Acetyltransf_10
NP_416969.1,6,PF13718,GNAT_acetyltr_2
NP_416969.1,6,PF17176,tRNA_bind_3
NP_416974.4,3,PF01842,ACT
NP_416974.4,3,PF13291,ACT_4
NP_416974.4,3,PF13740,ACT_6
NP_416975.1,3,PF00578,AhpC-TSA
NP_416975.1,3,PF02630,SCO1-SenC
NP_416975.1,3,PF08534,Redoxin
NP_416976.4,13,PF00037,Fer4
NP_416976.4,13,PF12797,Fer4_2
NP_416976.4,13,PF12798,Fer4_3
NP_416976.4,13,PF12800,Fer4_4
NP_416976.4,13,PF12837,Fer4_6
NP_416976.4,13,PF12838,Fer4_7
NP_416976.4,13,PF13183,Fer4_8
NP_416976.4,13,PF13187,Fer4_9
NP_416976.4,13,PF13237,Fer4_10
NP_416976.4,13,PF13247,Fer4_11
NP_416976.4,13,PF13484,Fer4_16
NP_416976.4,13,PF13534,Fer4_17
NP_416976.4,13,PF25160,LdpA_Fe-S-bd
NP_416979.1,2,PF00361,Proton_antipo_M
NP_416979.1,2,PF00662,Proton_antipo_N
NP_416981.1,2,PF00361,Proton_antipo_M
NP_416981.1,2,PF00662,Proton_antipo_N
NP_416982.1,3,PF00329,Complex1_30kDa
NP_416982.1,3,PF00346,Complex1_49kDa
NP_416982.1,3,PF00374,NiFeSe_Hases
NP_416983.1,3,PF00037,Fer4
NP_416983.1,3,PF12838,Fer4_7
NP_416983.1,3,PF13187,Fer4_9
NP_416986.4,8,PF00004,AAA
NP_416986.4,8,PF00158,Sigma54_activat
NP_416986.4,8,PF01078,Mg_chelatase
NP_416986.4,8,PF01590,GAF
NP_416986.4,8,PF07728,AAA_5
NP_416986.4,8,PF13185,GAF_2
NP_416986.4,8,PF14532,Sigma54_activ_2
NP_416986.4,8,PF25601,AAA_lid_14
NP_416989.1,3,PF01435,Peptidase_M48
NP_416989.1,3,PF13428,TPR_14
NP_416989.1,3,PF14559,TPR_19
NP_416990.1,2,PF00462,Glutaredoxin
NP_416990.1,2,PF03960,ArsC
NP_416991.2,2,PF00308,Bac_DnaA
NP_416991.2,2,PF22688,Hda_lid
NP_416993.2,2,PF00156,Pribosyltran
NP_416993.2,2,PF14681,UPRTase
NP_416994.1,2,PF00586,AIRS
NP_416994.1,2,PF02769,AIRS_C
NP_416996.1,5,PF02503,PP_kinase
NP_416996.1,5,PF13089,PP_kinase_N
NP_416996.1,5,PF13090,PP_kinase_C
NP_416996.1,5,PF13091,PLDc_2
NP_416996.1,5,PF17941,PP_kinase_C_1
NP_416997.1,2,PF02541,Ppx-GppA
NP_416997.1,2,PF21447,Ppx-GppA_III
NP_416998.1,2,PF00563,EAL
NP_416998.1,2,PF05231,MASE1
NP_417000.1,2,PF05433,Rick_17kDa_Anti
NP_417000.1,2,PF13441,Gly-zipper_YMGG
NP_417002.1,5,PF00117,GATase
NP_417002.1,5,PF00958,GMP_synt_C
NP_417002.1,5,PF02540,NAD_synthase
NP_417002.1,5,PF03054,tRNA_Me_trans
NP_417002.1,5,PF07722,Peptidase_C26
NP_417003.1,4,PF00478,IMPDH
NP_417003.1,4,PF00571,CBS
NP_417003.1,4,PF01070,FMN_dh
NP_417003.1,4,PF03060,NMO
NP_417004.1,3,PF01336,tRNA_anti-codon
NP_417004.1,3,PF02601,Exonuc_VII_L
NP_417004.1,3,PF13742,tRNA_anti_2
NP_417006.2,9,PF00009,GTP_EFTU
NP_417006.2,9,PF00071,Ras
NP_417006.2,9,PF00350,Dynamin_N
NP_417006.2,9,PF01926,MMR_HSR1
NP_417006.2,9,PF02421,FeoB_N
NP_417006.2,9,PF02492,cobW
NP_417006.2,9,PF03193,RsgA_GTPase
NP_417006.2,9,PF04548,AIG1
NP_417006.2,9,PF14714,KH_dom-like
NP_417007.1,3,PF01011,PQQ
NP_417007.1,3,PF13360,PQQ_2
NP_417007.1,3,PF25293,Beta-prop_EMC1_N
NP_417009.1,3,PF00587,tRNA-synt_2b
NP_417009.1,3,PF03129,HGTP_anticodon
NP_417009.1,3,PF13393,tRNA-synt_His
NP_417010.1,2,PF04551,GcpE
NP_417010.1,2,PF26540,GcpE_C
NP_417011.1,4,PF01381,HTH_3
NP_417011.1,4,PF13413,HTH_25
NP_417011.1,4,PF13464,RodZ_C
NP_417011.1,4,PF13560,HTH_31
NP_417012.1,2,PF04055,Radical_SAM
NP_417012.1,2,PF21016,RlmN_N
NP_417014.1,3,PF00905,Transpeptidase
NP_417014.1,3,PF00912,Transgly
NP_417014.1,3,PF06832,BiPBP_C
NP_417015.1,11,PF00207,A2M
NP_417015.1,11,PF01835,MG2
NP_417015.1,11,PF07678,TED_complement
NP_417015.1,11,PF07703,A2M_BRD
NP_417015.1,11,PF11974,bMG3
NP_417015.1,11,PF17962,bMG6
NP_417015.1,11,PF17970,bMG1
NP_417015.1,11,PF17972,bMG5
NP_417015.1,11,PF17973,bMG10
NP_417015.1,11,PF21142,A2M_bMG2
NP_417015.1,11,PF21765,CUB_A2MG
NP_417017.4,2,PF07179,SseB
NP_417017.4,2,PF14581,SseB_C
NP_417018.4,2,PF00883,Peptidase_M17
NP_417018.4,2,PF12404,DUF3663
NP_417020.1,2,PF00111,Fer2
NP_417020.1,2,PF13510,Fer2_4
NP_417021.1,2,PF00012,HSP70
NP_417021.1,2,PF06723,MreB_Mbl
NP_417029.4,6,PF00326,Peptidase_S9
NP_417029.4,6,PF00561,Abhydrolase_1
NP_417029.4,6,PF03959,FSH1
NP_417029.4,6,PF12146,Hydrolase_4
NP_417029.4,6,PF12697,Abhydrolase_6
NP_417029.4,6,PF20434,BD-FAE
NP_417031.1,3,PF01306,LacY_symp
NP_417031.1,3,PF07690,MFS_1
NP_417031.1,3,PF12832,MFS_1_like
NP_417032.1,2,PF00126,HTH_1
NP_417032.1,2,PF03466,LysR_substrate
NP_417033.1,2,PF00355,Rieske
NP_417033.1,2,PF00848,Ring_hydroxyl_A
NP_417035.1,2,PF00355,Rieske
NP_417035.1,2,PF13806,Rieske_2
NP_417036.1,3,PF00106,adh_short
NP_417036.1,3,PF08659,KR
NP_417036.1,3,PF13561,adh_short_C2
NP_417037.1,9,PF00070,Pyr_redox
NP_417037.1,9,PF01266,DAO
NP_417037.1,9,PF05834,Lycopene_cycl
NP_417037.1,9,PF07992,Pyr_redox_2
NP_417037.1,9,PF13241,NAD_binding_7
NP_417037.1,9,PF13434,Lys_Orn_oxgnase
NP_417037.1,9,PF13450,NAD_binding_8
NP_417037.1,9,PF13454,NAD_binding_9
NP_417037.1,9,PF14759,Reductase_C
NP_417038.4,2,PF02077,SURF4
NP_417038.4,2,PF07681,DoxX
NP_417040.2,4,PF00107,ADH_zinc_N
NP_417040.2,4,PF08240,ADH_N
NP_417040.2,4,PF13602,ADH_zinc_N_2
NP_417040.2,4,PF16912,Glu_dehyd_C
NP_417042.1,2,PF00005,ABC_tran
NP_417042.1,2,PF13304,AAA_21
NP_417043.1,2,PF00532,Peripla_BP_1
NP_417043.1,2,PF13407,Peripla_BP_4
NP_417044.4,6,PF00515,TPR_1
NP_417044.4,6,PF07719,TPR_2
NP_417044.4,6,PF13181,TPR_8
NP_417044.4,6,PF13428,TPR_14
NP_417044.4,6,PF13432,TPR_16
NP_417044.4,6,PF17128,DUF5107
NP_417046.1,2,PF00155,Aminotran_1_2
NP_417046.1,2,PF00464,SHMT
NP_417047.1,3,PF00042,Globin
NP_417047.1,3,PF00175,NAD_binding_1
NP_417047.1,3,PF00970,FAD_binding_6
NP_417049.1,5,PF00072,Response_reg
NP_417049.1,5,PF00158,Sigma54_activat
NP_417049.1,5,PF07728,AAA_5
NP_417049.1,5,PF14532,Sigma54_activ_2
NP_417049.1,5,PF25601,AAA_lid_14
NP_417051.2,3,PF00512,HisKA
NP_417051.2,3,PF00672,HAMP
NP_417051.2,3,PF02518,HATPase_c
NP_417053.2,2,PF00497,SBP_bac_3
NP_417053.2,2,PF01464,SLT
NP_417054.2,2,PF00383,dCMP_cyt_deam_1
NP_417054.2,2,PF14437,MafB19-deam
NP_417056.2,2,PF01380,SIS
NP_417056.2,2,PF01418,HTH_6
NP_417057.1,2,PF00037,Fer4
NP_417057.1,2,PF12838,Fer4_7
NP_417060.1,2,PF02565,RecO_C
NP_417060.1,2,PF11967,RecO_N
NP_417061.1,8,PF00009,GTP_EFTU
NP_417061.1,8,PF00350,Dynamin_N
NP_417061.1,8,PF01926,MMR_HSR1
NP_417061.1,8,PF02421,FeoB_N
NP_417061.1,8,PF03193,RsgA_GTPase
NP_417061.1,8,PF04548,AIG1
NP_417061.1,8,PF07650,KH_2
NP_417061.1,8,PF10662,PduV-EutP
NP_417062.1,3,PF00035,dsrm
NP_417062.1,3,PF00636,Ribonuclease_3
NP_417062.1,3,PF14622,Ribonucleas_3_3
NP_417064.1,5,PF00009,GTP_EFTU
NP_417064.1,5,PF00071,Ras
NP_417064.1,5,PF00679,EFG_C
NP_417064.1,5,PF03144,GTP_EFTU_D2
NP_417064.1,5,PF06421,LepA_C
NP_417066.1,2,PF03888,MucB_RseB
NP_417066.1,2,PF17188,MucB_RseB_C
NP_417067.1,2,PF03872,RseA_N
NP_417067.1,2,PF03873,RseA_C
NP_417068.1,4,PF04542,Sigma70_r2
NP_417068.1,4,PF04545,Sigma70_r4
NP_417068.1,4,PF07638,Sigma70_ECF
NP_417068.1,4,PF08281,Sigma70_r4_2
NP_417069.1,4,PF00890,FAD_binding_2
NP_417069.1,4,PF01266,DAO
NP_417069.1,4,PF02910,Succ_DH_flav_C
NP_417069.1,4,PF07992,Pyr_redox_2
NP_417070.2,10,PF01135,PCMT
NP_417070.2,10,PF01170,UPF0020
NP_417070.2,10,PF01596,Methyltransf_3
NP_417070.2,10,PF03602,Cons_hypoth95
NP_417070.2,10,PF05175,MTS
NP_417070.2,10,PF05185,PRMT5
NP_417070.2,10,PF06325,PrmA
NP_417070.2,10,PF08241,Methyltransf_11
NP_417070.2,10,PF13649,Methyltransf_25
NP_417070.2,10,PF13847,Methyltransf_31
NP_417071.1,3,PF00270,DEAD
NP_417071.1,3,PF00271,Helicase_C
NP_417071.1,3,PF04851,ResIII
NP_417072.4,2,PF00126,HTH_1
NP_417072.4,2,PF03466,LysR_substrate
NP_417076.1,2,PF00588,SpoU_methylase
NP_417076.1,2,PF08032,SpoU_sub_bind
NP_417077.1,6,PF00085,Thioredoxin
NP_417077.1,6,PF13098,Thioredoxin_2
NP_417077.1,6,PF13728,TraF
NP_417077.1,6,PF13905,Thioredoxin_8
NP_417077.1,6,PF20207,PedC-like
NP_417077.1,6,PF21352,Zn_ribbon_Thio2
NP_417079.1,5,PF00583,Acetyltransf_1
NP_417079.1,5,PF13302,Acetyltransf_3
NP_417079.1,5,PF13380,CoA_binding_2
NP_417079.1,5,PF13549,ATP-grasp_5
NP_417079.1,5,PF13607,Succ_CoA_lig
NP_417080.4,2,PF00614,PLDc
NP_417080.4,2,PF13091,PLDc_2
NP_417082.1,4,PF00083,Sugar_tr
NP_417082.1,4,PF07690,MFS_1
NP_417082.1,4,PF12832,MFS_1_like
NP_417082.1,4,PF13347,MFS_2
NP_417083.1,11,PF00004,AAA
NP_417083.1,11,PF00158,Sigma54_activat
NP_417083.1,11,PF02861,Clp_N
NP_417083.1,11,PF05621,TniB
NP_417083.1,11,PF07724,AAA_2
NP_417083.1,11,PF07728,AAA_5
NP_417083.1,11,PF10431,ClpB_D2-small
NP_417083.1,11,PF13191,AAA_16
NP_417083.1,11,PF13401,AAA_22
NP_417083.1,11,PF17871,AAA_lid_9
NP_417083.1,11,PF23569,NBD_SMAX1
NP_417085.1,2,PF00849,PseudoU_synth_2
NP_417085.1,2,PF01479,S4
NP_417086.1,3,PF13428,TPR_14
NP_417086.1,3,PF13512,TPR_18
NP_417086.1,3,PF13525,YfiO
NP_417090.1,2,PF00800,PDT
NP_417090.1,2,PF01817,CM_2
NP_417091.1,4,PF01817,CM_2
NP_417091.1,4,PF02153,PDH_N
NP_417091.1,4,PF03807,F420_oxidored
NP_417091.1,4,PF20463,PDH_C
NP_417095.1,2,PF00990,GGDEF
NP_417095.1,2,PF17152,CHASE8
NP_417099.4,3,PF01782,RimM
NP_417099.4,3,PF05239,PRC
NP_417099.4,3,PF24986,PRC_RimM
NP_417101.1,5,PF00448,SRP54
NP_417101.1,5,PF01656,CbiA
NP_417101.1,5,PF02881,SRP54_N
NP_417101.1,5,PF02978,SRP_SPB
NP_417101.1,5,PF06414,Zeta_toxin
NP_417105.1,2,PF01513,NAD_kinase
NP_417105.1,2,PF20143,NAD_kinase_C
NP_417109.1,2,PF03364,Polyketide_cyc
NP_417109.1,2,PF10604,Polyketide_cyc2
NP_417111.1,3,PF00589,Phage_integrase
NP_417111.1,3,PF13356,Arm-DNA-bind_3
NP_417111.1,3,PF22022,Phage_int_M
NP_417115.1,2,PF11726,YagK_YfjJ_C
NP_417115.1,2,PF23343,REP_ORF2-G2P
NP_417116.1,2,PF00270,DEAD
NP_417116.1,2,PF00271,Helicase_C
NP_417117.1,2,PF08878,HamA
NP_417117.1,2,PF14130,Cap4_nuclease
NP_417119.1,4,PF15935,RnlA_toxin
NP_417119.1,4,PF18869,HEPN_RnaseLS
NP_417119.1,4,PF19034,RnlA-toxin_DBD
NP_417119.1,4,PF19417,RnlA_toxin_N
NP_417123.1,3,PF05225,HTH_psq
NP_417123.1,3,PF08220,HTH_DeoR
NP_417123.1,3,PF13280,WYL
NP_417134.2,3,PF03212,Pertactin
NP_417134.2,3,PF03797,Autotransporter
NP_417134.2,3,PF16168,AIDA
NP_417145.4,2,PF02668,TauD
NP_417145.4,2,PF08943,CsiD
NP_417149.1,2,PF00324,AA_permease
NP_417149.1,2,PF13520,AA_permease_2
NP_417150.4,2,PF00392,GntR
NP_417150.4,2,PF07729,FCD
NP_417151.1,2,PF01476,LysM
NP_417151.1,2,PF04972,BON
NP_417153.1,5,PF01022,HTH_5
NP_417153.1,5,PF01047,MarR
NP_417153.1,5,PF12802,MarR_2
NP_417153.1,5,PF12840,HTH_20
NP_417153.1,5,PF13412,HTH_24
NP_417154.1,2,PF00581,Rhodanese
NP_417154.1,2,PF11127,YgaP-like_TM
NP_417155.1,2,PF00816,Histone_HNS
NP_417155.1,2,PF22470,Histone_HNS_N
NP_417158.4,2,PF05957,DUF883
NP_417158.4,2,PF19029,DUF883_C
NP_417161.1,3,PF00317,Ribonuc_red_lgN
NP_417161.1,3,PF02867,Ribonuc_red_lgC
NP_417161.1,3,PF08343,RNR_N
NP_417163.1,2,PF00005,ABC_tran
NP_417163.1,2,PF00571,CBS
NP_417169.1,2,PF01047,MarR
NP_417169.1,2,PF12802,MarR_2
NP_417170.1,3,PF25885,HH_EMRA
NP_417170.1,3,PF25917,BSH_RND
NP_417170.1,3,PF25963,Beta-barrel_AAEA
NP_417171.1,2,PF03137,OATP
NP_417171.1,2,PF07690,MFS_1
NP_417175.1,3,PF00702,Hydrolase
NP_417175.1,3,PF12710,HAD
NP_417175.1,3,PF13419,HAD_2
NP_417177.1,3,PF01411,tRNA-synt_2c
NP_417177.1,3,PF02272,DHHA1
NP_417177.1,3,PF07973,tRNA_SAD
NP_417178.1,3,PF02631,RecX_HTH2
NP_417178.1,3,PF21981,RecX_HTH3
NP_417178.1,3,PF21982,RecX_HTH1
NP_417179.1,5,PF00154,RecA_N
NP_417179.1,5,PF06745,ATPase
NP_417179.1,5,PF08423,Rad51
NP_417179.1,5,PF21096,RecA_C
NP_417179.1,5,PF27531,MT3502_N
NP_417185.1,2,PF00106,adh_short
NP_417185.1,2,PF13561,adh_short_C2
NP_417187.1,3,PF00455,DeoRC
NP_417187.1,3,PF08220,HTH_DeoR
NP_417187.1,3,PF08279,HTH_11
NP_417188.4,2,PF00571,CBS
NP_417188.4,2,PF01380,SIS
NP_417189.2,9,PF00004,AAA
NP_417189.2,9,PF00158,Sigma54_activat
NP_417189.2,9,PF00493,MCM
NP_417189.2,9,PF01078,Mg_chelatase
NP_417189.2,9,PF01590,GAF
NP_417189.2,9,PF07728,AAA_5
NP_417189.2,9,PF13185,GAF_2
NP_417189.2,9,PF14532,Sigma54_activ_2
NP_417189.2,9,PF25601,AAA_lid_14
NP_417190.1,5,PF00258,Flavodoxin_1
NP_417190.1,5,PF00301,Rubredoxin
NP_417190.1,5,PF00753,Lactamase_B
NP_417190.1,5,PF12706,Lactamase_B_2
NP_417190.1,5,PF19583,ODP
NP_417191.1,7,PF00070,Pyr_redox
NP_417191.1,7,PF01266,DAO
NP_417191.1,7,PF07992,Pyr_redox_2
NP_417191.1,7,PF13241,NAD_binding_7
NP_417191.1,7,PF13434,Lys_Orn_oxgnase
NP_417191.1,7,PF13738,Pyr_redox_3
NP_417191.1,7,PF18113,Rbx_binding
NP_417192.1,5,PF00708,Acylphosphatase
NP_417192.1,5,PF01300,Sua5_yciO_yrdC
NP_417192.1,5,PF07503,zf-HYPF
NP_417192.1,5,PF17788,HypF_C
NP_417192.1,5,PF22521,HypF_C_2
NP_417193.1,10,PF00037,Fer4
NP_417193.1,10,PF12797,Fer4_2
NP_417193.1,10,PF12800,Fer4_4
NP_417193.1,10,PF12837,Fer4_6
NP_417193.1,10,PF12838,Fer4_7
NP_417193.1,10,PF13183,Fer4_8
NP_417193.1,10,PF13187,Fer4_9
NP_417193.1,10,PF13237,Fer4_10
NP_417193.1,10,PF13247,Fer4_11
NP_417193.1,10,PF25160,LdpA_Fe-S-bd
NP_417194.2,4,PF00356,LacI
NP_417194.2,4,PF00532,Peripla_BP_1
NP_417194.2,4,PF13377,Peripla_BP_3
NP_417194.2,4,PF13407,Peripla_BP_4
NP_417200.1,6,PF00037,Fer4
NP_417200.1,6,PF12797,Fer4_2
NP_417200.1,6,PF12837,Fer4_6
NP_417200.1,6,PF12838,Fer4_7
NP_417200.1,6,PF13187,Fer4_9
NP_417200.1,6,PF13237,Fer4_10
NP_417201.1,3,PF00329,Complex1_30kDa
NP_417201.1,3,PF00346,Complex1_49kDa
NP_417201.1,3,PF00374,NiFeSe_Hases
NP_417204.1,8,PF00037,Fer4
NP_417204.1,8,PF12837,Fer4_6
NP_417204.1,8,PF12838,Fer4_7
NP_417204.1,8,PF13187,Fer4_9
NP_417204.1,8,PF13237,Fer4_10
NP_417204.1,8,PF13247,Fer4_11
NP_417204.1,8,PF13484,Fer4_16
NP_417204.1,8,PF25160,LdpA_Fe-S-bd
NP_417210.2,2,PF00586,AIRS
NP_417210.2,2,PF02769,AIRS_C
NP_417211.1,8,PF00004,AAA
NP_417211.1,8,PF00158,Sigma54_activat
NP_417211.1,8,PF01590,GAF
NP_417211.1,8,PF07728,AAA_5
NP_417211.1,8,PF13185,GAF_2
NP_417211.1,8,PF13492,GAF_3
NP_417211.1,8,PF14532,Sigma54_activ_2
NP_417211.1,8,PF25601,AAA_lid_14
NP_417213.1,6,PF00488,MutS_V
NP_417213.1,6,PF01624,MutS_I
NP_417213.1,6,PF05188,MutS_II
NP_417213.1,6,PF05190,MutS_IV
NP_417213.1,6,PF05192,MutS_III
NP_417213.1,6,PF27441,MutS_C
NP_417215.2,3,PF00455,DeoRC
NP_417215.2,3,PF08220,HTH_DeoR
NP_417215.2,3,PF08279,HTH_11
NP_417216.1,2,PF03446,NAD_binding_2
NP_417216.1,2,PF14833,NAD_binding_11
NP_417217.1,2,PF07005,SBD_N
NP_417217.1,2,PF17042,NBD_C
NP_417220.1,2,PF02447,GntP_permease
NP_417220.1,2,PF03600,CitMHS
NP_417221.1,4,PF00140,Sigma70_r1_2
NP_417221.1,4,PF04539,Sigma70_r3
NP_417221.1,4,PF04542,Sigma70_r2
NP_417221.1,4,PF04545,Sigma70_r4
NP_417222.1,2,PF01476,LysM
NP_417222.1,2,PF01551,Peptidase_M23
NP_417223.1,3,PF00398,RrnaAD
NP_417223.1,3,PF01135,PCMT
NP_417223.1,3,PF13649,Methyltransf_25
NP_417227.1,2,PF01128,IspD
NP_417227.1,2,PF12804,NTP_transf_3
NP_417230.1,2,PF01583,APS_kinase
NP_417230.1,2,PF13671,AAA_33
NP_417231.1,3,PF00009,GTP_EFTU
NP_417231.1,3,PF01926,MMR_HSR1
NP_417231.1,3,PF22594,GTP-eEF1A_C
NP_417233.1,2,PF04389,Peptidase_M28
NP_417233.1,2,PF05343,Peptidase_M42
NP_417241.1,5,PF00270,DEAD
NP_417241.1,5,PF00271,Helicase_C
NP_417241.1,5,PF04851,ResIII
NP_417241.1,5,PF18019,Cas3_HD
NP_417241.1,5,PF22590,Cas3-like_C_2
NP_417243.1,2,PF01077,NIR_SIR
NP_417243.1,2,PF03460,NIR_SIR_ferr
NP_417244.1,3,PF00175,NAD_binding_1
NP_417244.1,3,PF00258,Flavodoxin_1
NP_417244.1,3,PF00667,FAD_binding_1
NP_417246.4,10,PF00890,FAD_binding_2
NP_417246.4,10,PF01134,GIDA
NP_417246.4,10,PF01266,DAO
NP_417246.4,10,PF01494,FAD_binding_3
NP_417246.4,10,PF04820,Trp_halogenase
NP_417246.4,10,PF05834,Lycopene_cycl
NP_417246.4,10,PF07992,Pyr_redox_2
NP_417246.4,10,PF12831,FAD_oxidored
NP_417246.4,10,PF13450,NAD_binding_8
NP_417246.4,10,PF21162,ETFQO_UQ-bd
NP_417249.4,2,PF00766,ETF_alpha
NP_417249.4,2,PF01012,ETF
NP_417251.2,2,PF00083,Sugar_tr
NP_417251.2,2,PF07690,MFS_1
NP_417254.4,3,PF00106,adh_short
NP_417254.4,3,PF08659,KR
NP_417254.4,3,PF13561,adh_short_C2
NP_417256.1,2,PF00370,FGGY_N
NP_417256.1,2,PF02782,FGGY_C
NP_417259.1,2,PF00113,Enolase_C
NP_417259.1,2,PF03952,Enolase_N
NP_417260.1,3,PF00117,GATase
NP_417260.1,3,PF06418,CTP_synth_N
NP_417260.1,3,PF07722,Peptidase_C26
NP_417261.1,2,PF01503,PRA-PH
NP_417261.1,2,PF03819,MazG
NP_417264.1,8,PF01842,ACT
NP_417264.1,8,PF02824,TGS
NP_417264.1,8,PF04607,RelA_SpoT
NP_417264.1,8,PF13291,ACT_4
NP_417264.1,8,PF13328,HD_4
NP_417264.1,8,PF19296,RelA_AH
NP_417264.1,8,PF22629,ACT_AHAS_ss
NP_417264.1,8,PF28438,RelA_RIS
NP_417265.1,8,PF00398,RrnaAD
NP_417265.1,8,PF01135,PCMT
NP_417265.1,8,PF01938,TRAM
NP_417265.1,8,PF02475,TRM5-TYW2_MTfase
NP_417265.1,8,PF05958,tRNA_U5-meth_tr
NP_417265.1,8,PF08241,Methyltransf_11
NP_417265.1,8,PF13649,Methyltransf_25
NP_417265.1,8,PF13847,Methyltransf_31
NP_417266.1,6,PF00072,Response_reg
NP_417266.1,6,PF00512,HisKA
NP_417266.1,6,PF00672,HAMP
NP_417266.1,6,PF01627,Hpt
NP_417266.1,6,PF02518,HATPase_c
NP_417266.1,6,PF09984,sCache_4
NP_417268.1,2,PF02746,MR_MLE_N
NP_417268.1,2,PF13378,MR_MLE_C
NP_417274.1,2,PF14489,QueF
NP_417274.1,2,PF14819,QueF_N
NP_417275.1,3,PF03641,Lysine_decarbox
NP_417275.1,3,PF11892,PpnN_C
NP_417275.1,3,PF14793,DUF4478
NP_417277.1,2,PF03313,SDH_alpha
NP_417277.1,2,PF03315,SDH_beta
NP_417278.4,2,PF01367,5_3_exonuc
NP_417278.4,2,PF02739,5_3_exonuc_N
NP_417279.2,3,PF00465,Fe-ADH
NP_417279.2,3,PF13685,Fe-ADH_2
NP_417279.2,3,PF25137,ADH_Fe_C
NP_417281.1,2,PF00083,Sugar_tr
NP_417281.1,2,PF07690,MFS_1
NP_417282.1,3,PF02952,Fucose_iso_C
NP_417282.1,3,PF07881,Fucose_iso_N1
NP_417282.1,3,PF07882,Fucose_iso_N2
NP_417283.2,2,PF00370,FGGY_N
NP_417283.2,2,PF02782,FGGY_C
NP_417285.1,5,PF00392,GntR
NP_417285.1,5,PF00455,DeoRC
NP_417285.1,5,PF08220,HTH_DeoR
NP_417285.1,5,PF08279,HTH_11
NP_417285.1,5,PF08280,HTH_Mga
NP_417286.1,3,PF01728,FtsJ
NP_417286.1,3,PF18125,RlmM_FDX
NP_417286.1,3,PF21239,RLMM_N
NP_417288.1,2,PF00126,HTH_1
NP_417288.1,2,PF03466,LysR_substrate
NP_417293.1,2,PF03562,MltA
NP_417293.1,2,PF06725,3D
NP_417294.4,2,PF01520,Amidase_3
NP_417294.4,2,PF11741,AMIN
NP_417295.1,3,PF00583,Acetyltransf_1
NP_417295.1,3,PF00696,AA_kinase
NP_417295.1,3,PF13508,Acetyltransf_7
NP_417296.1,10,PF00580,UvrD-helicase
NP_417296.1,10,PF01443,Viral_helicase1
NP_417296.1,10,PF05127,NAT10_TcmA_helicase
NP_417296.1,10,PF09848,SLFN-g3_helicase
NP_417296.1,10,PF13086,AAA_11
NP_417296.1,10,PF13245,AAA_19
NP_417296.1,10,PF13401,AAA_22
NP_417296.1,10,PF13538,UvrD_C_2
NP_417296.1,10,PF13604,AAA_30
NP_417296.1,10,PF21185,RecD_N
NP_417297.1,5,PF00580,UvrD-helicase
NP_417297.1,5,PF12705,PDDEXK_1
NP_417297.1,5,PF13245,AAA_19
NP_417297.1,5,PF13361,UvrD_C
NP_417297.1,5,PF13538,UvrD_C_2
NP_417298.1,4,PF00675,Peptidase_M16
NP_417298.1,4,PF05193,Peptidase_M16_C
NP_417298.1,4,PF16187,Peptidase_M16_M
NP_417298.1,4,PF22456,PqqF-like_C_4
NP_417299.1,3,PF04257,Exonuc_V_gamma
NP_417299.1,3,PF17946,RecC_C
NP_417299.1,3,PF27451,RecC_4th
NP_417300.1,2,PF07963,N_methyl
NP_417300.1,2,PF12528,T2SSppdC
NP_417302.1,2,PF07963,N_methyl
NP_417302.1,2,PF27121,PpdB
NP_417306.1,6,PF00391,PEP-utilizers
NP_417306.1,6,PF01590,GAF
NP_417306.1,6,PF02896,PEP-utilizers_C
NP_417306.1,6,PF05524,PEP-utilisers_N
NP_417306.1,6,PF13185,GAF_2
NP_417306.1,6,PF13492,GAF_3
NP_417313.1,2,PF00501,AMP-binding
NP_417313.1,2,PF01553,Acyltransferase
NP_417314.1,4,PF00356,LacI
NP_417314.1,4,PF00532,Peripla_BP_1
NP_417314.1,4,PF13377,Peripla_BP_3
NP_417314.1,4,PF13407,Peripla_BP_4
NP_417315.1,2,PF00278,Orn_DAP_Arg_deC
NP_417315.1,2,PF02784,Orn_Arg_deC_N
NP_417316.1,2,PF00126,HTH_1
NP_417316.1,2,PF03466,LysR_substrate
NP_417318.1,3,PF00083,Sugar_tr
NP_417318.1,3,PF06609,TRI12
NP_417318.1,3,PF07690,MFS_1
NP_417319.1,3,PF00106,adh_short
NP_417319.1,3,PF08659,KR
NP_417319.1,3,PF13561,adh_short_C2
NP_417321.2,3,PF00108,Thiolase_N
NP_417321.2,3,PF00109,ketoacyl-synt
NP_417321.2,3,PF02803,Thiolase_C
NP_417323.2,3,PF00196,GerE
NP_417323.2,3,PF06056,Terminase_5
NP_417323.2,3,PF27348,EcpR_N
NP_417337.1,3,PF00665,rve
NP_417337.1,3,PF13276,HTH_21
NP_417337.1,3,PF13683,rve_3
NP_417341.4,2,PF01476,LysM
NP_417341.4,2,PF01551,Peptidase_M23
NP_417342.1,3,PF01315,Ald_Xan_dh_C
NP_417342.1,3,PF02738,MoCoBD_1
NP_417342.1,3,PF20256,MoCoBD_2
NP_417343.1,2,PF00941,FAD_binding_5
NP_417343.1,2,PF03450,CO_deh_flav_C
NP_417344.1,2,PF00111,Fer2
NP_417344.1,2,PF01799,Fer2_2
NP_417345.1,9,PF00158,Sigma54_activat
NP_417345.1,9,PF00989,PAS
NP_417345.1,9,PF01078,Mg_chelatase
NP_417345.1,9,PF02954,HTH_8
NP_417345.1,9,PF07728,AAA_5
NP_417345.1,9,PF13188,PAS_8
NP_417345.1,9,PF14532,Sigma54_activ_2
NP_417345.1,9,PF18024,HTH_50
NP_417345.1,9,PF25601,AAA_lid_14
NP_417348.1,2,PF01546,Peptidase_M20
NP_417348.1,2,PF07687,M20_dimer
NP_417349.4,2,PF01979,Amidohydro_1
NP_417349.4,2,PF07969,Amidohydro_3
NP_417351.1,3,PF02625,XdhC_CoxI
NP_417351.1,3,PF02737,3HCDH_N
NP_417351.1,3,PF13478,XdhC_C
NP_417354.1,8,PF00070,Pyr_redox
NP_417354.1,8,PF00890,FAD_binding_2
NP_417354.1,8,PF01494,FAD_binding_3
NP_417354.1,8,PF01946,Thi4
NP_417354.1,8,PF07992,Pyr_redox_2
NP_417354.1,8,PF13450,NAD_binding_8
NP_417354.1,8,PF13738,Pyr_redox_3
NP_417354.1,8,PF14691,Fer4_20
NP_417357.1,4,PF01315,Ald_Xan_dh_C
NP_417357.1,4,PF01799,Fer2_2
NP_417357.1,4,PF02738,MoCoBD_1
NP_417357.1,4,PF20256,MoCoBD_2
NP_417359.1,2,PF01979,Amidohydro_1
NP_417359.1,2,PF07969,Amidohydro_3
NP_417362.4,11,PF00037,Fer4
NP_417362.4,11,PF12797,Fer4_2
NP_417362.4,11,PF12800,Fer4_4
NP_417362.4,11,PF12837,Fer4_6
NP_417362.4,11,PF12838,Fer4_7
NP_417362.4,11,PF13183,Fer4_8
NP_417362.4,11,PF13187,Fer4_9
NP_417362.4,11,PF13237,Fer4_10
NP_417362.4,11,PF13247,Fer4_11
NP_417362.4,11,PF13484,Fer4_16
NP_417362.4,11,PF25160,LdpA_Fe-S-bd
NP_417363.2,13,PF00037,Fer4
NP_417363.2,13,PF00070,Pyr_redox
NP_417363.2,13,PF01262,AlaDh_PNT_C
NP_417363.2,13,PF01494,FAD_binding_3
NP_417363.2,13,PF07992,Pyr_redox_2
NP_417363.2,13,PF12837,Fer4_6
NP_417363.2,13,PF12838,Fer4_7
NP_417363.2,13,PF13187,Fer4_9
NP_417363.2,13,PF13237,Fer4_10
NP_417363.2,13,PF13247,Fer4_11
NP_417363.2,13,PF13450,NAD_binding_8
NP_417363.2,13,PF14691,Fer4_20
NP_417363.2,13,PF25160,LdpA_Fe-S-bd
NP_417366.1,3,PF00152,tRNA-synt_2
NP_417366.1,3,PF01336,tRNA_anti-codon
NP_417366.1,3,PF01409,tRNA-synt_2d
NP_417367.1,2,PF00472,RF-1
NP_417367.1,2,PF03462,PCRF
NP_417368.1,3,PF01368,DHH
NP_417368.1,3,PF02272,DHHA1
NP_417368.1,3,PF17768,RecJ_OB
NP_417369.1,3,PF01323,DSBA
NP_417369.1,3,PF10411,DsbC_N
NP_417369.1,3,PF13098,Thioredoxin_2
NP_417370.1,2,PF00589,Phage_integrase
NP_417370.1,2,PF02899,Phage_int_SAM_1
NP_417378.1,3,PF00106,adh_short
NP_417378.1,3,PF08659,KR
NP_417378.1,3,PF13561,adh_short_C2
NP_417379.1,3,PF01212,Beta_elim_lyase
NP_417379.1,3,PF02347,GDC-P
NP_417379.1,3,PF21478,GcvP2_C
NP_417381.1,2,PF01571,GCV_T
NP_417381.1,2,PF08669,GCV_T_C
NP_417382.1,3,PF01266,DAO
NP_417382.1,3,PF01494,FAD_binding_3
NP_417382.1,3,PF08491,SE
NP_417383.1,2,PF01494,FAD_binding_3
NP_417383.1,2,PF05834,Lycopene_cycl
NP_417384.1,2,PF00557,Peptidase_M24
NP_417384.1,2,PF05195,AMP_N
NP_417388.1,5,PF00389,2-Hacid_dh
NP_417388.1,5,PF01842,ACT
NP_417388.1,5,PF02826,2-Hacid_dh_C
NP_417388.1,5,PF03446,NAD_binding_2
NP_417388.1,5,PF22629,ACT_AHAS_ss
NP_417391.1,2,PF00126,HTH_1
NP_417391.1,2,PF03466,LysR_substrate
NP_417392.1,2,PF01642,MM_CoA_mutase
NP_417392.1,2,PF02310,B12-binding
NP_417393.1,2,PF02492,cobW
NP_417393.1,2,PF03308,MeaB
NP_417394.4,2,PF00378,ECH_1
NP_417394.4,2,PF16113,ECH_2
NP_417395.1,2,PF02550,AcetylCoA_hydro
NP_417395.1,2,PF13336,AcetylCoA_hyd_C
NP_417396.4,2,PF00126,HTH_1
NP_417396.4,2,PF03466,LysR_substrate
NP_417399.1,4,PF00924,MS_channel_2nd
NP_417399.1,4,PF05552,MS_channel_1st_1
NP_417399.1,4,PF21082,MS_channel_3rd
NP_417399.1,4,PF21088,MS_channel_1st
NP_417402.1,2,PF00044,Gp_dh_N
NP_417402.1,2,PF02800,Gp_dh_C
NP_417408.1,2,PF02302,PTS_IIB
NP_417408.1,2,PF02378,PTS_EIIC
NP_417413.1,3,PF02784,Orn_Arg_deC_N
NP_417413.1,3,PF17810,Arg_decarb_HB
NP_417413.1,3,PF17944,Arg_decarbox_C
NP_417417.1,3,PF00438,S-AdoMet_synt_N
NP_417417.1,3,PF02772,S-AdoMet_synt_M
NP_417417.1,3,PF02773,S-AdoMet_synt_C
NP_417418.1,3,PF00083,Sugar_tr
NP_417418.1,3,PF06609,TRI12
NP_417418.1,3,PF07690,MFS_1
NP_417419.1,2,PF10263,SprT-like
NP_417419.1,2,PF17283,Zn_ribbon_SprT
NP_417421.4,2,PF04452,Methyltrans_RNA
NP_417421.4,2,PF20260,PUA_4
NP_417422.1,4,PF02951,GSH-S_N
NP_417422.1,4,PF02955,GSH-S_ATP
NP_417422.1,4,PF08443,RimK
NP_417422.1,4,PF14398,ATPgrasp_YheCD
NP_417430.1,2,PF04055,Radical_SAM
NP_417430.1,2,PF06969,HemN_C
NP_417432.1,2,PF00710,Asparaginase
NP_417432.1,2,PF17763,Asparaginase_C
NP_417436.1,4,PF00633,HHH
NP_417436.1,4,PF00730,HhH-GPD
NP_417436.1,4,PF10576,EndIII_4Fe-2S
NP_417436.1,4,PF14815,NUDIX_4
NP_417438.2,2,PF01464,SLT
NP_417438.2,2,PF11873,Mltc_N
NP_417439.4,3,PF03825,Nuc_H_symport
NP_417439.4,3,PF07690,MFS_1
NP_417439.4,3,PF12832,MFS_1_like
NP_417440.4,3,PF01276,OKR_DC_1
NP_417440.4,3,PF03709,OKR_DC_1_N
NP_417440.4,3,PF03711,OKR_DC_1_C
NP_417446.4,2,PF01478,Peptidase_A24
NP_417446.4,2,PF06750,A24_N_bact
NP_417450.1,4,PF01274,MS_TIM-barrel
NP_417450.1,4,PF20656,MS_N
NP_417450.1,4,PF20658,MSG_insertion
NP_417450.1,4,PF20659,MS_C
NP_417453.1,2,PF01565,FAD_binding_4
NP_417453.1,2,PF02913,FAD-oxidase_C
NP_417454.1,2,PF00392,GntR
NP_417454.1,2,PF07729,FCD
NP_417456.2,2,PF01609,DDE_Tnp_1
NP_417456.2,2,PF05598,DUF772
NP_417462.1,2,PF03738,GSP_synth
NP_417462.1,2,PF05257,CHAP
NP_417463.4,5,PF00043,GST_C
NP_417463.4,5,PF02798,GST_N
NP_417463.4,5,PF13409,GST_N_2
NP_417463.4,5,PF13410,GST_C_2
NP_417463.4,5,PF14497,GST_C_3
NP_417468.1,2,PF00374,NiFeSe_Hases
NP_417468.1,2,PF27537,HoxH
NP_417470.1,7,PF00037,Fer4
NP_417470.1,7,PF12797,Fer4_2
NP_417470.1,7,PF12837,Fer4_6
NP_417470.1,7,PF12838,Fer4_7
NP_417470.1,7,PF13187,Fer4_9
NP_417470.1,7,PF13237,Fer4_10
NP_417470.1,7,PF13247,Fer4_11
NP_417471.1,2,PF01058,Oxidored_q6
NP_417471.1,2,PF14720,NiFe_hyd_SSU_C
NP_417476.1,4,PF00106,adh_short
NP_417476.1,4,PF08659,KR
NP_417476.1,4,PF13561,adh_short_C2
NP_417476.1,4,PF23441,SDR
NP_417483.2,3,PF00165,HTH_AraC
NP_417483.2,3,PF06719,AraC_N
NP_417483.2,3,PF12833,HTH_18
NP_417484.1,3,PF00465,Fe-ADH
NP_417484.1,3,PF13685,Fe-ADH_2
NP_417484.1,3,PF25137,ADH_Fe_C
NP_417489.1,2,PF07731,Cu-oxidase_2
NP_417489.1,2,PF07732,Cu-oxidase_3
NP_417491.1,2,PF00521,DNA_topoisoIV
NP_417491.1,2,PF03989,DNA_gyraseA_C
NP_417497.1,2,PF00072,Response_reg
NP_417497.1,2,PF00486,Trans_reg_C
NP_417498.1,4,PF00512,HisKA
NP_417498.1,4,PF02518,HATPase_c
NP_417498.1,4,PF08521,2CSK_N
NP_417498.1,4,PF26769,HAMP_PhoQ
NP_417502.1,4,PF00204,DNA_gyraseB
NP_417502.1,4,PF00986,DNA_gyraseB_C
NP_417502.1,4,PF01751,Toprim
NP_417502.1,4,PF02518,HATPase_c
NP_417504.1,2,PF00149,Metallophos
NP_417504.1,2,PF12850,Metallophos_2
NP_417517.1,3,PF00665,rve
NP_417517.1,3,PF13276,HTH_21
NP_417517.1,3,PF13683,rve_3
NP_417519.4,2,PF00345,PapD_N
NP_417519.4,2,PF02753,PapD_C
NP_417522.1,2,PF07290,YqiJ_OB
NP_417522.1,2,PF21001,YqiJ_N
NP_417523.1,2,PF01145,Band_7
NP_417523.1,2,PF15975,Flot
NP_417524.1,3,PF00294,PfkB
NP_417524.1,3,PF01467,CTP_transf_like
NP_417524.1,3,PF08543,Phos_pyr_kin
NP_417525.1,2,PF03710,GlnE
NP_417525.1,2,PF08335,GlnD_UR_UTase
NP_417526.1,2,PF01928,CYTH
NP_417526.1,2,PF05235,CHAD
NP_417528.1,3,PF01743,PolyA_pol
NP_417528.1,3,PF01966,HD
NP_417528.1,3,PF12627,PolyA_pol_RNAbd
NP_417532.1,2,PF00126,HTH_1
NP_417532.1,2,PF03466,LysR_substrate
NP_417535.1,2,PF00939,Na_sulph_symp
NP_417535.1,2,PF03600,CitMHS
NP_417536.1,2,PF00814,TsaD
NP_417536.1,2,PF22521,HypF_C_2
NP_417538.1,8,PF01751,Toprim
NP_417538.1,8,PF01807,Zn_ribbon_DnaG
NP_417538.1,8,PF08275,DNAG_N
NP_417538.1,8,PF08278,DnaG_DnaB_bind
NP_417538.1,8,PF10410,DnaB_bind
NP_417538.1,8,PF13155,Toprim_2
NP_417538.1,8,PF13362,Toprim_3
NP_417538.1,8,PF13662,Toprim_4
NP_417539.1,6,PF00140,Sigma70_r1_2
NP_417539.1,6,PF03979,Sigma70_r1_1
NP_417539.1,6,PF04539,Sigma70_r3
NP_417539.1,6,PF04542,Sigma70_r2
NP_417539.1,6,PF04545,Sigma70_r4
NP_417539.1,6,PF04546,Sigma70_ner
NP_417541.1,2,PF04954,SIP
NP_417541.1,2,PF08021,FAD_binding_9
NP_417543.1,5,PF00015,MCPsignal
NP_417543.1,5,PF00672,HAMP
NP_417543.1,5,PF00989,PAS
NP_417543.1,5,PF08447,PAS_3
NP_417543.1,5,PF13426,PAS_9
NP_417546.1,3,PF00356,LacI
NP_417546.1,3,PF00532,Peripla_BP_1
NP_417546.1,3,PF13377,Peripla_BP_3
NP_417551.1,5,PF01204,Trehalase
NP_417551.1,5,PF03200,Glyco_hydro_63
NP_417551.1,5,PF17389,Bac_rhamnosid6H
NP_417551.1,5,PF21152,YgjK_N
NP_417551.1,5,PF22422,MGH1-like_GH
NP_417552.1,6,PF00070,Pyr_redox
NP_417552.1,6,PF00724,Oxidored_FMN
NP_417552.1,6,PF00890,FAD_binding_2
NP_417552.1,6,PF01266,DAO
NP_417552.1,6,PF07992,Pyr_redox_2
NP_417552.1,6,PF13450,NAD_binding_8
NP_417555.4,6,PF05175,MTS
NP_417555.4,6,PF06325,PrmA
NP_417555.4,6,PF08242,Methyltransf_12
NP_417555.4,6,PF13649,Methyltransf_25
NP_417555.4,6,PF13847,Methyltransf_31
NP_417555.4,6,PF26049,RLMG_N
NP_417558.2,2,PF01408,GFO_IDH_MocA
NP_417558.2,2,PF22725,GFO_IDH_MocA_C3
NP_417562.1,3,PF04295,GD_AH_second
NP_417562.1,3,PF08666,SAF
NP_417562.1,3,PF20629,GD_AH_C
NP_417565.2,2,PF00392,GntR
NP_417565.2,2,PF07729,FCD
NP_417569.1,2,PF05957,DUF883
NP_417569.1,2,PF19029,DUF883_C
NP_417573.1,4,PF00043,GST_C
NP_417573.1,4,PF13409,GST_N_2
NP_417573.1,4,PF13410,GST_C_2
NP_417573.1,4,PF14497,GST_C_3
NP_417576.1,2,PF00126,HTH_1
NP_417576.1,2,PF03466,LysR_substrate
NP_417577.1,2,PF02678,Pirin
NP_417577.1,2,PF17954,Pirin_C_2
NP_417588.1,2,PF00126,HTH_1
NP_417588.1,2,PF03466,LysR_substrate
NP_417594.3,5,PF02737,3HCDH_N
NP_417594.3,5,PF02826,2-Hacid_dh_C
NP_417594.3,5,PF03446,NAD_binding_2
NP_417594.3,5,PF03807,F420_oxidored
NP_417594.3,5,PF14833,NAD_binding_11
NP_417596.1,2,PF00083,Sugar_tr
NP_417596.1,2,PF07690,MFS_1
NP_417597.1,3,PF04295,GD_AH_second
NP_417597.1,3,PF08666,SAF
NP_417597.1,3,PF20629,GD_AH_C
NP_417600.1,3,PF00455,DeoRC
NP_417600.1,3,PF08220,HTH_DeoR
NP_417600.1,3,PF08279,HTH_11
NP_417612.1,2,PF00345,PapD_N
NP_417612.1,2,PF02753,PapD_C
NP_417613.1,3,PF00577,Usher
NP_417613.1,3,PF13953,PapC_C
NP_417613.1,3,PF13954,PapC_N
NP_417615.1,2,PF00590,TP_methylase
NP_417615.1,2,PF23016,RsmI_C
NP_417618.1,2,PF01380,SIS
NP_417618.1,2,PF13580,SIS_2
NP_417621.2,4,PF01118,Semialdhyde_dh
NP_417621.2,4,PF01370,Epimerase
NP_417621.2,4,PF07993,NAD_binding_4
NP_417621.2,4,PF13460,NAD_binding_10
NP_417625.1,3,PF00583,Acetyltransf_1
NP_417625.1,3,PF13508,Acetyltransf_7
NP_417625.1,3,PF13527,Acetyltransf_9
NP_417626.1,2,PF02036,SCP2
NP_417626.1,2,PF14864,Alkyl_sulf_C
NP_417631.2,6,PF00270,DEAD
NP_417631.2,6,PF00271,Helicase_C
NP_417631.2,6,PF03880,DbpA
NP_417631.2,6,PF04851,ResIII
NP_417631.2,6,PF12343,DeaD_C
NP_417631.2,6,PF25399,DeaD_dimer
NP_417632.1,7,PF00515,TPR_1
NP_417632.1,7,PF07719,TPR_2
NP_417632.1,7,PF13181,TPR_8
NP_417632.1,7,PF13414,TPR_11
NP_417632.1,7,PF13428,TPR_14
NP_417632.1,7,PF13432,TPR_16
NP_417632.1,7,PF14559,TPR_19
NP_417633.4,5,PF00013,KH_1
NP_417633.4,5,PF00575,S1
NP_417633.4,5,PF01138,RNase_PH
NP_417633.4,5,PF03725,RNase_PH_C
NP_417633.4,5,PF03726,PNPase
NP_417635.1,3,PF01509,TruB_N
NP_417635.1,3,PF09157,TruB-C_2
NP_417635.1,3,PF16198,TruB_C_2
NP_417637.1,9,PF00009,GTP_EFTU
NP_417637.1,9,PF00025,Arf
NP_417637.1,9,PF00071,Ras
NP_417637.1,9,PF01926,MMR_HSR1
NP_417637.1,9,PF03144,GTP_EFTU_D2
NP_417637.1,9,PF04760,IF2_N
NP_417637.1,9,PF08364,IF2_assoc
NP_417637.1,9,PF11987,IF-2
NP_417637.1,9,PF22042,EF-G_D2
NP_417638.1,5,PF00575,S1
NP_417638.1,5,PF08529,NusA_N
NP_417638.1,5,PF13184,KH_NusA_1st
NP_417638.1,5,PF14520,HHH_5
NP_417638.1,5,PF26594,KH_NusA_2nd
NP_417639.6,2,PF02576,RimP_N
NP_417639.6,2,PF17384,DUF150_C
NP_417640.1,2,PF00764,Arginosuc_synth
NP_417640.1,2,PF20979,Arginosuc_syn_C
NP_417643.1,4,PF00408,PGM_PMM_IV
NP_417643.1,4,PF02878,PGM_PMM_I
NP_417643.1,4,PF02879,PGM_PMM_II
NP_417643.1,4,PF02880,PGM_PMM_III
NP_417645.1,6,PF00004,AAA
NP_417645.1,6,PF01434,Peptidase_M41
NP_417645.1,6,PF06068,TIP49
NP_417645.1,6,PF06480,FtsH_ext
NP_417645.1,6,PF07728,AAA_5
NP_417645.1,6,PF17862,AAA_lid_3
NP_417648.4,2,PF01272,GreA_GreB
NP_417648.4,2,PF03449,GreA_GreB_N
NP_417649.1,2,PF02113,Peptidase_S13
NP_417649.1,2,PF13354,Beta-lactamase2
NP_417650.1,3,PF01018,GTP1_OBG
NP_417650.1,3,PF01926,MMR_HSR1
NP_417650.1,3,PF02421,FeoB_N
NP_417658.4,2,PF01740,STAS
NP_417658.4,2,PF13466,STAS_2
NP_417662.1,2,PF00005,ABC_tran
NP_417662.1,2,PF13304,AAA_21
NP_417664.1,2,PF00571,CBS
NP_417664.1,2,PF01380,SIS
NP_417668.1,2,PF00005,ABC_tran
NP_417668.1,2,PF12399,BCA_ABC_TP_C
NP_417669.1,3,PF00309,Sigma54_AID
NP_417669.1,3,PF04552,Sigma54_DBD
NP_417669.1,3,PF04963,Sigma54_CBD
NP_417672.1,2,PF03668,RapZ-like_N
NP_417672.1,2,PF22740,PapZ_C
NP_417678.1,2,PF04055,Radical_SAM
NP_417678.1,2,PF16199,Radical_SAM_C
NP_417679.2,4,PF00310,GATase_2
NP_417679.2,4,PF01493,GXGXG
NP_417679.2,4,PF01645,Glu_synthase
NP_417679.2,4,PF04898,Glu_syn_central
NP_417680.1,12,PF00070,Pyr_redox
NP_417680.1,12,PF00743,FMO-like
NP_417680.1,12,PF00890,FAD_binding_2
NP_417680.1,12,PF01266,DAO
NP_417680.1,12,PF01494,FAD_binding_3
NP_417680.1,12,PF01946,Thi4
NP_417680.1,12,PF03807,F420_oxidored
NP_417680.1,12,PF07992,Pyr_redox_2
NP_417680.1,12,PF13241,NAD_binding_7
NP_417680.1,12,PF13450,NAD_binding_8
NP_417680.1,12,PF13738,Pyr_redox_3
NP_417680.1,12,PF14691,Fer4_20
NP_417683.1,3,PF00577,Usher
NP_417683.1,3,PF13953,PapC_C
NP_417683.1,3,PF13954,PapC_N
NP_417685.2,2,PF01609,DDE_Tnp_1
NP_417685.2,2,PF05598,DUF772
NP_417687.1,2,PF06250,YhcG_C
NP_417687.1,2,PF17761,DUF1016_N
NP_417691.4,2,PF00083,Sugar_tr
NP_417691.4,2,PF07690,MFS_1
NP_417693.3,2,PF00392,GntR
NP_417693.3,2,PF07729,FCD
NP_417696.1,5,PF00043,GST_C
NP_417696.1,5,PF02798,GST_N
NP_417696.1,5,PF13409,GST_N_2
NP_417696.1,5,PF13410,GST_C_2
NP_417696.1,5,PF13417,GST_N_3
NP_417701.1,6,PF00089,Trypsin
NP_417701.1,6,PF00595,PDZ
NP_417701.1,6,PF13180,PDZ_2
NP_417701.1,6,PF13365,Trypsin_2
NP_417701.1,6,PF17820,PDZ_6
NP_417701.1,6,PF19805,DUF6288
NP_417702.1,5,PF00089,Trypsin
NP_417702.1,5,PF00595,PDZ
NP_417702.1,5,PF13180,PDZ_2
NP_417702.1,5,PF13365,Trypsin_2
NP_417702.1,5,PF17820,PDZ_6
NP_417703.1,2,PF00056,Ldh_1_N
NP_417703.1,2,PF02866,Ldh_1_C
NP_417704.1,2,PF01316,Arg_repressor
NP_417704.1,2,PF02863,Arg_repressor_C
NP_417707.1,2,PF04632,FUSC
NP_417707.1,2,PF13515,FUSC_2
NP_417708.1,5,PF25878,HH_AAEA_pHBA
NP_417708.1,5,PF25917,BSH_RND
NP_417708.1,5,PF25919,BSH_CusB
NP_417708.1,5,PF25963,Beta-barrel_AAEA
NP_417708.1,5,PF25973,BSH_CzcB
NP_417710.1,2,PF00126,HTH_1
NP_417710.1,2,PF03466,LysR_substrate
NP_417711.1,3,PF01523,PmbA_TldD_1st
NP_417711.1,3,PF19289,PmbA_TldD_3rd
NP_417711.1,3,PF19290,PmbA_TldD_2nd
NP_417713.2,3,PF00575,S1
NP_417713.2,3,PF10150,RNase_E_G
NP_417713.2,3,PF20833,RNase_E_G_Thio
NP_417717.2,5,PF00012,HSP70
NP_417717.2,5,PF00022,Actin
NP_417717.2,5,PF06723,MreB_Mbl
NP_417717.2,5,PF11104,PilM_2
NP_417717.2,5,PF14450,FtsA
NP_417718.1,3,PF00563,EAL
NP_417718.1,3,PF00990,GGDEF
NP_417718.1,3,PF17157,GAPES4
NP_417719.1,2,PF00107,ADH_zinc_N
NP_417719.1,2,PF08240,ADH_N
NP_417722.1,6,PF00289,Biotin_carb_N
NP_417722.1,6,PF02222,ATP-grasp
NP_417722.1,6,PF02655,ATP-grasp_3
NP_417722.1,6,PF02785,Biotin_carb_C
NP_417722.1,6,PF02786,CPSase_L_D2
NP_417722.1,6,PF07478,Dala_Dala_lig_C
NP_417725.1,7,PF05175,MTS
NP_417725.1,7,PF06325,PrmA
NP_417725.1,7,PF08241,Methyltransf_11
NP_417725.1,7,PF08242,Methyltransf_12
NP_417725.1,7,PF13489,Methyltransf_23
NP_417725.1,7,PF13649,Methyltransf_25
NP_417725.1,7,PF13847,Methyltransf_31
NP_417726.1,2,PF00977,His_biosynth
NP_417726.1,2,PF01207,Dus
NP_417727.1,2,PF02954,HTH_8
NP_417727.1,2,PF27465,Fis_N
NP_417728.4,2,PF01555,N6_N4_Mtase
NP_417728.4,2,PF03602,Cons_hypoth95
NP_417730.1,3,PF00440,TetR_N
NP_417730.1,3,PF08359,TetR_C_4
NP_417730.1,3,PF08361,TetR_C_2
NP_417731.1,5,PF25876,HH_MFP_RND
NP_417731.1,5,PF25917,BSH_RND
NP_417731.1,5,PF25944,Beta-barrel_RND
NP_417731.1,5,PF25954,Beta-barrel_RND_2
NP_417731.1,5,PF25967,RND-MFP_C
NP_417732.1,3,PF00873,ACR_tran
NP_417732.1,3,PF02355,SecD_SecF_C
NP_417732.1,3,PF03176,MMPL
NP_417737.1,2,PF00005,ABC_tran
NP_417737.1,2,PF13304,AAA_21
NP_417738.4,2,PF00132,Hexapep
NP_417738.4,2,PF14602,Hexapep_2
NP_417740.1,3,PF01488,Shikimate_DH
NP_417740.1,3,PF08501,Shikimate_dh_N
NP_417740.1,3,PF18317,SDH_C
NP_417746.1,2,PF00551,Formyl_trans_N
NP_417746.1,2,PF02911,Formyl_trans_C
NP_417747.1,6,PF01029,NusB
NP_417747.1,6,PF01189,Methyltr_RsmB-F
NP_417747.1,6,PF01728,FtsJ
NP_417747.1,6,PF13649,Methyltransf_25
NP_417747.1,6,PF13847,Methyltransf_31
NP_417747.1,6,PF22458,RsmF-B_ferredox
NP_417748.1,11,PF01210,NAD_Gly3P_dh_N
NP_417748.1,11,PF01262,AlaDh_PNT_C
NP_417748.1,11,PF01488,Shikimate_DH
NP_417748.1,11,PF02080,TrkA_C
NP_417748.1,11,PF02254,TrkA_N
NP_417748.1,11,PF02558,ApbA
NP_417748.1,11,PF02737,3HCDH_N
NP_417748.1,11,PF03435,Sacchrp_dh_NADP
NP_417748.1,11,PF03446,NAD_binding_2
NP_417748.1,11,PF03807,F420_oxidored
NP_417748.1,11,PF13241,NAD_binding_7
NP_417751.1,3,PF00376,MerR
NP_417751.1,3,PF09278,MerR-DNA-bind
NP_417751.1,3,PF13411,MerR_1
NP_417754.1,3,PF01000,RNA_pol_A_bac
NP_417754.1,3,PF01193,RNA_pol_L
NP_417754.1,3,PF03118,RNA_pol_A_CTD
NP_417755.1,2,PF00163,Ribosomal_S4
NP_417755.1,2,PF01479,S4
NP_417762.1,2,PF00333,Ribosomal_S5
NP_417762.1,2,PF03719,Ribosomal_S5_C
NP_417767.1,2,PF00281,Ribosomal_L5
NP_417767.1,2,PF00673,Ribosomal_L5_C
NP_417768.1,2,PF00467,KOW
NP_417768.1,2,PF17136,ribosomal_L24
NP_417773.1,2,PF00189,Ribosomal_S3_C
NP_417773.1,2,PF07650,KH_2
NP_417776.1,2,PF00181,Ribosomal_L2_N
NP_417776.1,2,PF03947,Ribosomal_L2_C
NP_417782.1,3,PF01471,PG_binding_1
NP_417782.1,3,PF13401,AAA_22
NP_417782.1,3,PF21327,GspA_C39-like
NP_417784.4,3,PF00263,Secretin
NP_417784.4,3,PF03958,Secretin_N
NP_417784.4,3,PF21305,type_II_gspD_N0
NP_417785.1,2,PF00437,T2SSE
NP_417785.1,2,PF13476,AAA_23
NP_417786.1,2,PF00482,T2SSF
NP_417786.1,2,PF28597,T2SSF_N
NP_417787.1,2,PF07963,N_methyl
NP_417787.1,2,PF08334,T2SSG
NP_417788.1,2,PF07963,N_methyl
NP_417788.1,2,PF12019,GspH
NP_417789.4,2,PF02501,T2SSI
NP_417789.4,2,PF07963,N_methyl
NP_417790.1,2,PF07963,N_methyl
NP_417790.1,2,PF11612,T2SSJ
NP_417791.1,2,PF03934,T2SSK
NP_417791.1,2,PF21687,T2SSK_1st
NP_417792.2,2,PF05134,T2SSL
NP_417792.2,2,PF12693,GspL_C
NP_417797.1,2,PF00704,Glyco_hydro_18
NP_417797.1,2,PF02839,CBM_5_12
NP_417798.1,3,PF00009,GTP_EFTU
NP_417798.1,3,PF03143,GTP_EFTU_D3
NP_417798.1,3,PF03144,GTP_EFTU_D2
NP_417799.1,6,PF00009,GTP_EFTU
NP_417799.1,6,PF00679,EFG_C
NP_417799.1,6,PF03144,GTP_EFTU_D2
NP_417799.1,6,PF03764,EFG_IV
NP_417799.1,6,PF14492,EFG_III
NP_417799.1,6,PF22042,EF-G_D2
NP_417805.4,2,PF08348,PAS_6
NP_417805.4,2,PF13309,HTH_22
NP_417806.1,2,PF00254,FKBP_C
NP_417806.1,2,PF01346,FKBP_N
NP_417809.1,3,PF00999,Na_H_Exchanger
NP_417809.1,3,PF02254,TrkA_N
NP_417809.1,3,PF27452,KefB_C
NP_417811.1,6,PF00005,ABC_tran
NP_417811.1,6,PF01926,MMR_HSR1
NP_417811.1,6,PF07693,KAP_NTPase
NP_417811.1,6,PF12848,ABC_tran_Xtn
NP_417811.1,6,PF13304,AAA_21
NP_417811.1,6,PF13555,AAA_29
NP_417812.1,4,PF00561,Abhydrolase_1
NP_417812.1,4,PF09752,ABHD18
NP_417812.1,4,PF12146,Hydrolase_4
NP_417812.1,4,PF12697,Abhydrolase_6
NP_417816.1,3,PF00027,cNMP_binding
NP_417816.1,3,PF00325,Crp
NP_417816.1,3,PF13545,HTH_Crp_2
NP_417817.2,2,PF12805,FUSC-like
NP_417817.2,2,PF13515,FUSC_2
NP_417818.1,2,PF00155,Aminotran_1_2
NP_417818.1,2,PF00202,Aminotran_3
NP_417819.1,2,PF00117,GATase
NP_417819.1,2,PF07722,Peptidase_C26
NP_417824.1,7,PF00070,Pyr_redox
NP_417824.1,7,PF01077,NIR_SIR
NP_417824.1,7,PF03460,NIR_SIR_ferr
NP_417824.1,7,PF04324,Fer2_BFD
NP_417824.1,7,PF07992,Pyr_redox_2
NP_417824.1,7,PF13738,Pyr_redox_3
NP_417824.1,7,PF18267,Rubredoxin_C
NP_417827.1,4,PF00590,TP_methylase
NP_417827.1,4,PF10414,CysG_dimeriser
NP_417827.1,4,PF13241,NAD_binding_7
NP_417827.1,4,PF14824,Sirohm_synth_M
NP_417829.2,2,PF00324,AA_permease
NP_417829.2,2,PF13520,AA_permease_2
NP_417834.6,3,PF00392,GntR
NP_417834.6,3,PF07702,UTRA
NP_417834.6,3,PF08220,HTH_DeoR
NP_417835.1,3,PF00155,Aminotran_1_2
NP_417835.1,3,PF01053,Cys_Met_Meta_PP
NP_417835.1,3,PF22475,YhfS-like_C
NP_417839.1,2,PF01663,Phosphodiest
NP_417839.1,2,PF01676,Metalloenzyme
NP_417840.1,2,PF01168,Ala_racemase_N
NP_417840.1,2,PF21279,YhfX-like_C
NP_417844.1,5,PF00702,Hydrolase
NP_417844.1,5,PF08282,Hydrolase_3
NP_417844.1,5,PF12710,HAD
NP_417844.1,5,PF13242,Hydrolase_like
NP_417844.1,5,PF13419,HAD_2
NP_417845.1,2,PF00834,Ribul_P_3_epim
NP_417845.1,2,PF01729,QRPTase_C
NP_417848.1,3,PF01761,DHQ_synthase
NP_417848.1,3,PF13685,Fe-ADH_2
NP_417848.1,3,PF24621,DHQS_C
NP_417850.1,3,PF00263,Secretin
NP_417850.1,3,PF03958,Secretin_N
NP_417850.1,3,PF07660,STN
NP_417855.4,3,PF00905,Transpeptidase
NP_417855.4,3,PF00912,Transgly
NP_417855.4,3,PF17092,PCB_OB
NP_417858.4,3,PF00702,Hydrolase
NP_417858.4,3,PF12710,HAD
NP_417858.4,3,PF13419,HAD_2
NP_417859.1,2,PF01479,S4
NP_417859.1,2,PF28601,HSP15_C
NP_417863.1,3,PF00512,HisKA
NP_417863.1,3,PF00672,HAMP
NP_417863.1,3,PF02518,HATPase_c
NP_417864.1,2,PF00072,Response_reg
NP_417864.1,2,PF00486,Trans_reg_C
NP_417866.4,8,PF00575,S1
NP_417866.4,8,PF09371,Tex_N
NP_417866.4,8,PF12836,HHH_3
NP_417866.4,8,PF14635,HHH_7
NP_417866.4,8,PF16921,Tex_YqgF
NP_417866.4,8,PF17674,HHH_9
NP_417866.4,8,PF22706,Tex_central_region
NP_417866.4,8,PF23459,S1_RRP5
NP_417868.1,6,PF00009,GTP_EFTU
NP_417868.1,6,PF01926,MMR_HSR1
NP_417868.1,6,PF02421,FeoB_N
NP_417868.1,6,PF07664,FeoB_C
NP_417868.1,6,PF07670,Gate
NP_417868.1,6,PF17910,FeoB_Cyto
NP_417869.1,2,PF01978,TrmB
NP_417869.1,2,PF09012,FeoC
NP_417870.1,2,PF04754,Transposase_31
NP_417870.1,2,PF27070,HTH_Rpn_C
NP_417871.1,4,PF00561,Abhydrolase_1
NP_417871.1,4,PF00975,Thioesterase
NP_417871.1,4,PF12146,Hydrolase_4
NP_417871.1,4,PF12697,Abhydrolase_6
NP_417873.1,2,PF01106,NifU
NP_417873.1,2,PF01521,Fe-S_biosyn
NP_417875.1,2,PF02446,Glyco_hydro_77
NP_417875.1,2,PF21226,MalQ_N
NP_417877.1,3,PF00196,GerE
NP_417877.1,3,PF17874,TPR_MalT
NP_417877.1,3,PF25873,WHD_MalT
NP_417880.1,7,PF00004,AAA
NP_417880.1,7,PF00158,Sigma54_activat
NP_417880.1,7,PF01078,Mg_chelatase
NP_417880.1,7,PF06956,RtcR
NP_417880.1,7,PF07728,AAA_5
NP_417880.1,7,PF14532,Sigma54_activ_2
NP_417880.1,7,PF25601,AAA_lid_14
NP_417884.1,2,PF01266,DAO
NP_417884.1,2,PF16901,DAO_C
NP_417887.1,5,PF00534,Glycos_transf_1
NP_417887.1,5,PF08323,Glyco_transf_5
NP_417887.1,5,PF13439,Glyco_transf_4
NP_417887.1,5,PF13579,Glyco_trans_4_4
NP_417887.1,5,PF13692,Glyco_trans_1_4
NP_417888.1,4,PF00483,NTP_transferase
NP_417888.1,4,PF12804,NTP_transf_3
NP_417888.1,4,PF24894,Hexapep_GlmU
NP_417888.1,4,PF25247,LbH_GLGC
NP_417889.1,3,PF00128,Alpha-amylase
NP_417889.1,3,PF02922,CBM_48
NP_417889.1,3,PF18390,GlgX_C
NP_417890.1,4,PF00128,Alpha-amylase
NP_417890.1,4,PF02806,Alpha-amylase_C
NP_417890.1,4,PF02922,CBM_48
NP_417890.1,4,PF22019,GlgB_N
NP_417891.1,2,PF01118,Semialdhyde_dh
NP_417891.1,2,PF02774,Semialdhyde_dhC
NP_417894.2,3,PF01202,SKI
NP_417894.2,3,PF01583,APS_kinase
NP_417894.2,3,PF13671,AAA_33
NP_417896.1,3,PF02678,Pirin
NP_417896.1,3,PF07883,Cupin_2
NP_417896.1,3,PF17954,Pirin_C_2
NP_417897.1,4,PF01408,GFO_IDH_MocA
NP_417897.1,4,PF02894,GFO_IDH_MocA_C
NP_417897.1,4,PF03447,NAD_binding_3
NP_417897.1,4,PF22725,GFO_IDH_MocA_C3
NP_417898.1,7,PF00583,Acetyltransf_1
NP_417898.1,7,PF08445,FR47
NP_417898.1,7,PF13302,Acetyltransf_3
NP_417898.1,7,PF13420,Acetyltransf_4
NP_417898.1,7,PF13508,Acetyltransf_7
NP_417898.1,7,PF13523,Acetyltransf_8
NP_417898.1,7,PF13673,Acetyltransf_10
NP_417901.1,2,PF03811,Zn_ribbon_InsA
NP_417901.1,2,PF12759,HTH_Tnp_IS1
NP_417907.2,3,PF00005,ABC_tran
NP_417907.2,3,PF08402,TOBE_2
NP_417907.2,3,PF17912,OB_MalK
NP_417910.1,2,PF01547,SBP_bac_1
NP_417910.1,2,PF13416,SBP_bac_8
NP_417911.4,2,PF00005,ABC_tran
NP_417911.4,2,PF13304,AAA_21
NP_417912.1,3,PF00005,ABC_tran
NP_417912.1,3,PF12399,BCA_ABC_TP_C
NP_417912.1,3,PF13304,AAA_21
NP_417913.1,2,PF02653,BPD_transp_2
NP_417913.1,2,PF11862,DUF3382
NP_417915.1,3,PF01094,ANF_receptor
NP_417915.1,3,PF13433,Peripla_BP_5
NP_417915.1,3,PF13458,Peripla_BP_6
NP_417916.1,2,PF00583,Acetyltransf_1
NP_417916.1,2,PF12568,PanZ
NP_417918.1,3,PF00140,Sigma70_r1_2
NP_417918.1,3,PF04542,Sigma70_r2
NP_417918.1,3,PF04545,Sigma70_r4
NP_417919.1,2,PF02687,FtsX
NP_417919.1,2,PF18075,FtsX_ECD
NP_417920.1,2,PF00005,ABC_tran
NP_417920.1,2,PF13304,AAA_21
NP_417921.1,3,PF00448,SRP54
NP_417921.1,3,PF02881,SRP54_N
NP_417921.1,3,PF06414,Zeta_toxin
NP_417926.1,4,PF00122,E1-E2_ATPase
NP_417926.1,4,PF00403,HMA
NP_417926.1,4,PF00702,Hydrolase
NP_417926.1,4,PF08282,Hydrolase_3
NP_417934.1,2,PF00528,BPD_transp_1
NP_417934.1,2,PF19300,BPD_transp_1_N
NP_417937.1,2,PF00005,ABC_tran
NP_417937.1,2,PF13304,AAA_21
NP_417938.1,2,PF01402,RHH_1
NP_417938.1,2,PF08753,NikR_C
NP_417941.1,2,PF01609,DDE_Tnp_1
NP_417941.1,2,PF13808,DDE_Tnp_1_assoc
NP_417942.6,3,PF01061,ABC2_membrane
NP_417942.6,3,PF12679,ABC2_membrane_2
NP_417942.6,3,PF12698,ABC2_membrane_3
NP_417949.1,9,PF00890,FAD_binding_2
NP_417949.1,9,PF01134,GIDA
NP_417949.1,9,PF01266,DAO
NP_417949.1,9,PF03486,HI0933_like
NP_417949.1,9,PF07992,Pyr_redox_2
NP_417949.1,9,PF12831,FAD_oxidored
NP_417949.1,9,PF13450,NAD_binding_8
NP_417949.1,9,PF13738,Pyr_redox_3
NP_417949.1,9,PF22780,HI0933_like_1st
NP_417953.1,2,PF00854,PTR2
NP_417953.1,2,PF07690,MFS_1
NP_417955.1,2,PF01432,Peptidase_M3
NP_417955.1,2,PF19310,TOP_N
NP_417957.1,4,PF00070,Pyr_redox
NP_417957.1,4,PF02852,Pyr_redox_dim
NP_417957.1,4,PF07992,Pyr_redox_2
NP_417957.1,4,PF13738,Pyr_redox_3
NP_417958.1,2,PF01022,HTH_5
NP_417958.1,2,PF12840,HTH_20
NP_417959.4,2,PF02040,ArsB
NP_417959.4,2,PF03600,CitMHS
NP_417962.2,2,PF01609,DDE_Tnp_1
NP_417962.2,2,PF05598,DUF772
NP_417965.1,2,PF02308,MgtC
NP_417965.1,2,PF26539,ACT_YhiD_C
NP_417970.1,5,PF25876,HH_MFP_RND
NP_417970.1,5,PF25917,BSH_RND
NP_417970.1,5,PF25944,Beta-barrel_RND
NP_417970.1,5,PF25954,Beta-barrel_RND_2
NP_417970.1,5,PF25967,RND-MFP_C
NP_417971.1,3,PF00873,ACR_tran
NP_417971.1,3,PF02355,SecD_SecF_C
NP_417971.1,3,PF03176,MMPL
NP_417972.1,2,PF00165,HTH_AraC
NP_417972.1,2,PF12833,HTH_18
NP_417973.1,2,PF00165,HTH_AraC
NP_417973.1,2,PF12833,HTH_18
NP_417975.1,3,PF00034,Cytochrom_C
NP_417975.1,3,PF03150,CCP_MauG
NP_417975.1,3,PF14376,Haem_bd
NP_417976.1,2,PF01204,Trehalase
NP_417976.1,2,PF22422,MGH1-like_GH
NP_417977.1,4,PF00196,GerE
NP_417977.1,4,PF04545,Sigma70_r4
NP_417977.1,4,PF08281,Sigma70_r4_2
NP_417977.1,4,PF13936,HTH_38
NP_417978.2,2,PF00126,HTH_1
NP_417978.2,2,PF03466,LysR_substrate
NP_417980.1,2,PF00083,Sugar_tr
NP_417980.1,2,PF07690,MFS_1
NP_417984.1,2,PF00675,Peptidase_M16
NP_417984.1,2,PF05193,Peptidase_M16_C
NP_417986.4,3,PF00563,EAL
NP_417986.4,3,PF00990,GGDEF
NP_417986.4,3,PF17154,GAPES3
NP_417990.4,6,PF00535,Glycos_transf_2
NP_417990.4,6,PF03552,Cellulose_synt
NP_417990.4,6,PF07238,PilZ
NP_417990.4,6,PF13506,Glyco_transf_21
NP_417990.4,6,PF13632,Glyco_trans_2_3
NP_417990.4,6,PF13641,Glyco_tranf_2_3
NP_417997.1,2,PF00005,ABC_tran
NP_417997.1,2,PF08352,oligo_HPY
NP_417998.1,3,PF00005,ABC_tran
NP_417998.1,3,PF08352,oligo_HPY
NP_417998.1,3,PF13304,AAA_21
NP_417999.1,2,PF00528,BPD_transp_1
NP_417999.1,2,PF12911,OppC_N
NP_418000.1,2,PF00528,BPD_transp_1
NP_418000.1,2,PF19300,BPD_transp_1_N
NP_418002.2,2,PF00884,Sulfatase
NP_418002.2,2,PF08019,EptA_B_N
NP_418006.1,4,PF00583,Acetyltransf_1
NP_418006.1,4,PF08445,FR47
NP_418006.1,4,PF13508,Acetyltransf_7
NP_418006.1,4,PF13673,Acetyltransf_10
NP_418007.3,3,PF00384,Molybdopterin
NP_418007.3,3,PF01568,Molydop_binding
NP_418007.3,3,PF18364,Molybdopterin_N
NP_418009.2,2,PF00389,2-Hacid_dh
NP_418009.2,2,PF02826,2-Hacid_dh_C
NP_418012.1,2,PF00313,CSD
NP_418012.1,2,PF08206,OB_RNB
NP_418014.1,5,PF06627,DUF1153
NP_418014.1,5,PF13384,HTH_23
NP_418014.1,5,PF13518,HTH_28
NP_418014.1,5,PF13551,HTH_29
NP_418014.1,5,PF13565,HTH_32
NP_418015.1,4,PF00665,rve
NP_418015.1,4,PF13276,HTH_21
NP_418015.1,4,PF13333,rve_2
NP_418015.1,4,PF13683,rve_3
NP_418016.1,2,PF02092,tRNA_synt_2f
NP_418016.1,2,PF05746,DALR_1
NP_418021.1,2,PF00370,FGGY_N
NP_418021.1,2,PF02782,FGGY_C
NP_418023.1,2,PF00532,Peripla_BP_1
NP_418023.1,2,PF13407,Peripla_BP_4
NP_418024.1,2,PF00005,ABC_tran
NP_418024.1,2,PF13304,AAA_21
NP_418026.1,5,PF00165,HTH_AraC
NP_418026.1,5,PF12833,HTH_18
NP_418026.1,5,PF13377,Peripla_BP_3
NP_418026.1,5,PF13407,Peripla_BP_4
NP_418026.1,5,PF22177,PBP1_XylR
NP_418030.1,10,PF00037,Fer4
NP_418030.1,10,PF12797,Fer4_2
NP_418030.1,10,PF12798,Fer4_3
NP_418030.1,10,PF12800,Fer4_4
NP_418030.1,10,PF12837,Fer4_6
NP_418030.1,10,PF12838,Fer4_7
NP_418030.1,10,PF13187,Fer4_9
NP_418030.1,10,PF13237,Fer4_10
NP_418030.1,10,PF13247,Fer4_11
NP_418030.1,10,PF25160,LdpA_Fe-S-bd
NP_418031.1,2,PF01614,IclR_C
NP_418031.1,2,PF09339,HTH_IclR
NP_418037.1,2,PF00370,FGGY_N
NP_418037.1,2,PF02782,FGGY_C
NP_418042.1,2,PF00126,HTH_1
NP_418042.1,2,PF03466,LysR_substrate
NP_418043.1,2,PF25917,BSH_RND
NP_418043.1,2,PF25954,Beta-barrel_RND_2
NP_418047.1,8,PF00009,GTP_EFTU
NP_418047.1,8,PF01926,MMR_HSR1
NP_418047.1,8,PF03144,GTP_EFTU_D2
NP_418047.1,8,PF09106,WHD_2nd_SelB
NP_418047.1,8,PF09107,WHD_3rd_SelB
NP_418047.1,8,PF21214,WHD_2nd_SelB_bact
NP_418047.1,8,PF21458,WHD_1st_3rd_SelB
NP_418047.1,8,PF25461,Beta-barrel_SelB
NP_418048.1,2,PF03841,SelA
NP_418048.1,2,PF12390,Se-cys_synth_N
NP_418049.1,4,PF00043,GST_C
NP_418049.1,4,PF02798,GST_N
NP_418049.1,4,PF13409,GST_N_2
NP_418049.1,4,PF13417,GST_N_3
NP_418050.1,5,PF03527,RHS
NP_418050.1,5,PF05593,RHS_repeat
NP_418050.1,5,PF15606,Ntox34
NP_418050.1,5,PF20148,DUF6531
NP_418050.1,5,PF25023,TEN_YD-shell
NP_418051.1,4,PF02985,HEAT
NP_418051.1,4,PF03130,HEAT_PBS
NP_418051.1,4,PF13646,HEAT_2
NP_418051.1,4,PF22646,PPP2R1A-like_HEAT
NP_418054.1,2,PF25917,BSH_RND
NP_418054.1,2,PF25954,Beta-barrel_RND_2
NP_418056.1,3,PF00359,PTS_EIIA_2
NP_418056.1,3,PF02302,PTS_IIB
NP_418056.1,3,PF02378,PTS_EIIC
NP_418057.1,2,PF01232,Mannitol_dh
NP_418057.1,2,PF08125,Mannitol_dh_C
NP_418061.1,2,PF00392,GntR
NP_418061.1,2,PF07729,FCD
NP_418064.1,2,PF00132,Hexapep
NP_418064.1,2,PF06426,SATase_N
NP_418065.1,6,PF01210,NAD_Gly3P_dh_N
NP_418065.1,6,PF02558,ApbA
NP_418065.1,6,PF03446,NAD_binding_2
NP_418065.1,6,PF03807,F420_oxidored
NP_418065.1,6,PF07479,NAD_Gly3P_dh_C
NP_418065.1,6,PF20618,GPD_NAD_C_bact
NP_418067.1,3,PF00462,Glutaredoxin
NP_418067.1,3,PF13409,GST_N_2
NP_418067.1,3,PF13417,GST_N_3
NP_418069.1,2,PF01676,Metalloenzyme
NP_418069.1,2,PF06415,iPGM_N
NP_418072.1,3,PF00535,Glycos_transf_2
NP_418072.1,3,PF10111,Glyco_tranf_2_2
NP_418072.1,3,PF13641,Glyco_tranf_2_3
NP_418073.1,3,PF00107,ADH_zinc_N
NP_418073.1,3,PF08240,ADH_N
NP_418073.1,3,PF13602,ADH_zinc_N_2
NP_418074.1,2,PF00155,Aminotran_1_2
NP_418074.1,2,PF01041,DegT_DnrJ_EryC1
NP_418076.1,6,PF01073,3Beta_HSD
NP_418076.1,6,PF01370,Epimerase
NP_418076.1,6,PF02719,Polysacc_synt_2
NP_418076.1,6,PF04321,RmlD_sub_bind
NP_418076.1,6,PF07993,NAD_binding_4
NP_418076.1,6,PF16363,GDP_Man_Dehyd
NP_418082.1,2,PF03109,ABC1
NP_418082.1,2,PF06176,WaaY
NP_418083.1,3,PF01501,Glyco_transf_8
NP_418083.1,3,PF08437,Glyco_transf_8C
NP_418083.1,3,PF18404,Glyco_transf_24
NP_418084.1,2,PF01501,Glyco_transf_8
NP_418084.1,2,PF08437,Glyco_transf_8C
NP_418085.2,3,PF00534,Glycos_transf_1
NP_418085.2,3,PF13439,Glyco_transf_4
NP_418085.2,3,PF13692,Glyco_trans_1_4
NP_418088.1,4,PF00534,Glycos_transf_1
NP_418088.1,4,PF13439,Glyco_transf_4
NP_418088.1,4,PF13692,Glyco_trans_1_4
NP_418088.1,4,PF20706,GT4-conflict
NP_418090.1,2,PF00534,Glycos_transf_1
NP_418090.1,2,PF04413,Glycos_transf_N
NP_418091.1,2,PF01467,CTP_transf_like
NP_418091.1,2,PF08218,Citrate_ly_lig
NP_418092.1,3,PF01149,Fapy_DNA_glyco
NP_418092.1,3,PF06827,zf-FPG_IleRS
NP_418092.1,3,PF06831,H2TH
NP_418095.4,2,PF04002,RadC
NP_418095.4,2,PF20582,UPF0758_N
NP_418096.4,2,PF02441,Flavoprotein
NP_418096.4,2,PF04127,DFP
NP_418097.2,2,PF00692,dUTPase
NP_418097.2,2,PF22769,DCD
NP_418098.4,2,PF00440,TetR_N
NP_418098.4,2,PF22276,SlmA-like_C
NP_418101.1,2,PF03755,YicC-like_N
NP_418101.1,2,PF08340,YicC-like_C
NP_418104.2,2,PF01653,DNA_ligase_aden
NP_418104.2,2,PF03120,OB_DNA_ligase
NP_418107.1,7,PF01966,HD
NP_418107.1,7,PF02824,TGS
NP_418107.1,7,PF04607,RelA_SpoT
NP_418107.1,7,PF13291,ACT_4
NP_418107.1,7,PF13328,HD_4
NP_418107.1,7,PF19296,RelA_AH
NP_418107.1,7,PF28438,RelA_RIS
NP_418108.1,2,PF00588,SpoU_methylase
NP_418108.1,2,PF12105,SpoU_methylas_C
NP_418109.1,8,PF00270,DEAD
NP_418109.1,8,PF00271,Helicase_C
NP_418109.1,8,PF01336,tRNA_anti-codon
NP_418109.1,8,PF04851,ResIII
NP_418109.1,8,PF07517,SecA_DEAD
NP_418109.1,8,PF13604,AAA_30
NP_418109.1,8,PF17191,RecG_wedge
NP_418109.1,8,PF19833,RecG_dom3_C
NP_418113.1,3,PF01055,Glyco_hydro_31_2nd
NP_418113.1,3,PF13802,Gal_mutarotas_2
NP_418113.1,3,PF21365,Glyco_hydro_31_3rd
NP_418115.1,2,PF07690,MFS_1
NP_418115.1,2,PF12832,MFS_1_like
NP_418121.1,3,PF01979,Amidohydro_1
NP_418121.1,3,PF07969,Amidohydro_3
NP_418121.1,3,PF13382,Adenine_deam_C
NP_418124.4,3,PF02518,HATPase_c
NP_418124.4,3,PF05231,MASE1
NP_418124.4,3,PF07730,HisKA_3
NP_418125.1,3,PF00072,Response_reg
NP_418125.1,3,PF00196,GerE
NP_418125.1,3,PF13384,HTH_23
NP_418126.1,3,PF01842,ACT
NP_418126.1,3,PF13710,ACT_5
NP_418126.1,3,PF22629,ACT_AHAS_ss
NP_418127.1,3,PF00205,TPP_enzyme_M
NP_418127.1,3,PF02775,TPP_enzyme_C
NP_418127.1,3,PF02776,TPP_enzyme_N
NP_418129.2,2,PF06609,TRI12
NP_418129.2,2,PF07690,MFS_1
NP_418134.1,2,PF00884,Sulfatase
NP_418134.1,2,PF16347,SGSH_C
NP_418136.2,3,PF00165,HTH_AraC
NP_418136.2,3,PF02311,AraC_binding
NP_418136.2,3,PF12833,HTH_18
NP_418139.1,4,PF00392,GntR
NP_418139.1,4,PF07702,UTRA
NP_418139.1,4,PF08220,HTH_DeoR
NP_418139.1,4,PF08279,HTH_11
NP_418140.4,2,PF02080,TrkA_C
NP_418140.4,2,PF06826,Asp-Al_Ex
NP_418144.3,2,PF07676,PD40
NP_418144.3,2,PF12566,DUF3748
NP_418145.2,2,PF01266,DAO
NP_418145.2,2,PF01494,FAD_binding_3
NP_418146.4,2,PF00083,Sugar_tr
NP_418146.4,2,PF07690,MFS_1
NP_418152.1,3,PF00702,Hydrolase
NP_418152.1,3,PF05116,S6PP
NP_418152.1,3,PF08282,Hydrolase_3
NP_418155.1,5,PF02463,SMC_N
NP_418155.1,5,PF13175,AAA_15
NP_418155.1,5,PF13304,AAA_21
NP_418155.1,5,PF13476,AAA_23
NP_418155.1,5,PF13514,AAA_27
NP_418156.1,3,PF00712,DNA_pol3_beta
NP_418156.1,3,PF02767,DNA_pol3_beta_2
NP_418156.1,3,PF02768,DNA_pol3_beta_3
NP_418157.1,6,PF00004,AAA
NP_418157.1,6,PF00308,Bac_DnaA
NP_418157.1,6,PF01695,IstB_IS21
NP_418157.1,6,PF08299,Bac_DnaA_C
NP_418157.1,6,PF11638,DnaA_N
NP_418157.1,6,PF22688,Hda_lid
NP_418161.1,2,PF02096,60KD_IMP
NP_418161.1,2,PF14849,YidC_periplas
NP_418162.1,4,PF01926,MMR_HSR1
NP_418162.1,4,PF02421,FeoB_N
NP_418162.1,4,PF10396,TrmE_N
NP_418162.1,4,PF12631,MnmE_helical
NP_418164.4,2,PF00155,Aminotran_1_2
NP_418164.4,2,PF01212,Beta_elim_lyase
NP_418166.1,3,PF00083,Sugar_tr
NP_418166.1,3,PF06609,TRI12
NP_418166.1,3,PF07690,MFS_1
NP_418167.1,2,PF00126,HTH_1
NP_418167.1,2,PF03466,LysR_substrate
NP_418169.1,2,PF02525,Flavodoxin_2
NP_418169.1,2,PF03358,FMN_red
NP_418171.1,2,PF00702,Hydrolase
NP_418171.1,2,PF13419,HAD_2
NP_418175.3,2,PF00756,Esterase
NP_418175.3,2,PF02922,CBM_48
NP_418176.1,2,PF02264,LamB
NP_418176.1,2,PF11471,Sugarporin_N
NP_418178.1,3,PF00358,PTS_EIIA_1
NP_418178.1,3,PF00367,PTS_EIIB
NP_418178.1,3,PF02378,PTS_EIIC
NP_418179.1,2,PF00874,PRD
NP_418179.1,2,PF03123,CAT_RBD
NP_418181.1,2,PF00005,ABC_tran
NP_418181.1,2,PF13304,AAA_21
NP_418185.1,4,PF01380,SIS
NP_418185.1,4,PF13230,GATase_4
NP_418185.1,4,PF13522,GATase_6
NP_418185.1,4,PF13537,GATase_7
NP_418186.1,6,PF00132,Hexapep
NP_418186.1,6,PF00483,NTP_transferase
NP_418186.1,6,PF01128,IspD
NP_418186.1,6,PF12804,NTP_transf_3
NP_418186.1,6,PF14602,Hexapep_2
NP_418186.1,6,PF25087,GMPPB_C
NP_418187.1,2,PF00401,ATP-synt_DE
NP_418187.1,2,PF02823,ATP-synt_DE_N
NP_418188.1,3,PF00006,ATP-synt_ab
NP_418188.1,3,PF02874,ATP-synt_ab_N
NP_418188.1,3,PF22919,ATP-synt_VA_C
NP_418190.1,3,PF00006,ATP-synt_ab
NP_418190.1,3,PF00306,ATP-synt_ab_C
NP_418190.1,3,PF02874,ATP-synt_ab_N
NP_418196.1,2,PF02527,GidB
NP_418196.1,2,PF13847,Methyltransf_31
NP_418197.1,6,PF00890,FAD_binding_2
NP_418197.1,6,PF01134,GIDA
NP_418197.1,6,PF01262,AlaDh_PNT_C
NP_418197.1,6,PF12831,FAD_oxidored
NP_418197.1,6,PF13932,SAM_GIDA_C
NP_418197.1,6,PF21680,GIDA_C_1st
NP_418199.1,3,PF01037,AsnC_trans_reg
NP_418199.1,3,PF13404,HTH_AsnC-type
NP_418199.1,3,PF13412,HTH_24
NP_418202.4,6,PF01078,Mg_chelatase
NP_418202.4,6,PF07728,AAA_5
NP_418202.4,6,PF12592,ATPase_RavA_C
NP_418202.4,6,PF17868,AAA_lid_8
NP_418202.4,6,PF20030,bpMoxR
NP_418202.4,6,PF20265,LARA_dom
NP_418205.1,2,PF00005,ABC_tran
NP_418205.1,2,PF13304,AAA_21
NP_418207.1,4,PF00532,Peripla_BP_1
NP_418207.1,4,PF13377,Peripla_BP_3
NP_418207.1,4,PF13407,Peripla_BP_4
NP_418207.1,4,PF13458,Peripla_BP_6
NP_418208.1,2,PF00294,PfkB
NP_418208.1,2,PF08543,Phos_pyr_kin
NP_418209.1,4,PF00356,LacI
NP_418209.1,4,PF00532,Peripla_BP_1
NP_418209.1,4,PF13377,Peripla_BP_3
NP_418209.1,4,PF13407,Peripla_BP_4
NP_418210.1,2,PF05977,MFS_3
NP_418210.1,2,PF07690,MFS_1
NP_418214.2,7,PF00004,AAA
NP_418214.2,7,PF00158,Sigma54_activat
NP_418214.2,7,PF00493,MCM
NP_418214.2,7,PF01078,Mg_chelatase
NP_418214.2,7,PF07728,AAA_5
NP_418214.2,7,PF13335,Mg_chelatase_C
NP_418214.2,7,PF13541,ChlI
NP_418220.1,2,PF00291,PALP
NP_418220.1,2,PF00585,Thr_dehydrat_C
NP_418221.1,2,PF00126,HTH_1
NP_418221.1,2,PF03466,LysR_substrate
NP_418222.1,2,PF01450,KARI_C
NP_418222.1,2,PF07991,KARI_N
NP_418223.1,2,PF00639,Rotamase
NP_418223.1,2,PF13616,Rotamase_3
NP_418227.1,3,PF00270,DEAD
NP_418227.1,3,PF00271,Helicase_C
NP_418227.1,3,PF04851,ResIII
NP_418228.2,2,PF00085,Thioredoxin
NP_418228.2,2,PF13098,Thioredoxin_2
NP_418230.1,3,PF00006,ATP-synt_ab
NP_418230.1,3,PF07497,Rho_RNA_bind
NP_418230.1,3,PF07498,Rho_N
NP_418236.1,2,PF00483,NTP_transferase
NP_418236.1,2,PF12804,NTP_transf_3
NP_418238.1,3,PF00155,Aminotran_1_2
NP_418238.1,3,PF00266,Aminotran_5
NP_418238.1,3,PF01041,DegT_DnrJ_EryC1
NP_418239.1,2,PF01943,Polysacc_synt
NP_418239.1,2,PF13440,Polysacc_synt_3
NP_418246.1,4,PF07219,HemY_N
NP_418246.1,4,PF07719,TPR_2
NP_418246.1,4,PF13428,TPR_14
NP_418246.1,4,PF14559,TPR_19
NP_418250.1,5,PF01295,Adenylate_cycl
NP_418250.1,5,PF12633,Adenyl_cycl_N
NP_418250.1,5,PF26690,Adenylate_cycl_3rd
NP_418250.1,5,PF26691,Adenylate_cycl_4th
NP_418250.1,5,PF26693,Adenylate_cycl_C
NP_418256.1,2,PF00589,Phage_integrase
NP_418256.1,2,PF02899,Phage_int_SAM_1
NP_418257.1,3,PF00702,Hydrolase
NP_418257.1,3,PF13242,Hydrolase_like
NP_418257.1,3,PF13419,HAD_2
NP_418258.1,6,PF00580,UvrD-helicase
NP_418258.1,6,PF13245,AAA_19
NP_418258.1,6,PF13361,UvrD_C
NP_418258.1,6,PF13538,UvrD_C_2
NP_418258.1,6,PF13604,AAA_30
NP_418258.1,6,PF21196,PcrA_UvrD_tudor
NP_418264.4,2,PF03061,4HBT
NP_418264.4,2,PF13622,4HBT_3
NP_418272.1,2,PF00126,HTH_1
NP_418272.1,2,PF03466,LysR_substrate
NP_418273.1,2,PF01717,Meth_synt_2
NP_418273.1,2,PF08267,Meth_synt_1
NP_418279.1,2,PF03109,ABC1
NP_418279.1,2,PF27536,UbiB_N
NP_418285.1,3,PF01977,UbiD
NP_418285.1,3,PF20695,UbiD_N
NP_418285.1,3,PF20696,UbiD_C
NP_418286.1,2,PF00175,NAD_binding_1
NP_418286.1,2,PF00970,FAD_binding_6
NP_418288.1,4,PF00378,ECH_1
NP_418288.1,4,PF00725,3HCDH
NP_418288.1,4,PF02737,3HCDH_N
NP_418288.1,4,PF16113,ECH_2
NP_418289.1,2,PF00557,Peptidase_M24
NP_418289.1,2,PF21216,PepQ_N
NP_418290.4,2,PF01205,Impact_N
NP_418290.4,2,PF09186,DUF1949
NP_418292.1,2,PF00258,Flavodoxin_1
NP_418292.1,2,PF12724,Flavodoxin_5
NP_418297.1,2,PF01323,DSBA
NP_418297.1,2,PF13462,Thioredoxin_4
NP_418300.1,5,PF00476,DNA_pol_A
NP_418300.1,5,PF01367,5_3_exonuc
NP_418300.1,5,PF01612,DNA_pol_A_exo1
NP_418300.1,5,PF02739,5_3_exonuc_N
NP_418300.1,5,PF22619,DNA_polI_exo1
NP_418301.3,2,PF01926,MMR_HSR1
NP_418301.3,2,PF03193,RsgA_GTPase
NP_418303.2,2,PF04055,Radical_SAM
NP_418303.2,2,PF06969,HemN_C
NP_418304.1,7,PF00072,Response_reg
NP_418304.1,7,PF00158,Sigma54_activat
NP_418304.1,7,PF02954,HTH_8
NP_418304.1,7,PF07724,AAA_2
NP_418304.1,7,PF07728,AAA_5
NP_418304.1,7,PF14532,Sigma54_activ_2
NP_418304.1,7,PF25601,AAA_lid_14
NP_418305.1,4,PF00512,HisKA
NP_418305.1,4,PF00989,PAS
NP_418305.1,4,PF02518,HATPase_c
NP_418305.1,4,PF08448,PAS_4
NP_418306.1,2,PF00120,Gln-synt_C
NP_418306.1,2,PF03951,Gln-synt_N
NP_418308.1,2,PF00392,GntR
NP_418308.1,2,PF07702,UTRA
NP_418311.1,2,PF06178,KdgM
NP_418311.1,2,PF07642,BBP2
NP_418313.4,2,PF07690,MFS_1
NP_418313.4,2,PF13347,MFS_2
NP_418314.1,3,PF01055,Glyco_hydro_31_2nd
NP_418314.1,3,PF13802,Gal_mutarotas_2
NP_418314.1,3,PF21365,Glyco_hydro_31_3rd
NP_418318.1,3,PF03446,NAD_binding_2
NP_418318.1,3,PF03807,F420_oxidored
NP_418318.1,3,PF14833,NAD_binding_11
NP_418320.2,8,PF00455,DeoRC
NP_418320.2,8,PF01047,MarR
NP_418320.2,8,PF08220,HTH_DeoR
NP_418320.2,8,PF08279,HTH_11
NP_418320.2,8,PF12802,MarR_2
NP_418320.2,8,PF13412,HTH_24
NP_418320.2,8,PF13545,HTH_Crp_2
NP_418320.2,8,PF25212,HVO_A0114
NP_418321.4,3,PF00702,Hydrolase
NP_418321.4,3,PF13242,Hydrolase_like
NP_418321.4,3,PF13419,HAD_2
NP_418324.1,4,PF00583,Acetyltransf_1
NP_418324.1,4,PF09500,YiiD_C
NP_418324.1,4,PF13508,Acetyltransf_7
NP_418324.1,4,PF13673,Acetyltransf_10
NP_418327.1,3,PF04216,FdhE_N
NP_418327.1,3,PF24859,FdhE_central
NP_418327.1,3,PF24860,FdhE_C
NP_418329.1,11,PF00037,Fer4
NP_418329.1,11,PF09163,Form-deh_trans
NP_418329.1,11,PF12797,Fer4_2
NP_418329.1,11,PF12837,Fer4_6
NP_418329.1,11,PF12838,Fer4_7
NP_418329.1,11,PF13187,Fer4_9
NP_418329.1,11,PF13237,Fer4_10
NP_418329.1,11,PF13247,Fer4_11
NP_418329.1,11,PF13534,Fer4_17
NP_418329.1,11,PF14697,Fer4_21
NP_418329.1,11,PF25160,LdpA_Fe-S-bd
NP_418330.1,3,PF00384,Molybdopterin
NP_418330.1,3,PF01568,Molydop_binding
NP_418330.1,3,PF04879,Molybdop_Fe4S4
NP_418333.1,2,PF00359,PTS_EIIA_2
NP_418333.1,2,PF08279,HTH_11
NP_418335.4,3,PF02302,PTS_IIB
NP_418335.4,3,PF02378,PTS_EIIC
NP_418335.4,3,PF25554,PTS_EIIB_BC_N
NP_418340.1,2,PF00370,FGGY_N
NP_418340.1,2,PF02782,FGGY_C
NP_418341.1,3,PF00165,HTH_AraC
NP_418341.1,3,PF02311,AraC_binding
NP_418341.1,3,PF12833,HTH_18
NP_418342.2,4,PF00165,HTH_AraC
NP_418342.2,4,PF02311,AraC_binding
NP_418342.2,4,PF07883,Cupin_2
NP_418342.2,4,PF12833,HTH_18
NP_418344.3,2,PF00081,Sod_Fe_N
NP_418344.3,2,PF02777,Sod_Fe_C
NP_418346.2,2,PF03473,MOSC
NP_418346.2,2,PF03475,YiiM_3-alpha
NP_418347.1,4,PF00512,HisKA
NP_418347.1,4,PF00672,HAMP
NP_418347.1,4,PF02518,HATPase_c
NP_418347.1,4,PF16527,CpxA_peri
NP_418348.1,2,PF00072,Response_reg
NP_418348.1,2,PF00486,Trans_reg_C
NP_418350.1,2,PF01545,Cation_efflux
NP_418350.1,2,PF16916,ZT_dimer
NP_418352.1,4,PF01547,SBP_bac_1
NP_418352.1,4,PF13343,SBP_bac_6
NP_418352.1,4,PF13416,SBP_bac_8
NP_418352.1,4,PF13531,SBP_bac_11
NP_418359.1,2,PF00175,NAD_binding_1
NP_418359.1,2,PF00970,FAD_binding_6
NP_418361.1,2,PF00370,FGGY_N
NP_418361.1,2,PF02782,FGGY_C
NP_418366.1,6,PF00004,AAA
NP_418366.1,6,PF00493,MCM
NP_418366.1,6,PF01078,Mg_chelatase
NP_418366.1,6,PF07724,AAA_2
NP_418366.1,6,PF07728,AAA_5
NP_418366.1,6,PF13401,AAA_22
NP_418369.1,4,PF00356,LacI
NP_418369.1,4,PF00532,Peripla_BP_1
NP_418369.1,4,PF13377,Peripla_BP_3
NP_418369.1,4,PF13407,Peripla_BP_4
NP_418370.1,7,PF00270,DEAD
NP_418370.1,7,PF00271,Helicase_C
NP_418370.1,7,PF04851,ResIII
NP_418370.1,7,PF17764,PriA_3primeBD
NP_418370.1,7,PF18074,PriA_C
NP_418370.1,7,PF18319,Zn_ribbon_PriA
NP_418370.1,7,PF21213,WHD_PriA
NP_418374.1,2,PF00155,Aminotran_1_2
NP_418374.1,2,PF01053,Cys_Met_Meta_PP
NP_418375.1,3,PF00696,AA_kinase
NP_418375.1,3,PF00742,Homoserine_dh
NP_418375.1,3,PF03447,NAD_binding_3
NP_418380.4,2,PF00465,Fe-ADH
NP_418380.4,2,PF13685,Fe-ADH_2
NP_418385.1,2,PF02302,PTS_IIB
NP_418385.1,2,PF25554,PTS_EIIB_BC_N
NP_418386.1,2,PF01228,Gly_radical
NP_418386.1,2,PF02901,PFL-like
NP_418387.3,2,PF04055,Radical_SAM
NP_418387.3,2,PF13353,Fer4_12
NP_418389.1,2,PF00165,HTH_AraC
NP_418389.1,2,PF12833,HTH_18
NP_418392.1,3,PF01546,Peptidase_M20
NP_418392.1,3,PF04389,Peptidase_M28
NP_418392.1,3,PF07687,M20_dimer
NP_418393.1,3,PF01118,Semialdhyde_dh
NP_418393.1,3,PF02774,Semialdhyde_dhC
NP_418393.1,3,PF22698,Semialdhyde_dhC_1
NP_418395.1,2,PF00206,Lyase_1
NP_418395.1,2,PF14698,ASL_C2
NP_418396.1,2,PF00126,HTH_1
NP_418396.1,2,PF03466,LysR_substrate
NP_418397.2,7,PF00070,Pyr_redox
NP_418397.2,7,PF00890,FAD_binding_2
NP_418397.2,7,PF02852,Pyr_redox_dim
NP_418397.2,7,PF07992,Pyr_redox_2
NP_418397.2,7,PF12831,FAD_oxidored
NP_418397.2,7,PF13450,NAD_binding_8
NP_418397.2,7,PF13738,Pyr_redox_3
NP_418398.3,2,PF00440,TetR_N
NP_418398.3,2,PF21943,TetR_C_46
NP_418400.1,2,PF05958,tRNA_U5-meth_tr
NP_418400.1,2,PF13649,Methyltransf_25
NP_418401.1,2,PF00593,TonB_dep_Rec_b-barrel
NP_418401.1,2,PF07715,Plug
NP_418403.1,2,PF01565,FAD_binding_4
NP_418403.1,2,PF02873,MurB_C
NP_418404.1,3,PF02237,BPL_C
NP_418404.1,3,PF03099,BPL_LplA_LipB
NP_418404.1,3,PF08279,HTH_11
NP_418407.1,3,PF00009,GTP_EFTU
NP_418407.1,3,PF03143,GTP_EFTU_D3
NP_418407.1,3,PF03144,GTP_EFTU_D2
NP_418409.1,2,PF00467,KOW
NP_418409.1,2,PF02357,NusG
NP_418410.1,2,PF00298,Ribosomal_L11
NP_418410.1,2,PF03946,Ribosomal_L11_N
NP_418412.1,2,PF00466,Ribosomal_L10
NP_418412.1,2,PF27436,RL10_C
NP_418413.1,2,PF00542,Ribosomal_L12
NP_418413.1,2,PF16320,Ribosomal_L12_N
NP_418414.1,6,PF00562,RNA_pol_Rpb2_6
NP_418414.1,6,PF04560,RNA_pol_Rpb2_7
NP_418414.1,6,PF04561,RNA_pol_Rpb2_2
NP_418414.1,6,PF04563,RNA_pol_Rpb2_1
NP_418414.1,6,PF04565,RNA_pol_Rpb2_3
NP_418414.1,6,PF10385,RNA_pol_Rpb2_45
NP_418415.1,5,PF00623,RNA_pol_Rpb1_2
NP_418415.1,5,PF04983,RNA_pol_Rpb1_3
NP_418415.1,5,PF04997,RNA_pol_Rpb1_1
NP_418415.1,5,PF04998,RNA_pol_Rpb1_5
NP_418415.1,5,PF05000,RNA_pol_Rpb1_4
NP_418417.1,2,PF04055,Radical_SAM
NP_418417.1,2,PF06968,BATS
NP_418422.1,2,PF01964,ThiC_Rad_SAM
NP_418422.1,2,PF13667,ThiC-associated
NP_418428.1,2,PF00216,Bac_DNA_binding
NP_418428.1,2,PF18291,HU-HIG
NP_418431.1,2,PF00512,HisKA
NP_418431.1,2,PF02518,HATPase_c
NP_418432.1,7,PF00004,AAA
NP_418432.1,7,PF00072,Response_reg
NP_418432.1,7,PF00158,Sigma54_activat
NP_418432.1,7,PF02954,HTH_8
NP_418432.1,7,PF07728,AAA_5
NP_418432.1,7,PF14532,Sigma54_activ_2
NP_418432.1,7,PF25601,AAA_lid_14
NP_418433.1,5,PF01071,GARS_A
NP_418433.1,5,PF02655,ATP-grasp_3
NP_418433.1,5,PF02786,CPSase_L_D2
NP_418433.1,5,PF02843,GARS_C
NP_418433.1,5,PF02844,GARS_N
NP_418434.1,2,PF01808,AICARFT_IMPCHas
NP_418434.1,2,PF02142,MGS
NP_418436.1,4,PF00583,Acetyltransf_1
NP_418436.1,4,PF08445,FR47
NP_418436.1,4,PF13508,Acetyltransf_7
NP_418436.1,4,PF13673,Acetyltransf_10
NP_418438.1,3,PF01274,MS_TIM-barrel
NP_418438.1,3,PF20656,MS_N
NP_418438.1,3,PF20659,MS_C
NP_418439.1,2,PF00463,ICL
NP_418439.1,2,PF13714,PEP_mutase
NP_418440.1,2,PF06315,AceK_kinase
NP_418440.1,2,PF20423,AceK_regulatory
NP_418441.1,2,PF07906,Toxin_15
NP_418441.1,2,PF12796,Ank_2
NP_418442.2,2,PF01614,IclR_C
NP_418442.2,2,PF09339,HTH_IclR
NP_418443.1,5,PF00809,Pterin_bind
NP_418443.1,5,PF02310,B12-binding
NP_418443.1,5,PF02574,S-methyl_trans
NP_418443.1,5,PF02607,B12-binding_2
NP_418443.1,5,PF02965,Met_synt_B12
NP_418444.1,2,PF01895,PhoU
NP_418444.1,2,PF02690,Na_Pi_cotrans
NP_418446.1,2,PF00849,PseudoU_synth_2
NP_418446.1,2,PF01479,S4
NP_418448.1,4,PF00696,AA_kinase
NP_418448.1,4,PF01842,ACT
NP_418448.1,4,PF13840,ACT_7
NP_418448.1,4,PF22468,ACT_9
NP_418452.1,2,PF06251,Caps_syn_GfcC_C
NP_418452.1,2,PF20616,Caps_syn_GfcC_N
NP_418455.1,2,PF00083,Sugar_tr
NP_418455.1,2,PF07690,MFS_1
NP_418457.1,3,PF00528,BPD_transp_1
NP_418457.1,3,PF14785,MalF_P2
NP_418457.1,3,PF20872,MalF_N_TM
NP_418458.1,2,PF01547,SBP_bac_1
NP_418458.1,2,PF13416,SBP_bac_8
NP_418459.1,3,PF00005,ABC_tran
NP_418459.1,3,PF08402,TOBE_2
NP_418459.1,3,PF17912,OB_MalK
NP_418465.4,3,PF01553,Acyltransferase
NP_418465.4,3,PF19277,GPAT_C
NP_418465.4,3,PF27464,PlsB_N
NP_418467.1,2,PF00717,Peptidase_S24
NP_418467.1,2,PF01726,LexA_DNA_bind
NP_418475.1,3,PF00107,ADH_zinc_N
NP_418475.1,3,PF08240,ADH_N
NP_418475.1,3,PF13602,ADH_zinc_N_2
NP_418476.1,3,PF00772,DnaB
NP_418476.1,3,PF03796,DnaB_C
NP_418476.1,3,PF13481,AAA_25
NP_418477.1,2,PF00842,Ala_racemase_C
NP_418477.1,2,PF01168,Ala_racemase_N
NP_418482.1,6,PF00005,ABC_tran
NP_418482.1,6,PF02463,SMC_N
NP_418482.1,6,PF13555,AAA_29
NP_418482.1,6,PF17755,UvrA_DNA-bind
NP_418482.1,6,PF17760,UvrA_inter
NP_418482.1,6,PF20703,nSTAND1
NP_418485.1,2,PF00563,EAL
NP_418485.1,2,PF12792,CSS-motif
NP_418486.1,2,PF00165,HTH_AraC
NP_418486.1,2,PF12833,HTH_18
NP_418487.1,3,PF00376,MerR
NP_418487.1,3,PF09278,MerR-DNA-bind
NP_418487.1,3,PF13411,MerR_1
NP_418490.1,3,PF00805,Pentapeptide
NP_418490.1,3,PF13576,Pentapeptide_3
NP_418490.1,3,PF13599,Pentapeptide_4
NP_418493.1,3,PF00501,AMP-binding
NP_418493.1,3,PF13193,AMP-binding_C
NP_418493.1,3,PF16177,ACAS_N
NP_418494.1,3,PF02335,Cytochrom_C552
NP_418494.1,3,PF09699,Paired_CXXCH_1
NP_418494.1,3,PF14522,Cytochrome_C7
NP_418495.2,6,PF02085,Cytochrom_CIII
NP_418495.2,6,PF09699,Paired_CXXCH_1
NP_418495.2,6,PF13435,Cytochrome_C554
NP_418495.2,6,PF14522,Cytochrome_C7
NP_418495.2,6,PF14537,Cytochrom_c3_2
NP_418495.2,6,PF22678,Cytochrom_c_NrfB-like
NP_418496.1,9,PF00037,Fer4
NP_418496.1,9,PF12797,Fer4_2
NP_418496.1,9,PF12800,Fer4_4
NP_418496.1,9,PF12837,Fer4_6
NP_418496.1,9,PF12838,Fer4_7
NP_418496.1,9,PF13187,Fer4_9
NP_418496.1,9,PF13237,Fer4_10
NP_418496.1,9,PF13247,Fer4_11
NP_418496.1,9,PF25160,LdpA_Fe-S-bd
NP_418498.1,2,PF01578,Cytochrom_C_asm
NP_418498.1,2,PF16327,CcmF_C
NP_418500.1,2,PF07719,TPR_2
NP_418500.1,2,PF23914,TPR_CcmH_CycH
NP_418503.1,3,PF00384,Molybdopterin
NP_418503.1,3,PF01568,Molydop_binding
NP_418503.1,3,PF04879,Molybdop_Fe4S4
NP_418505.2,2,PF04632,FUSC
NP_418505.2,2,PF13515,FUSC_2
NP_418506.1,4,PF00364,Biotin_lipoyl
NP_418506.1,4,PF25876,HH_MFP_RND
NP_418506.1,4,PF25917,BSH_RND
NP_418506.1,4,PF25963,Beta-barrel_AAEA
NP_418507.2,3,PF00753,Lactamase_B
NP_418507.2,3,PF14863,Alkyl_sulf_dimr
NP_418507.2,3,PF14864,Alkyl_sulf_C
NP_418511.1,2,PF00005,ABC_tran
NP_418511.1,2,PF13304,AAA_21
NP_418512.1,3,PF00532,Peripla_BP_1
NP_418512.1,3,PF13377,Peripla_BP_3
NP_418512.1,3,PF13407,Peripla_BP_4
NP_418513.4,2,PF01380,SIS
NP_418513.4,2,PF01418,HTH_6
NP_418516.1,2,PF12706,Lactamase_B_2
NP_418516.1,2,PF23023,Anti-Pycsar_Apyc1
NP_418517.1,3,PF00583,Acetyltransf_1
NP_418517.1,3,PF13508,Acetyltransf_7
NP_418517.1,3,PF13673,Acetyltransf_10
NP_418519.1,2,PF01979,Amidohydro_1
NP_418519.1,2,PF07969,Amidohydro_3
NP_418526.1,3,PF00392,GntR
NP_418526.1,3,PF01047,MarR
NP_418526.1,3,PF07702,UTRA
NP_418530.1,2,PF00005,ABC_tran
NP_418530.1,2,PF13304,AAA_21
NP_418531.1,2,PF00903,Glyoxalase
NP_418531.1,2,PF06983,3-dmu-9_3-mt
NP_418532.1,2,PF03831,YjdM
NP_418532.1,2,PF08274,Zn_Ribbon_YjdM
NP_418533.1,2,PF00350,Dynamin_N
NP_418533.1,2,PF01926,MMR_HSR1
NP_418535.1,4,PF00083,Sugar_tr
NP_418535.1,4,PF07690,MFS_1
NP_418535.1,4,PF08946,Osmo_CC
NP_418535.1,4,PF13347,MFS_2
NP_418536.1,3,PF00512,HisKA
NP_418536.1,3,PF02518,HATPase_c
NP_418536.1,3,PF26769,HAMP_PhoQ
NP_418537.1,2,PF00072,Response_reg
NP_418537.1,2,PF00486,Trans_reg_C
NP_418538.2,2,PF00884,Sulfatase
NP_418538.2,2,PF08019,EptA_B_N
NP_418539.1,2,PF00324,AA_permease
NP_418539.1,2,PF13520,AA_permease_2
NP_418540.1,2,PF00165,HTH_AraC
NP_418540.1,2,PF12833,HTH_18
NP_418541.2,3,PF01276,OKR_DC_1
NP_418541.2,3,PF03709,OKR_DC_1_N
NP_418541.2,3,PF03711,OKR_DC_1_C
NP_418542.1,2,PF00165,HTH_AraC
NP_418542.1,2,PF12833,HTH_18
NP_418543.1,2,PF02056,Glyco_hydro_4
NP_418543.1,2,PF11975,Glyco_hydro_4C
NP_418546.1,2,PF05681,Fumerase
NP_418546.1,2,PF05683,Fumerase_C
NP_418549.1,7,PF00989,PAS
NP_418549.1,7,PF02518,HATPase_c
NP_418549.1,7,PF13188,PAS_8
NP_418549.1,7,PF13596,PAS_10
NP_418549.1,7,PF14501,HATPase_c_5
NP_418549.1,7,PF14689,SPOB_a
NP_418549.1,7,PF17203,sCache_3_2
NP_418551.1,3,PF00583,Acetyltransf_1
NP_418551.1,3,PF13508,Acetyltransf_7
NP_418551.1,3,PF14542,Acetyltransf_CG
NP_418553.1,3,PF00152,tRNA-synt_2
NP_418553.1,3,PF01336,tRNA_anti-codon
NP_418553.1,3,PF01409,tRNA-synt_2d
NP_418554.1,2,PF00854,PTR2
NP_418554.1,2,PF07690,MFS_1
NP_418555.1,3,PF01276,OKR_DC_1
NP_418555.1,3,PF03709,OKR_DC_1_N
NP_418555.1,3,PF03711,OKR_DC_1_C
NP_418556.1,2,PF00324,AA_permease
NP_418556.1,2,PF13520,AA_permease_2
NP_418557.1,2,PF00486,Trans_reg_C
NP_418557.1,2,PF18500,CadC_C1
NP_418559.1,6,PF00085,Thioredoxin
NP_418559.1,6,PF02683,DsbD_TM
NP_418559.1,6,PF11412,DsbD_N
NP_418559.1,6,PF13098,Thioredoxin_2
NP_418559.1,6,PF13386,DsbD_2
NP_418559.1,6,PF13899,Thioredoxin_7
NP_418561.1,3,PF03600,CitMHS
NP_418561.1,3,PF03605,DcuA_DcuB
NP_418561.1,3,PF03606,DcuC
NP_418562.4,2,PF00206,Lyase_1
NP_418562.4,2,PF10415,FumaraseC_C
NP_418565.1,2,PF00324,AA_permease
NP_418565.1,2,PF13520,AA_permease_2
NP_418570.1,2,PF04055,Radical_SAM
NP_418570.1,2,PF13353,Fer4_12
NP_418571.1,3,PF01132,EFP
NP_418571.1,3,PF08207,EFP_N
NP_418571.1,3,PF09285,Elong-fact-P_C
NP_418573.1,2,PF00061,Lipocalin
NP_418573.1,2,PF08212,Lipocalin_2
NP_418577.1,6,PF12838,Fer4_7
NP_418577.1,6,PF13085,Fer2_3
NP_418577.1,6,PF13183,Fer4_8
NP_418577.1,6,PF13187,Fer4_9
NP_418577.1,6,PF13237,Fer4_10
NP_418577.1,6,PF13534,Fer4_17
NP_418578.1,3,PF00890,FAD_binding_2
NP_418578.1,3,PF02910,Succ_DH_flav_C
NP_418578.1,3,PF07992,Pyr_redox_2
NP_418580.2,2,PF00324,AA_permease
NP_418580.2,2,PF13520,AA_permease_2
NP_418583.1,5,PF00924,MS_channel_2nd
NP_418583.1,5,PF12794,MscS_TM
NP_418583.1,5,PF12795,MscS_porin
NP_418583.1,5,PF21082,MS_channel_3rd
NP_418583.1,5,PF21088,MS_channel_1st
NP_418584.1,2,PF02666,PS_Dcarbxylase
NP_418584.1,2,PF27523,PSD
NP_418585.4,2,PF01926,MMR_HSR1
NP_418585.4,2,PF03193,RsgA_GTPase
NP_418587.1,2,PF08331,QueG_DUF1730
NP_418587.1,2,PF13484,Fer4_16
NP_418588.1,2,PF01256,Carb_kinase
NP_418588.1,2,PF03853,YjeF_N
NP_418590.1,2,PF01520,Amidase_3
NP_418590.1,2,PF11741,AMIN
NP_418591.1,4,PF01119,DNA_mis_repair
NP_418591.1,4,PF02518,HATPase_c
NP_418591.1,4,PF08676,MutL_C
NP_418591.1,4,PF13589,HATPase_c_3
NP_418592.1,2,PF01715,IPPT
NP_418592.1,2,PF01745,IPT
NP_418594.1,6,PF00025,Arf
NP_418594.1,6,PF01926,MMR_HSR1
NP_418594.1,6,PF02421,FeoB_N
NP_418594.1,6,PF13167,GTP-bdg_N
NP_418594.1,6,PF16360,GTP-bdg_M
NP_418594.1,6,PF19275,HflX_C
NP_418595.1,2,PF01145,Band_7
NP_418595.1,2,PF12221,HflK_N
NP_418600.4,5,PF00575,S1
NP_418600.4,5,PF00773,RNB
NP_418600.4,5,PF08206,OB_RNB
NP_418600.4,5,PF08461,WHD_RNase_R
NP_418600.4,5,PF17876,CSD2
NP_418601.1,2,PF00588,SpoU_methylase
NP_418601.1,2,PF08032,SpoU_sub_bind
NP_418608.6,5,PF00441,Acyl-CoA_dh_1
NP_418608.6,5,PF02770,Acyl-CoA_dh_M
NP_418608.6,5,PF08028,Acyl-CoA_dh_2
NP_418608.6,5,PF18158,AidB_N
NP_418608.6,5,PF22924,ACOX_C_alpha1
NP_418611.1,5,PF00326,Peptidase_S9
NP_418611.1,5,PF00561,Abhydrolase_1
NP_418611.1,5,PF02230,Abhydrolase_2
NP_418611.1,5,PF12146,Hydrolase_4
NP_418611.1,5,PF12697,Abhydrolase_6
NP_418612.1,3,PF00455,DeoRC
NP_418612.1,3,PF08220,HTH_DeoR
NP_418612.1,3,PF08279,HTH_11
NP_418613.2,2,PF12706,Lactamase_B_2
NP_418613.2,2,PF13483,Lactamase_B_3
NP_418622.1,2,PF00436,SSB
NP_418622.1,2,PF22657,SSB_1
NP_418624.1,2,PF01281,Ribosomal_L9_N
NP_418624.1,2,PF03948,Ribosomal_L9_C
NP_418627.4,2,PF04225,LysM_OapA
NP_418627.4,2,PF08525,OapA_N
NP_418628.4,2,PF00254,FKBP_C
NP_418628.4,2,PF01346,FKBP_N
NP_418629.1,2,PF00324,AA_permease
NP_418629.1,2,PF13520,AA_permease_2
NP_418630.1,2,PF01814,Hemerythrin
NP_418630.1,2,PF04405,ScdA_N
NP_418632.1,5,PF01073,3Beta_HSD
NP_418632.1,5,PF01370,Epimerase
NP_418632.1,5,PF05368,NmrA
NP_418632.1,5,PF07993,NAD_binding_4
NP_418632.1,5,PF13460,NAD_binding_10
NP_418634.1,2,PF00149,Metallophos
NP_418634.1,2,PF02872,5_nucleotid_C
NP_418639.1,3,PF00571,CBS
NP_418639.1,3,PF01595,CNNM
NP_418639.1,3,PF03471,CorC_HlyC
NP_418641.1,3,PF01103,Omp85
NP_418641.1,3,PF07244,POTRA
NP_418641.1,3,PF17243,POTRA_TamA_1
NP_418642.1,2,PF04357,TamB
NP_418642.1,2,PF27051,TamB_N
NP_418648.1,3,PF00532,Peripla_BP_1
NP_418648.1,3,PF13407,Peripla_BP_4
NP_418648.1,3,PF13458,Peripla_BP_6
NP_418653.1,2,PF00316,FBPase
NP_418653.1,2,PF18913,FBPase_C
NP_418654.1,3,PF01225,Mur_ligase
NP_418654.1,3,PF02875,Mur_ligase_C
NP_418654.1,3,PF08245,Mur_ligase_M
NP_418656.1,3,PF01523,PmbA_TldD_1st
NP_418656.1,3,PF19289,PmbA_TldD_3rd
NP_418656.1,3,PF19290,PmbA_TldD_2nd
NP_418659.1,3,PF01228,Gly_radical
NP_418659.1,3,PF03477,ATP-cone
NP_418659.1,3,PF13597,NRDD
NP_418661.1,2,PF00367,PTS_EIIB
NP_418661.1,2,PF02378,PTS_EIIC
NP_418662.1,3,PF00356,LacI
NP_418662.1,3,PF00532,Peripla_BP_1
NP_418662.1,3,PF13377,Peripla_BP_3
NP_418663.1,5,PF00122,E1-E2_ATPase
NP_418663.1,5,PF00689,Cation_ATPase_C
NP_418663.1,5,PF00690,Cation_ATPase_N
NP_418663.1,5,PF00702,Hydrolase
NP_418663.1,5,PF13246,Cation_ATPase
NP_418665.1,2,PF01948,PyrI
NP_418665.1,2,PF02748,PyrI_C
NP_418666.1,2,PF00185,OTCace
NP_418666.1,2,PF02729,OTCace_N
NP_418670.1,3,PF00106,adh_short
NP_418670.1,3,PF01370,Epimerase
NP_418670.1,3,PF13561,adh_short_C2
NP_418675.1,2,PF00185,OTCace
NP_418675.1,2,PF02729,OTCace_N
NP_418679.1,5,PF00133,tRNA-synt_1
NP_418679.1,5,PF08264,Anticodon_1
NP_418679.1,5,PF09334,tRNA-synt_1g
NP_418679.1,5,PF10458,Val_tRNA-synt_C
NP_418679.1,5,PF13603,tRNA-synt_1_2
NP_418681.1,2,PF00883,Peptidase_M17
NP_418681.1,2,PF02789,Peptidase_M17_N
NP_418684.1,5,PF01935,DUF87
NP_418684.1,5,PF04851,ResIII
NP_418684.1,5,PF05872,HerA_C
NP_418684.1,5,PF10412,TrwB_AAD_bind
NP_418684.1,5,PF13401,AAA_22
NP_418685.1,4,PF00356,LacI
NP_418685.1,4,PF00532,Peripla_BP_1
NP_418685.1,4,PF13377,Peripla_BP_3
NP_418685.1,4,PF13407,Peripla_BP_4
NP_418686.1,3,PF02447,GntP_permease
NP_418686.1,3,PF03600,CitMHS
NP_418686.1,3,PF06808,DctM
NP_418687.1,3,PF00106,adh_short
NP_418687.1,3,PF08659,KR
NP_418687.1,3,PF13561,adh_short_C2
NP_418688.1,3,PF00107,ADH_zinc_N
NP_418688.1,3,PF08240,ADH_N
NP_418688.1,3,PF13602,ADH_zinc_N_2
NP_418690.4,4,PF00107,ADH_zinc_N
NP_418690.4,4,PF01262,AlaDh_PNT_C
NP_418690.4,4,PF08240,ADH_N
NP_418690.4,4,PF13602,ADH_zinc_N_2
NP_418693.1,3,PF00665,rve
NP_418693.1,3,PF13276,HTH_21
NP_418693.1,3,PF13683,rve_3
NP_418698.1,2,PF01609,DDE_Tnp_1
NP_418698.1,2,PF13006,Nterm_IS4
NP_418699.4,2,PF00083,Sugar_tr
NP_418699.4,2,PF07690,MFS_1
NP_418700.2,3,PF01408,GFO_IDH_MocA
NP_418700.2,3,PF02894,GFO_IDH_MocA_C
NP_418700.2,3,PF22725,GFO_IDH_MocA_C3
NP_418704.1,3,PF00665,rve
NP_418704.1,3,PF13384,HTH_23
NP_418704.1,3,PF13936,HTH_38
NP_418707.1,3,PF00005,ABC_tran
NP_418707.1,3,PF13304,AAA_21
NP_418707.1,3,PF13555,AAA_29
NP_418709.1,2,PF00950,ABC-3
NP_418709.1,2,PF01032,FecCD
NP_418711.1,4,PF00593,TonB_dep_Rec_b-barrel
NP_418711.1,4,PF07660,STN
NP_418711.1,4,PF07715,Plug
NP_418711.1,4,PF14905,OMP_b-brl_3
NP_418712.1,2,PF04773,FecR
NP_418712.1,2,PF16220,DUF4880
NP_418713.1,4,PF04542,Sigma70_r2
NP_418713.1,4,PF04545,Sigma70_r4
NP_418713.1,4,PF07638,Sigma70_ECF
NP_418713.1,4,PF08281,Sigma70_r4_2
NP_418714.1,2,PF03811,Zn_ribbon_InsA
NP_418714.1,2,PF12759,HTH_Tnp_IS1
NP_418716.1,2,PF02447,GntP_permease
NP_418716.1,2,PF03600,CitMHS
NP_418717.1,2,PF00920,ILVD_EDD_N
NP_418717.1,2,PF24877,ILV_EDD_C
NP_418720.1,2,PF00455,DeoRC
NP_418720.1,2,PF08220,HTH_DeoR
NP_418726.1,7,PF01135,PCMT
NP_418726.1,7,PF02353,CMAS
NP_418726.1,7,PF07021,MetW
NP_418726.1,7,PF08241,Methyltransf_11
NP_418726.1,7,PF13489,Methyltransf_23
NP_418726.1,7,PF13649,Methyltransf_25
NP_418726.1,7,PF13847,Methyltransf_31
NP_418727.1,2,PF00583,Acetyltransf_1
NP_418727.1,2,PF13508,Acetyltransf_7
NP_418730.4,5,PF01344,Kelch_1
NP_418730.4,5,PF07646,Kelch_2
NP_418730.4,5,PF24681,Kelch_KLHDC2_KLHL20_DRC7
NP_418730.4,5,PF24981,Beta-prop_ATRN-LZTR1
NP_418730.4,5,PF24996,NANM
NP_418736.3,2,PF00345,PapD_N
NP_418736.3,2,PF02753,PapD_C
NP_418737.1,3,PF00577,Usher
NP_418737.1,3,PF13953,PapC_C
NP_418737.1,3,PF13954,PapC_N
NP_418740.1,2,PF00419,Fimbrial
NP_418740.1,2,PF09160,FimH_man-bind
NP_418741.1,2,PF02447,GntP_permease
NP_418741.1,2,PF03600,CitMHS
NP_418742.1,2,PF01261,AP_endonuc_2
NP_418742.1,2,PF03786,UxuA
NP_418743.1,2,PF01232,Mannitol_dh
NP_418743.1,2,PF08125,Mannitol_dh_C
NP_418744.1,2,PF00392,GntR
NP_418744.1,2,PF07729,FCD
NP_418747.1,2,PF00126,HTH_1
NP_418747.1,2,PF03466,LysR_substrate
NP_418748.1,2,PF01979,Amidohydro_1
NP_418748.1,2,PF07969,Amidohydro_3
NP_418752.1,2,PF06779,MFS_4
NP_418752.1,2,PF07690,MFS_1
NP_418753.3,2,PF06977,SdiA-regulated
NP_418753.3,2,PF13449,Phytase-like
NP_418757.1,2,PF00083,Sugar_tr
NP_418757.1,2,PF07690,MFS_1
NP_418760.1,3,PF00155,Aminotran_1_2
NP_418760.1,3,PF00392,GntR
NP_418760.1,3,PF14502,HTH_41
NP_418766.4,5,PF00004,AAA
NP_418766.4,5,PF01078,Mg_chelatase
NP_418766.4,5,PF07728,AAA_5
NP_418766.4,5,PF12102,MrcB_N
NP_418766.4,5,PF28529,McrB_lid
NP_418769.1,3,PF02384,N6_Mtase
NP_418769.1,3,PF07669,Eco57I
NP_418769.1,3,PF12161,HsdM_N
NP_418770.2,5,PF00270,DEAD
NP_418770.2,5,PF00271,Helicase_C
NP_418770.2,5,PF04851,ResIII
NP_418770.2,5,PF08463,EcoEI_R_C
NP_418770.2,5,PF18766,SWI2_SNF2
NP_418771.1,3,PF04471,Mrr_cat
NP_418771.1,3,PF14338,Mrr_N
NP_418771.1,3,PF22722,NA-iREase1
NP_418772.4,2,PF02492,cobW
NP_418772.4,2,PF07683,CobW_C
NP_418775.1,3,PF00015,MCPsignal
NP_418775.1,3,PF00672,HAMP
NP_418775.1,3,PF02203,TarH
NP_418778.4,5,PF00107,ADH_zinc_N
NP_418778.4,5,PF01262,AlaDh_PNT_C
NP_418778.4,5,PF08240,ADH_N
NP_418778.4,5,PF13602,ADH_zinc_N_2
NP_418778.4,5,PF16912,Glu_dehyd_C
NP_418779.2,2,PF00884,Sulfatase
NP_418779.2,2,PF22895,DUF7024
NP_418781.1,3,PF00004,AAA
NP_418781.1,3,PF00308,Bac_DnaA
NP_418781.1,3,PF01695,IstB_IS21
NP_418787.1,2,PF06276,FhuF
NP_418787.1,2,PF11575,FhuF_C
NP_418788.1,7,PF05175,MTS
NP_418788.1,7,PF06325,PrmA
NP_418788.1,7,PF08241,Methyltransf_11
NP_418788.1,7,PF08242,Methyltransf_12
NP_418788.1,7,PF08468,MTS_N
NP_418788.1,7,PF13649,Methyltransf_25
NP_418788.1,7,PF13847,Methyltransf_31
NP_418790.1,8,PF00583,Acetyltransf_1
NP_418790.1,8,PF08445,FR47
NP_418790.1,8,PF12746,GNAT_acetyltran
NP_418790.1,8,PF13420,Acetyltransf_4
NP_418790.1,8,PF13480,Acetyltransf_6
NP_418790.1,8,PF13508,Acetyltransf_7
NP_418790.1,8,PF13527,Acetyltransf_9
NP_418790.1,8,PF13673,Acetyltransf_10
NP_418791.1,3,PF00702,Hydrolase
NP_418791.1,3,PF13242,Hydrolase_like
NP_418791.1,3,PF13419,HAD_2
NP_418792.1,5,PF00009,GTP_EFTU
NP_418792.1,5,PF01926,MMR_HSR1
NP_418792.1,5,PF03144,GTP_EFTU_D2
NP_418792.1,5,PF16658,RF3_C
NP_418792.1,5,PF22042,EF-G_D2
NP_418793.1,2,PF04972,BON
NP_418793.1,2,PF16693,Yop-YscD_ppl_1st
NP_418794.1,2,PF01734,Patatin
NP_418794.1,2,PF19890,DUF6363
NP_418796.1,5,PF00037,Fer4
NP_418796.1,5,PF04055,Radical_SAM
NP_418796.1,5,PF12838,Fer4_7
NP_418796.1,5,PF13187,Fer4_9
NP_418796.1,5,PF13353,Fer4_12
NP_418799.1,3,PF00591,Glycos_transf_3
NP_418799.1,3,PF02885,Glycos_trans_3N
NP_418799.1,3,PF07831,PYNP_C
NP_418803.1,3,PF03099,BPL_LplA_LipB
NP_418803.1,3,PF10437,Lip_prot_lig_C
NP_418803.1,3,PF21948,LplA-B_cat
NP_418805.1,4,PF00702,Hydrolase
NP_418805.1,4,PF08282,Hydrolase_3
NP_418805.1,4,PF12710,HAD
NP_418805.1,4,PF18429,DUF5609
NP_418806.1,8,PF03796,DnaB_C
NP_418806.1,8,PF05362,Lon_C
NP_418806.1,8,PF06745,ATPase
NP_418806.1,8,PF08423,Rad51
NP_418806.1,8,PF13481,AAA_25
NP_418806.1,8,PF13541,ChlI
NP_418806.1,8,PF18073,Zn_ribbon_LapB
NP_418806.1,8,PF23442,DUF7125
NP_418807.4,3,PF01381,HTH_3
NP_418807.4,3,PF01467,CTP_transf_like
NP_418807.4,3,PF13521,AAA_28
NP_418808.1,4,PF00005,ABC_tran
NP_418808.1,4,PF01926,MMR_HSR1
NP_418808.1,4,PF12848,ABC_tran_Xtn
NP_418808.1,4,PF13304,AAA_21
NP_418809.4,3,PF01464,SLT
NP_418809.4,3,PF14718,SLT_L
NP_418809.4,3,PF27553,SLT_superhelical
NP_418813.1,4,PF00165,HTH_AraC
NP_418813.1,4,PF06445,GyrI-like
NP_418813.1,4,PF12833,HTH_18
NP_418813.1,4,PF14526,Cass2
NP_418815.1,2,PF00072,Response_reg
NP_418815.1,2,PF00486,Trans_reg_C
NP_418816.1,3,PF00512,HisKA
NP_418816.1,3,PF00672,HAMP
NP_418816.1,3,PF02518,HATPase_c
NP_418818.1,2,PF00072,Response_reg
NP_418818.1,2,PF00486,Trans_reg_C
YP_009518740.1,2,PF03811,Zn_ribbon_InsA
YP_009518740.1,2,PF12759,HTH_Tnp_IS1
YP_009518751.1,7,PF00004,AAA
YP_009518751.1,7,PF05496,RuvB_N
YP_009518751.1,7,PF07728,AAA_5
YP_009518751.1,7,PF12169,DNA_pol3_gamma3
YP_009518751.1,7,PF13177,DNA_pol3_delta2
YP_009518751.1,7,PF13401,AAA_22
YP_009518751.1,7,PF22608,DNAX_ATPase_lid
YP_009518753.1,3,PF13384,HTH_23
YP_009518753.1,3,PF13518,HTH_28
YP_009518753.1,3,PF13551,HTH_29
YP_009518764.1,4,PF00392,GntR
YP_009518764.1,4,PF03354,TerL_ATPase
YP_009518764.1,4,PF13730,HTH_36
YP_009518764.1,4,PF20441,TerL_nuclease
YP_009518770.2,2,PF01609,DDE_Tnp_1
YP_009518770.2,2,PF05598,DUF772
YP_009518776.1,2,PF07789,DUF1627
YP_009518776.1,2,PF09012,FeoC
YP_009518781.1,3,PF00560,LRR_1
YP_009518781.1,3,PF12799,LRR_4
YP_009518781.1,3,PF13855,LRR_8
YP_009518785.1,2,PF00577,Usher
YP_009518785.1,2,PF13953,PapC_C
YP_009518786.1,3,PF00083,Sugar_tr
YP_009518786.1,3,PF07690,MFS_1
YP_009518786.1,3,PF13347,MFS_2
YP_009518822.1,2,PF01138,RNase_PH
YP_009518822.1,2,PF03725,RNase_PH_C
YP_009518834.1,2,PF27201,YjiT_N
YP_009518834.1,2,PF27205,YjiT_2nd
YP_010051172.1,3,PF00905,Transpeptidase
YP_010051172.1,3,PF00912,Transgly
YP_010051172.1,3,PF14814,UB2H
YP_010051194.1,11,PF00004,AAA
YP_010051194.1,11,PF00158,Sigma54_activat
YP_010051194.1,11,PF05621,TniB
YP_010051194.1,11,PF07724,AAA_2
YP_010051194.1,11,PF07728,AAA_5
YP_010051194.1,11,PF10431,ClpB_D2-small
YP_010051194.1,11,PF13191,AAA_16
YP_010051194.1,11,PF13401,AAA_22
YP_010051194.1,11,PF17871,AAA_lid_9
YP_010051194.1,11,PF20720,nSTAND3
YP_010051194.1,11,PF23569,NBD_SMAX1
YP_010051217.1,5,PF00004,AAA
YP_010051217.1,5,PF01078,Mg_chelatase
YP_010051217.1,5,PF07728,AAA_5
YP_010051217.1,5,PF20720,nSTAND3
YP_010051217.1,5,PF28529,McrB_lid
YP_010283911.1,5,PF01584,CheW
YP_010283911.1,5,PF01627,Hpt
YP_010283911.1,5,PF02518,HATPase_c
YP_010283911.1,5,PF02895,H-kinase_dim
YP_010283911.1,5,PF09078,CheY-binding
YP_010283915.1,8,PF00009,GTP_EFTU
YP_010283915.1,8,PF00025,Arf
YP_010283915.1,8,PF00071,Ras
YP_010283915.1,8,PF01926,MMR_HSR1
YP_010283915.1,8,PF03144,GTP_EFTU_D2
YP_010283915.1,8,PF04760,IF2_N
YP_010283915.1,8,PF11987,IF-2
YP_010283915.1,8,PF22042,EF-G_D2
YP_010283916.1,8,PF00009,GTP_EFTU
YP_010283916.1,8,PF00025,Arf
YP_010283916.1,8,PF00071,Ras
YP_010283916.1,8,PF01926,MMR_HSR1
YP_010283916.1,8,PF03144,GTP_EFTU_D2
YP_010283916.1,8,PF04760,IF2_N
YP_010283916.1,8,PF11987,IF-2
YP_010283916.1,8,PF22042,EF-G_D2
YP_025294.2,3,PF00205,TPP_enzyme_M
YP_025294.2,3,PF02775,TPP_enzyme_C
YP_025294.2,3,PF02776,TPP_enzyme_N
YP_025300.1,3,PF00005,ABC_tran
YP_025300.1,3,PF08352,oligo_HPY
YP_025300.1,3,PF13304,AAA_21
YP_025302.1,2,PF01232,Mannitol_dh
YP_025302.1,2,PF08125,Mannitol_dh_C
YP_025306.1,2,PF00083,Sugar_tr
YP_025306.1,2,PF07690,MFS_1
YP_025308.1,3,PF00199,Catalase
YP_025308.1,3,PF06628,Catalase-rel
YP_025308.1,3,PF18011,Catalase_C
YP_026161.1,2,PF04352,ProQ
YP_026161.1,2,PF17516,ProQ_C
YP_026164.1,4,PF03797,Autotransporter
YP_026164.1,4,PF13018,ESPR
YP_026164.1,4,PF16168,AIDA
YP_026164.1,4,PF18883,AC_1
YP_026170.1,5,PF02769,AIRS_C
YP_026170.1,5,PF13507,GATase_5
YP_026170.1,5,PF18072,FGAR-AT_linker
YP_026170.1,5,PF18076,FGAR-AT_N
YP_026170.1,5,PF22689,FGAR-AT_PurM_N-like
YP_026171.3,3,PF00571,CBS
YP_026171.3,3,PF01595,CNNM
YP_026171.3,3,PF03471,CorC_HlyC
YP_026172.1,2,PF02463,SMC_N
YP_026172.1,2,PF13476,AAA_23
YP_026173.1,2,PF00350,Dynamin_N
YP_026173.1,2,PF01926,MMR_HSR1
YP_026181.1,2,PF03612,EIIBC-GUT_N
YP_026181.1,2,PF07663,EIIBC-GUT_C
YP_026182.1,2,PF00367,PTS_EIIB
YP_026182.1,2,PF02378,PTS_EIIC
YP_026183.1,2,PF01565,FAD_binding_4
YP_026183.1,2,PF02913,FAD-oxidase_C
YP_026185.1,2,PF00185,OTCace
YP_026185.1,2,PF02729,OTCace_N
YP_026187.1,2,PF00107,ADH_zinc_N
YP_026187.1,2,PF08240,ADH_N
YP_026188.1,5,PF00456,Transketolase_N
YP_026188.1,5,PF02779,Transket_pyr
YP_026188.1,5,PF02780,Transketolase_C
YP_026188.1,5,PF13292,DXP_synthase_N
YP_026188.1,5,PF22613,Transketolase_C_1
YP_026189.1,4,PF13322,DUF4092
YP_026189.1,4,PF13402,Peptidase_M60
YP_026189.1,4,PF17291,M60-like_N
YP_026189.1,4,PF26759,AcfD_helical
YP_026190.1,9,PF00037,Fer4
YP_026190.1,9,PF02754,CCG
YP_026190.1,9,PF12837,Fer4_6
YP_026190.1,9,PF12838,Fer4_7
YP_026190.1,9,PF13183,Fer4_8
YP_026190.1,9,PF13187,Fer4_9
YP_026190.1,9,PF13237,Fer4_10
YP_026190.1,9,PF13484,Fer4_16
YP_026190.1,9,PF13534,Fer4_17
YP_026192.1,2,PF01943,Polysacc_synt
YP_026192.1,2,PF13440,Polysacc_synt_3
YP_026195.1,2,PF12883,DUF3828
YP_026195.1,2,PF26580,Mtb12_C
YP_026196.1,3,PF04055,Radical_SAM
YP_026196.1,3,PF08497,Radical_SAM_N
YP_026196.1,3,PF11842,DUF3362
YP_026197.1,2,PF06445,GyrI-like
YP_026197.1,2,PF14526,Cass2
YP_026199.1,6,PF00703,Glyco_hydro_2
YP_026199.1,6,PF02836,Glyco_hydro_2_C
YP_026199.1,6,PF02837,Glyco_hydro_2_N
YP_026199.1,6,PF02929,Bgal_small_N
YP_026199.1,6,PF16353,LacZ_4
YP_026199.1,6,PF22666,Glyco_hydro_2_N2
YP_026200.1,2,PF00324,AA_permease
YP_026200.1,2,PF13520,AA_permease_2
YP_026204.1,2,PF03313,SDH_alpha
YP_026204.1,2,PF03315,SDH_beta
YP_026205.1,2,PF01228,Gly_radical
YP_026205.1,2,PF02901,PFL-like
YP_026207.1,8,PF00072,Response_reg
YP_026207.1,8,PF00512,HisKA
YP_026207.1,8,PF00989,PAS
YP_026207.1,8,PF01627,Hpt
YP_026207.1,8,PF02518,HATPase_c
YP_026207.1,8,PF08448,PAS_4
YP_026207.1,8,PF13589,HATPase_c_3
YP_026207.1,8,PF18415,HKR_ArcB_TM
YP_026210.1,2,PF01396,Zn_ribbon_Top1
YP_026210.1,2,PF25164,CoiA_N
YP_026211.1,3,PF02481,DNA_processg_A
YP_026211.1,3,PF17782,WHD_DprA
YP_026211.1,3,PF25317,SAM_SMF
YP_026214.1,2,PF14502,HTH_41
YP_026214.1,2,PF14503,YhfZ_C
YP_026215.2,3,PF01202,SKI
YP_026215.2,3,PF13238,AAA_18
YP_026215.2,3,PF13671,AAA_33
YP_026216.2,2,PF01272,GreA_GreB
YP_026216.2,2,PF03449,GreA_GreB_N
YP_026217.1,2,PF02447,GntP_permease
YP_026217.1,2,PF03600,CitMHS
YP_026219.1,2,PF01137,RTC
YP_026219.1,2,PF05189,RTC_insert
YP_026220.1,2,PF01694,Rhomboid
YP_026220.1,2,PF12122,Rhomboid_N
YP_026221.1,2,PF02447,GntP_permease
YP_026221.1,2,PF03600,CitMHS
YP_026222.1,4,PF00356,LacI
YP_026222.1,4,PF00532,Peripla_BP_1
YP_026222.1,4,PF13377,Peripla_BP_3
YP_026222.1,4,PF13407,Peripla_BP_4
YP_026223.1,3,PF01094,ANF_receptor
YP_026223.1,3,PF13433,Peripla_BP_5
YP_026223.1,3,PF13458,Peripla_BP_6
YP_026224.1,5,PF03527,RHS
YP_026224.1,5,PF05593,RHS_repeat
YP_026224.1,5,PF14220,DUF4329
YP_026224.1,5,PF20148,DUF6531
YP_026224.1,5,PF25023,TEN_YD-shell
YP_026225.1,5,PF00005,ABC_tran
YP_026225.1,5,PF01061,ABC2_membrane
YP_026225.1,5,PF12679,ABC2_membrane_2
YP_026225.1,5,PF12698,ABC2_membrane_3
YP_026225.1,5,PF13304,AAA_21
YP_026226.4,12,PF00515,TPR_1
YP_026226.4,12,PF05420,BCSC_C
YP_026226.4,12,PF07719,TPR_2
YP_026226.4,12,PF13176,TPR_7
YP_026226.4,12,PF13181,TPR_8
YP_026226.4,12,PF13424,TPR_12
YP_026226.4,12,PF13428,TPR_14
YP_026226.4,12,PF13431,TPR_17
YP_026226.4,12,PF13432,TPR_16
YP_026226.4,12,PF14559,TPR_19
YP_026226.4,12,PF14561,TPR_20
YP_026226.4,12,PF25064,ARM_TT21_5th
YP_026228.1,3,PF00691,OmpA
YP_026228.1,3,PF13441,Gly-zipper_YMGG
YP_026228.1,3,PF13488,Gly-zipper_Omp
YP_026233.1,3,PF00465,Fe-ADH
YP_026233.1,3,PF13685,Fe-ADH_2
YP_026233.1,3,PF25137,ADH_Fe_C
YP_026237.1,2,PF02746,MR_MLE_N
YP_026237.1,2,PF13378,MR_MLE_C
YP_026239.1,2,PF00392,GntR
YP_026239.1,2,PF07729,FCD
YP_026241.1,6,PF00204,DNA_gyraseB
YP_026241.1,6,PF00986,DNA_gyraseB_C
YP_026241.1,6,PF01751,Toprim
YP_026241.1,6,PF02518,HATPase_c
YP_026241.1,6,PF18053,GyrB_insert
YP_026241.1,6,PF21249,GyrB_hook
YP_026243.1,2,PF05762,VWA_CoxE
YP_026243.1,2,PF13519,VWA_2
YP_026244.1,2,PF02705,K_trans
YP_026244.1,2,PF22776,K_trans_C
YP_026245.1,2,PF00392,GntR
YP_026245.1,2,PF07729,FCD
YP_026246.1,2,PF00126,HTH_1
YP_026246.1,2,PF03466,LysR_substrate
YP_026248.1,2,PF00920,ILVD_EDD_N
YP_026248.1,2,PF24877,ILV_EDD_C
YP_026251.1,6,PF00580,UvrD-helicase
YP_026251.1,6,PF01443,Viral_helicase1
YP_026251.1,6,PF13245,AAA_19
YP_026251.1,6,PF13361,UvrD_C
YP_026251.1,6,PF13538,UvrD_C_2
YP_026251.1,6,PF13604,AAA_30
YP_026252.1,2,PF02541,Ppx-GppA
YP_026252.1,2,PF21447,Ppx-GppA_III
YP_026254.1,4,PF00984,UDPG_MGDP_dh
YP_026254.1,4,PF03446,NAD_binding_2
YP_026254.1,4,PF03720,UDPG_MGDP_dh_C
YP_026254.1,4,PF03721,UDPG_MGDP_dh_N
YP_026255.1,6,PF01073,3Beta_HSD
YP_026255.1,6,PF01370,Epimerase
YP_026255.1,6,PF02719,Polysacc_synt_2
YP_026255.1,6,PF04321,RmlD_sub_bind
YP_026255.1,6,PF07993,NAD_binding_4
YP_026255.1,6,PF16363,GDP_Man_Dehyd
YP_026256.2,2,PF00583,Acetyltransf_1
YP_026256.2,2,PF13302,Acetyltransf_3
YP_026258.1,2,PF00324,AA_permease
YP_026258.1,2,PF13520,AA_permease_2
YP_026259.1,2,PF04055,Radical_SAM
YP_026259.1,2,PF13186,SPASM
YP_026260.1,2,PF01379,Porphobil_deam
YP_026260.1,2,PF03900,Porphobil_deamC
YP_026263.3,6,PF00270,DEAD
YP_026263.3,6,PF00271,Helicase_C
YP_026263.3,6,PF00570,HRDC
YP_026263.3,6,PF04851,ResIII
YP_026263.3,6,PF09382,RQC
YP_026263.3,6,PF16124,RecQ_Zn_bind
YP_026266.1,3,PF00561,Abhydrolase_1
YP_026266.1,3,PF12146,Hydrolase_4
YP_026266.1,3,PF12697,Abhydrolase_6
YP_026267.1,3,PF00702,Hydrolase
YP_026267.1,3,PF05116,S6PP
YP_026267.1,3,PF08282,Hydrolase_3
YP_026268.1,4,PF00326,Peptidase_S9
YP_026268.1,4,PF00561,Abhydrolase_1
YP_026268.1,4,PF01738,DLH
YP_026268.1,4,PF08840,BAAT_C
YP_026269.1,8,PF01135,PCMT
YP_026269.1,8,PF01170,UPF0020
YP_026269.1,8,PF01209,Ubie_methyltran
YP_026269.1,8,PF08241,Methyltransf_11
YP_026269.1,8,PF08242,Methyltransf_12
YP_026269.1,8,PF13489,Methyltransf_23
YP_026269.1,8,PF13649,Methyltransf_25
YP_026269.1,8,PF13847,Methyltransf_31
YP_026272.1,3,PF00108,Thiolase_N
YP_026272.1,3,PF00109,ketoacyl-synt
YP_026272.1,3,PF02803,Thiolase_C
YP_026274.1,6,PF00009,GTP_EFTU
YP_026274.1,6,PF00679,EFG_C
YP_026274.1,6,PF01926,MMR_HSR1
YP_026274.1,6,PF03144,GTP_EFTU_D2
YP_026274.1,6,PF21018,BipA_C
YP_026274.1,6,PF22042,EF-G_D2
YP_026275.1,2,PF07690,MFS_1
YP_026275.1,2,PF13347,MFS_2
YP_026278.1,5,PF00359,PTS_EIIA_2
YP_026278.1,5,PF00381,PTS-HPr
YP_026278.1,5,PF00391,PEP-utilizers
YP_026278.1,5,PF02896,PEP-utilizers_C
YP_026278.1,5,PF05524,PEP-utilisers_N
YP_026280.1,2,PF00293,NUDIX
YP_026280.1,2,PF09297,Zn_ribbon_NUD
YP_026282.1,3,PF00005,ABC_tran
YP_026282.1,3,PF08352,oligo_HPY
YP_026282.1,3,PF13304,AAA_21
YP_026286.1,3,PF00005,ABC_tran
YP_026286.1,3,PF09818,ABC_ATPase
YP_026286.1,3,PF13304,AAA_21
YP_026287.1,5,PF00583,Acetyltransf_1
YP_026287.1,5,PF08445,FR47
YP_026287.1,5,PF13302,Acetyltransf_3
YP_026287.1,5,PF13508,Acetyltransf_7
YP_026287.1,5,PF13673,Acetyltransf_10
YP_026290.1,3,PF00392,GntR
YP_026290.1,3,PF07729,FCD
YP_026290.1,3,PF13545,HTH_Crp_2
YP_588445.1,2,PF03811,Zn_ribbon_InsA
YP_588445.1,2,PF12759,HTH_Tnp_IS1
YP_588458.1,2,PF05016,ParE_toxin
YP_588458.1,2,PF06769,YoeB_toxin
YP_588462.1,2,PF00892,EamA
YP_588462.1,2,PF00893,Multi_Drug_Res
