protein,pfam_name,pfam_accession,evalue,score
NP_414542.1,Leader_Thr,PF08254,1e-10,41.7
NP_414543.1,Homoserine_dh,PF00742,5.4e-50,170.2
NP_414543.1,AA_kinase,PF00696,6.3e-46,157.6
NP_414543.1,ACT_9,PF22468,4.5e-43,145.4
NP_414543.1,NAD_binding_3,PF03447,5.2e-31,108.4
NP_414543.1,ACT_7,PF13840,6.7e-20,71.3
NP_414543.1,ACT,PF01842,9.8e-14,51.4
NP_414544.1,GHMP_kinases_N,PF00288,2.3e-21,76.4
NP_414544.1,GHMP_kinases_C,PF08544,1.5e-11,45.1
NP_414545.1,PALP,PF00291,2.3e-23,83.6
NP_414545.1,Thr_synth_N,PF14821,1.2e-14,54.7
NP_414545.1,THR4_C,PF24857,5.7e-10,39.8
NP_414546.1,DUF2502,PF10697,1.1e-13,51.8
NP_414547.1,H2O2_YaaD,PF03883,9.5e-96,320.5
NP_414548.1,Na_Ala_symp,PF01235,2.7e-149,498.3
NP_414549.1,TAL_FSA,PF00923,1.5e-98,330.3
NP_414550.1,MoCF_biosynth,PF00994,5.3e-25,88.4
NP_414551.1,Gpr1_Fun34_YaaH,PF01184,1.2e-40,140.0
NP_414552.1,Ubiq_cyt_C_chap,PF03981,8.9e-16,58.8
NP_414552.1,DUF3944,PF13099,1.6e-15,57.2
NP_414554.1,DUF2541,PF10807,4.6e-29,101.6
NP_414555.1,HSP70,PF00012,1.6e-273,909.0
NP_414555.1,MreB_Mbl,PF06723,2.1e-14,53.7
NP_414556.1,DnaJ_C,PF01556,2.9e-54,183.8
NP_414556.1,DnaJ,PF00226,3e-29,101.5
NP_414556.1,DnaJ_CXXCXGXG,PF00684,2.8e-18,66.5
NP_414556.1,DnaJ_C_2,PF27439,2.8e-09,37.4
NP_414557.1,DDE_Tnp_1,PF01609,1.8e-26,93.7
NP_414559.1,HOK_GEF,PF01848,5.1e-24,84.2
NP_414560.1,Na_H_antiport_1,PF06965,5.7e-151,503.2
NP_414561.1,HTH_1,PF00126,3.5e-17,62.7
NP_414561.1,LysR_substrate,PF03466,4.1e-10,40.0
NP_414562.1,DDE_Tnp_IS1,PF03400,6.6e-78,260.0
NP_414563.1,HTH_Tnp_IS1,PF12759,5.2e-31,106.6
NP_414563.1,Zn_ribbon_InsA,PF03811,1.4e-21,76.4
NP_414564.1,Ribosomal_S20p,PF01649,2e-30,105.9
NP_414566.1,FAD_syn,PF06574,1.3e-57,194.6
NP_414566.1,Flavokinase,PF01687,9.1e-42,142.8
NP_414566.1,CTP_transf_like,PF01467,0.00015,22.5
NP_414567.1,tRNA-synt_1,PF00133,7.6e-162,539.4
NP_414567.1,Anticodon_1,PF08264,3.1e-29,102.4
NP_414567.1,tRNA-synt_1g,PF09334,2.4e-19,70.0
NP_414567.1,zf-FPG_IleRS,PF06827,6.3e-11,42.5
NP_414567.1,tRNA-synt_1e,PF01406,9.7e-09,35.6
NP_414567.1,tRNA-synt_1_2,PF13603,3.3e-06,27.3
NP_414567.1,tRNA-synt_1f,PF01921,2.5e-06,27.3
NP_414568.1,Peptidase_A8,PF01252,1.1e-41,143.0
NP_414569.1,FKBP_C,PF00254,4.7e-14,53.1
NP_414570.1,LYTB,PF02401,4.3e-102,341.6
NP_414571.1,IU_nuc_hydro,PF01156,2.1e-92,310.6
NP_414572.1,DapB_C,PF05173,5.2e-45,153.0
NP_414572.1,DapB_N,PF01113,2.1e-43,147.9
NP_414573.1,GATase,PF00117,3.1e-58,197.2
NP_414573.1,CPSase_sm_chain,PF00988,2.2e-53,180.0
NP_414573.1,Peptidase_C26,PF07722,1.1e-06,29.2
NP_414574.1,CPSase_L_D2,PF02786,1e-117,391.7
NP_414574.1,CPSase_L_D1,PF25596,3e-102,337.3
NP_414574.1,CPSase_L_D3,PF02787,1.7e-26,92.6
NP_414574.1,MGS,PF02142,9.2e-22,77.6
NP_414574.1,ATP-grasp,PF02222,8.4e-14,52.2
NP_414574.1,Dala_Dala_lig_C,PF07478,2.3e-11,44.2
NP_414574.1,ATP-grasp_3,PF02655,1.9e-10,41.6
NP_414574.1,ATP-grasp_4,PF13535,1.2e-09,38.6
NP_414574.1,ATPgrasp_Ter,PF15632,2.6e-09,37.5
NP_414574.1,CoA_binding_2,PF13380,8.9e-05,23.5
NP_414576.4,CaiF_GrlA,PF07180,1.6e-10,41.8
NP_414577.2,Hexapep,PF00132,5.2e-15,55.0
NP_414577.2,GMPPB_C,PF25087,3.4e-09,37.0
NP_414578.2,ECH_1,PF00378,7.6e-87,291.4
NP_414578.2,ECH_2,PF16113,7e-33,115.1
NP_414579.4,AMP-binding,PF00501,9.5e-76,255.7
NP_414579.4,AMP-binding_C,PF13193,2.3e-16,61.1
NP_414580.1,CoA_transf_3,PF02515,4.4e-79,266.8
NP_414581.1,Acyl-CoA_dh_1,PF00441,1e-47,162.6
NP_414581.1,Acyl-CoA_dh_M,PF02770,8.3e-25,87.4
NP_414581.1,Acyl-CoA_dh_N,PF02771,2.3e-15,57.5
NP_414581.1,Acyl-CoA_dh_2,PF08028,3.8e-13,50.4
NP_414582.1,BCCT,PF02028,2.2e-119,399.6
NP_414583.2,ETF,PF01012,1.6e-37,129.7
NP_414584.1,ETF_alpha,PF00766,4.9e-30,103.9
NP_414584.1,ETF,PF01012,1.6e-15,58.0
NP_414585.1,DAO,PF01266,7.2e-18,65.8
NP_414585.1,ETF-QO_FixC_C,PF26311,7e-17,61.9
NP_414585.1,FAD_binding_3,PF01494,2.2e-13,50.8
NP_414585.1,FAD_oxidored,PF12831,1.8e-09,38.0
NP_414585.1,FAD_binding_2,PF00890,3.7e-09,36.9
NP_414585.1,ETFQO_UQ-bd,PF21162,1.3e-08,35.9
NP_414585.1,Pyr_redox_2,PF07992,9.7e-09,35.6
NP_414585.1,NAD_binding_8,PF13450,7.8e-08,33.1
NP_414585.1,GIDA,PF01134,6.5e-08,32.6
NP_414585.1,Thi4,PF01946,1.1e-07,31.9
NP_414585.1,Trp_halogenase,PF04820,9.9e-07,28.5
NP_414585.1,Pyr_redox,PF00070,6.8e-06,27.1
NP_414587.1,Sugar_tr,PF00083,1e-52,180.2
NP_414587.1,MFS_1,PF07690,9.8e-41,140.4
NP_414588.1,Flavodoxin_2,PF02525,5.2e-44,150.9
NP_414588.1,FMN_red,PF03358,2.6e-06,27.7
NP_414589.1,Na_H_Exchanger,PF00999,3.9e-58,197.7
NP_414589.1,TrkA_N,PF02254,2e-28,99.6
NP_414589.1,KefB_C,PF27452,2.5e-19,69.9
NP_414590.1,DHFR_1,PF00186,2.5e-60,203.4
NP_414591.1,Metallophos,PF00149,7.2e-17,63.1
NP_414592.1,DUF525,PF04379,3.1e-35,120.9
NP_414593.1,RrnaAD,PF00398,8.3e-98,327.3
NP_414594.1,PdxA,PF04166,3.3e-114,381.8
NP_414595.1,Rotamase,PF00639,7.6e-50,168.4
NP_414595.1,SurA_N,PF09312,6.6e-48,162.4
NP_414595.1,Rotamase_3,PF13616,4.9e-45,153.4
NP_414595.1,Rotamase_2,PF13145,1.8e-18,68.1
NP_414595.1,SurA_N_3,PF13624,4.2e-13,50.0
NP_414595.1,SurA_N_2,PF13623,9.2e-07,29.4
NP_414596.1,LptD,PF04453,1.8e-121,406.6
NP_414596.1,LptD_N,PF03968,1.2e-24,87.3
NP_414597.1,DjlA_TM,PF27507,1e-15,58.2
NP_414597.1,DnaJ,PF00226,1.3e-10,41.8
NP_414597.1,TerB,PF05099,2.3e-08,34.9
NP_414600.1,PseudoU_synth_2,PF00849,7.4e-32,111.3
NP_414601.1,RapA_C,PF12137,1.1e-154,515.5
NP_414601.1,Tudor_RapA,PF18337,1e-26,93.5
NP_414601.1,Tudor_1_RapA,PF18339,5.3e-24,84.5
NP_414601.1,Helicase_C,PF00271,4.5e-22,79.0
NP_414601.1,SNF2-rel_dom,PF00176,6.8e-19,68.6
NP_414601.1,ResIII,PF04851,1.2e-11,45.3
NP_414601.1,DEAD,PF00270,8e-07,29.5
NP_414602.1,DNA_pol_B,PF00136,1.3e-41,143.5
NP_414602.1,DNApolII_insertion,PF22587,3.7e-27,94.7
NP_414602.1,DNApolII_N,PF21474,7e-22,77.5
NP_414602.1,DNA_pol_B_exo1,PF03104,5.5e-12,46.2
NP_414603.1,Aldolase_II,PF00596,1e-52,179.3
NP_414604.1,AraA_N,PF02610,2.5e-81,272.0
NP_414604.1,AraA_central,PF24856,1.8e-72,243.2
NP_414604.1,Arabinose_Iso_C,PF11762,2e-65,219.5
NP_414605.1,FGGY_C,PF02782,1.1e-42,146.8
NP_414605.1,FGGY_N,PF00370,4e-10,40.3
NP_414606.1,AraC_binding,PF02311,9.6e-27,93.9
NP_414606.1,HTH_18,PF12833,4e-22,78.9
NP_414606.1,HTH_AraC,PF00165,1.3e-20,73.6
NP_414607.1,VTT_dom,PF09335,3.4e-19,70.1
NP_414608.1,ABC_tran,PF00005,5.9e-39,134.4
NP_414608.1,AAA_21,PF13304,1.3e-08,35.7
NP_414609.1,BPD_transp_1,PF00528,1.5e-13,51.5
NP_414610.1,SBP_bac_1,PF01547,1.5e-19,71.7
NP_414610.1,SBP_bac_6,PF13343,1.1e-15,58.4
NP_414610.1,SBP_bac_11,PF13531,5.5e-13,49.8
NP_414611.1,SgrR_N,PF12793,2.2e-43,147.8
NP_414611.1,SBP_bac_5,PF00496,3.1e-21,76.5
NP_414613.1,Aconitase_C,PF00694,3.1e-42,144.6
NP_414613.1,LeuD,PF27512,2.2e-12,47.1
NP_414613.1,LeuD_C,PF27434,3.1e-09,36.7
NP_414614.1,Aconitase,PF00330,1e-183,612.1
NP_414615.4,Iso_dh,PF00180,6.3e-150,499.8
NP_414616.1,HMGL-like,PF00682,7.4e-108,360.4
NP_414616.1,LeuA_dimer,PF08502,3.4e-39,134.3
NP_414616.1,HCS_D2,PF22617,1.9e-23,83.2
NP_414617.1,Leu_leader,PF08054,1.3e-21,76.5
NP_414618.4,HTH_1,PF00126,1.2e-17,64.2
NP_414618.4,LysR_substrate,PF03466,1.6e-17,64.2
NP_414620.1,ALS_ss_C,PF10369,2.2e-25,89.1
NP_414620.1,ACT_AHAS_ss,PF22629,2.5e-22,79.4
NP_414620.1,ACT,PF01842,1.5e-15,57.2
NP_414620.1,ACT_5,PF13710,5.7e-12,45.8
NP_414622.1,LacI,PF00356,1.9e-18,66.6
NP_414622.1,Peripla_BP_1,PF00532,5e-14,53.0
NP_414622.1,Peripla_BP_3,PF13377,1.2e-11,45.5
NP_414622.1,Peripla_BP_4,PF13407,5.1e-10,39.9
NP_414623.1,MraZ,PF02381,1.7e-47,159.9
NP_414624.1,Methyltransf_5,PF01795,7.7e-124,413.8
NP_414625.1,FtsL,PF04999,5.9e-39,132.5
NP_414626.1,Transpeptidase,PF00905,1.9e-87,293.9
NP_414626.1,PBP_dimer,PF03717,7.5e-23,82.5
NP_414627.1,Mur_ligase_M,PF08245,2.6e-54,184.8
NP_414627.1,Mur_ligase_C,PF02875,1.7e-35,123.2
NP_414627.1,Mur_ligase,PF01225,2.9e-10,40.9
NP_414628.1,Mur_ligase_M,PF08245,2.6e-53,181.6
NP_414628.1,Mur_ligase_C,PF02875,2.5e-15,58.0
NP_414628.1,Mur_ligase,PF01225,6.4e-07,30.2
NP_414629.1,Glycos_transf_4,PF00953,5.8e-32,111.5
NP_414629.1,MraY_sig1,PF10555,2.6e-05,24.1
NP_414630.1,MurD-like_N,PF21799,4.1e-38,130.1
NP_414630.1,Mur_ligase_M,PF08245,7.8e-27,95.1
NP_414630.1,Mur_ligase_C,PF02875,3.3e-16,60.9
NP_414631.1,FTSW_RODA_SPOVE,PF01098,4.4e-135,450.8
NP_414632.1,Glyco_transf_28,PF03033,7.2e-50,169.3
NP_414632.1,Glyco_tran_28_C,PF04101,1.1e-38,133.4
NP_414632.1,Glyco_transf_4,PF13439,2.8e-07,31.3
NP_414632.1,Glyco_trans_1_4,PF13692,2.8e-06,28.3
NP_414633.1,Mur_ligase,PF01225,2.9e-34,117.9
NP_414633.1,Mur_ligase_M,PF08245,4.5e-27,95.9
NP_414633.1,Mur_ligase_C,PF02875,4.9e-16,60.3
NP_414634.1,Dala_Dala_lig_C,PF07478,7e-75,251.6
NP_414634.1,Dala_Dala_lig_N,PF01820,5e-20,72.8
NP_414634.1,CPSase_L_D2,PF02786,2.2e-07,31.2
NP_414634.1,ATP-grasp_4,PF13535,2.6e-06,27.7
NP_414635.1,FtsQ_DivIB_C,PF03799,2.2e-28,100.0
NP_414635.1,POTRA_1,PF08478,5.2e-19,68.9
NP_414636.1,FtsA,PF14450,3.6e-45,154.0
NP_414636.1,SHS2_FTSA,PF02491,1.2e-29,103.0
NP_414636.1,MreB_Mbl,PF06723,9.7e-10,38.4
NP_414636.1,PilM_2,PF11104,2.2e-09,37.3
NP_414637.1,Tubulin,PF00091,1.1e-51,176.4
NP_414637.1,FtsZ_C,PF12327,3.2e-37,127.3
NP_414638.1,LpxC,PF03331,1.8e-110,369.3
NP_414639.2,SecM,PF06558,4.7e-58,195.9
NP_414640.1,SecA_DEAD,PF07517,6.2e-131,436.5
NP_414640.1,P-loop_SecA,PF21090,2e-92,309.0
NP_414640.1,SecA_SW,PF07516,8.8e-73,245.2
NP_414640.1,SecA_PP_bind,PF01043,5.3e-41,140.2
NP_414640.1,SEC-C,PF02810,1.4e-10,41.4
NP_414640.1,DEAD,PF00270,4.1e-06,27.2
NP_414641.1,NUDIX,PF00293,3.2e-23,82.8
NP_414641.1,NUDIX_4,PF14815,1.3e-19,70.7
NP_414643.1,YacG,PF03884,1.7e-24,85.8
NP_414644.1,ZapD,PF07072,2.3e-75,253.5
NP_414645.1,CoaE,PF01121,3e-77,259.0
NP_414645.1,SKI,PF01202,0.00015,22.5
NP_414646.1,IMPDH,PF00478,3.5e-76,257.0
NP_414648.1,T2SSF,PF00482,1.2e-57,193.8
NP_414649.1,T2SSE,PF00437,1.2e-146,488.7
NP_414649.1,MshEN,PF05157,1.5e-05,25.5
NP_414650.1,N_methyl,PF07963,2.7e-10,40.0
NP_414651.1,QRPTase_C,PF01729,5.6e-65,218.8
NP_414651.1,QRPTase_N,PF02749,2.2e-20,73.2
NP_414652.1,Amidase_2,PF01510,6.3e-33,114.5
NP_414653.1,AmpE,PF17113,4.6e-157,522.3
NP_414654.1,AA_permease,PF00324,3.3e-144,481.7
NP_414654.1,AA_permease_2,PF13520,1.8e-37,129.8
NP_414655.1,GntR,PF00392,1.1e-25,89.6
NP_414655.1,FCD,PF07729,1.3e-16,61.7
NP_414656.1,PDH_E1_M,PF17831,5.9e-103,343.7
NP_414656.1,Transketolase_C_1,PF22613,8.8e-22,78.0
NP_414656.1,PDH_E1_N,PF28598,1.9e-17,63.4
NP_414656.1,Transketolase_N,PF00456,6.1e-16,58.9
NP_414657.1,2-oxoacid_dh,PF00198,1e-76,258.0
NP_414657.1,Biotin_lipoyl,PF00364,1.8e-67,223.7
NP_414657.1,BSH_YknX,PF25984,1.3e-20,73.5
NP_414657.1,E3_binding,PF02817,2.3e-16,60.3
NP_414657.1,BSH_RND,PF25917,2.2e-16,60.0
NP_414657.1,RnfC_N,PF13375,8.9e-11,42.3
NP_414657.1,GCV_H,PF01597,1.4e-09,38.5
NP_414657.1,BSH_CusB,PF25919,2.7e-09,37.3
NP_414657.1,BSH_CzcB,PF25973,4.1e-09,36.8
NP_414657.1,NQRA_N,PF05896,1.6e-07,32.0
NP_414658.1,Pyr_redox_2,PF07992,1.6e-66,225.3
NP_414658.1,Pyr_redox_dim,PF02852,2.8e-37,127.9
NP_414658.1,Pyr_redox,PF00070,1.3e-19,71.0
NP_414658.1,FAD_oxidored,PF12831,1.2e-08,35.3
NP_414658.1,Pyr_redox_3,PF13738,8.2e-08,32.4
NP_414658.1,GIDA,PF01134,1.2e-07,31.7
NP_414658.1,FAD_binding_2,PF00890,4.6e-06,26.7
NP_414658.1,NAD_binding_8,PF13450,6.5e-05,23.7
NP_414659.1,DUF3300,PF11737,1.7e-78,263.8
NP_414660.1,Aconitase_2_N,PF06434,4.3e-99,330.8
NP_414660.1,Aconitase_B_N,PF11791,3.9e-71,238.6
NP_414660.1,Aconitase,PF00330,2.5e-40,139.4
NP_414661.2,UPF0231,PF06062,6.5e-40,136.9
NP_414662.1,AdoMet_dc,PF02675,2.4e-14,54.1
NP_414663.1,Spermine_synth,PF01564,5.8e-73,245.0
NP_414663.1,Spermine_synt_N,PF17284,4.2e-21,75.2
NP_414664.4,T2SS_PulS_OutS,PF09691,2.8e-09,37.6
NP_414665.1,Cu-oxidase_3,PF07732,2.4e-32,112.1
NP_414665.1,Cu-oxidase_2,PF07731,7.8e-25,87.8
NP_414665.1,Cu-oxidase,PF00394,1.8e-07,32.0
NP_414666.1,PQQ,PF01011,7.9e-251,834.5
NP_414666.1,PQQ_2,PF13360,4.3e-20,73.0
NP_414666.1,EMC1_C,PF07774,5.7e-08,33.1
NP_414667.4,Pribosyltran,PF00156,1.7e-26,93.0
NP_414668.1,Pro_CA,PF00484,1.1e-52,179.1
NP_414669.1,ABC_tran,PF00005,3.1e-33,115.9
NP_414669.1,AAA_21,PF13304,3.5e-12,47.5
NP_414670.1,ABC2_membrane,PF01061,6.5e-40,137.5
NP_414671.1,EIIA-man,PF03610,6.8e-31,107.4
NP_414672.1,Polysacc_deac_1,PF01522,1.2e-21,77.5
NP_414673.1,Asp_decarbox,PF02261,8.3e-47,158.4
NP_414674.1,Transposase_31,PF04754,2.6e-87,292.3
NP_414675.1,Pantoate_ligase,PF02569,5.1e-107,357.6
NP_414676.1,Pantoate_transf,PF02548,6.4e-105,350.8
NP_414677.1,Fimbrial,PF00419,4.1e-13,50.5
NP_414678.1,Fimbrial,PF00419,1.2e-05,26.2
NP_414679.1,Fimbrial,PF00419,1.1e-09,39.4
NP_414680.4,Fimbrial,PF00419,2.7e-26,93.3
NP_414681.1,Usher,PF00577,8.2e-158,527.2
NP_414681.1,PapC_N,PF13954,3.1e-45,154.3
NP_414681.1,PapC_C,PF13953,1e-19,70.7
NP_414682.1,PapD_N,PF00345,2.9e-44,150.6
NP_414682.1,PapD_C,PF02753,3.9e-20,72.5
NP_414683.1,Fimbrial,PF00419,1.2e-11,45.8
NP_414684.1,HPPK,PF01288,2.6e-38,131.5
NP_414685.4,PolyA_pol,PF01743,2e-41,141.9
NP_414685.4,PolyA_pol_arg_C,PF12626,2.8e-40,137.6
NP_414685.4,PolyA_pol_RNAbd,PF12627,7.8e-21,74.2
NP_414686.3,tRNA-synt_1c,PF00749,2.4e-48,165.2
NP_414687.1,DksA_N,PF21157,1.9e-34,118.3
NP_414687.1,zf-dskA_traR,PF01258,1.7e-10,41.3
NP_414688.1,SfsA,PF03749,4.5e-52,176.2
NP_414688.1,SfsA_N,PF17746,7.9e-23,81.0
NP_414689.4,LigT_PEase,PF02834,3.3e-22,79.0
NP_414689.4,2_5_RNA_ligase2,PF13563,2.7e-13,50.8
NP_414690.4,HrpB_C,PF08482,2.6e-54,183.7
NP_414690.4,CON_HrpB,PF24473,3e-14,53.1
NP_414690.4,DEAD,PF00270,3.3e-12,47.0
NP_414690.4,Helicase_C,PF00271,1.5e-09,38.7
NP_414691.1,Transgly,PF00912,1.6e-56,191.1
NP_414691.1,UB2H,PF14814,1.4e-25,89.7
NP_414691.1,PBP1_TM,PF14812,4.3e-25,88.4
NP_414691.1,Transpeptidase,PF00905,2.3e-24,86.7
NP_414692.1,TonB_dep_Rec_b-barrel,PF00593,1.7e-64,219.9
NP_414692.1,Plug,PF07715,7.2e-23,81.7
NP_414693.1,ABC_tran,PF00005,5.3e-35,121.6
NP_414693.1,AAA_21,PF13304,4.1e-07,30.8
NP_414694.1,Peripla_BP_2,PF01497,1e-29,104.2
NP_414695.1,FecCD,PF01032,4e-135,450.4
NP_414696.1,Aminotran_3,PF00202,2.2e-80,270.9
NP_414697.1,Voltage_CLC,PF00654,4.5e-101,339.1
NP_414698.1,Fe-S_biosyn,PF01521,8.2e-21,74.9
NP_414699.1,Gly_transporter,PF03458,1.4e-45,153.6
NP_414700.1,Peripla_BP_2,PF01497,9e-24,84.7
NP_414701.1,PNP_UDP_1,PF01048,6.2e-56,190.0
NP_414702.1,HD_assoc,PF13286,1.5e-08,35.6
NP_414702.1,HD,PF01966,9e-08,33.0
NP_414703.1,Trypsin_2,PF13365,1e-33,117.7
NP_414703.1,PDZ,PF00595,5.1e-30,104.3
NP_414703.1,PDZ_2,PF13180,4.8e-27,94.6
NP_414703.1,Trypsin,PF00089,1.3e-24,87.8
NP_414703.1,PDZ_6,PF17820,1.7e-21,76.3
NP_414704.4,Diacid_rec,PF05651,8e-51,171.8
NP_414704.4,HTH_30,PF13556,7.9e-23,80.6
NP_414704.4,GGDEF_2,PF17853,9.5e-18,65.1
NP_414705.1,DUF3461,PF11944,2.7e-55,186.4
NP_414706.2,Metallophos,PF00149,7.1e-13,50.0
NP_414708.1,THDPS_N_2,PF14805,5.2e-29,100.8
NP_414708.1,Hexapep_2,PF14602,1.1e-13,51.3
NP_414708.1,Hexapep,PF00132,2.3e-13,49.8
NP_414709.1,GlnD_UR_UTase,PF08335,1.4e-45,155.3
NP_414709.1,GlnD_3rd,PF27444,1.8e-27,96.1
NP_414709.1,ACT,PF01842,1e-20,73.7
NP_414709.1,GlnD_5th,PF27446,8.9e-18,64.6
NP_414709.1,HD,PF01966,6.9e-13,49.5
NP_414709.1,NTP_transf_2,PF01909,3.9e-07,31.0
NP_414709.1,DUF294,PF03445,8.2e-06,26.3
NP_414710.1,Peptidase_M24,PF00557,3.6e-54,184.3
NP_414711.1,Ribosomal_S2,PF00318,7.2e-97,323.4
NP_414712.1,EF_TS,PF00889,2.1e-64,217.4
NP_414713.1,AA_kinase,PF00696,4e-34,118.9
NP_414714.1,RRF,PF01765,2.6e-68,229.6
NP_414715.1,DXP_reductoisom,PF02670,5.5e-51,173.2
NP_414715.1,DXPR_C,PF13288,1.9e-41,141.6
NP_414715.1,DXP_redisom_C,PF08436,4e-36,123.6
NP_414716.1,Prenyltransf,PF01255,1.2e-85,287.1
NP_414717.2,CTP_transf_1,PF01148,2.7e-71,241.1
NP_414718.1,Peptidase_M50,PF02163,3.5e-79,265.8
NP_414718.1,PDZ,PF00595,2.4e-14,54.0
NP_414718.1,PDZ_6,PF17820,6.1e-14,52.1
NP_414718.1,PDZ_2,PF13180,2.8e-09,37.7
NP_414718.1,Pept_S41_N_bact,PF21558,8.7e-07,29.4
NP_414719.1,Omp85,PF01103,4.6e-112,375.3
NP_414719.1,POTRA,PF07244,1.5e-68,228.1
NP_414719.1,POTRA_1,PF08478,3.4e-07,31.1
NP_414719.1,POTRA_2,PF08479,1.2e-05,25.7
NP_414720.1,OmpH,PF03938,1.6e-25,90.5
NP_414721.1,Hexapep,PF00132,4e-32,109.2
NP_414721.1,LpxD,PF04613,1.1e-21,77.0
NP_414721.1,GMPPB_C,PF25087,1.7e-15,57.3
NP_414721.1,LbH_EIF2B,PF25084,4.7e-15,56.1
NP_414721.1,Hexapep_2,PF14602,4.8e-10,39.6
NP_414722.1,FabA,PF07977,3.1e-40,137.6
NP_414722.1,ApeI-like,PF22818,1e-16,61.4
NP_414722.1,ApeP-like,PF22817,7.6e-09,35.9
NP_414723.1,Hexapep,PF00132,1.7e-29,100.9
NP_414723.1,Acetyltransf_11,PF13720,6.8e-29,100.7
NP_414723.1,GMPPB_C,PF25087,1.7e-11,44.5
NP_414724.1,LpxB,PF02684,2.1e-159,531.0
NP_414725.1,RNase_HII,PF01351,6.4e-37,128.0
NP_414726.1,DNA_pol3_alpha,PF07733,1.8e-106,356.1
NP_414726.1,DNA_pol3_finger,PF17657,3.3e-67,225.6
NP_414726.1,PHP,PF02811,8.9e-43,147.0
NP_414726.1,DNA_pol_IIIA_C,PF20914,1e-28,99.5
NP_414726.1,HHH_6,PF14579,2.7e-28,98.6
NP_414726.1,tRNA_anti-codon,PF01336,2.4e-11,44.0
NP_414727.1,ACCA,PF03255,9.8e-149,495.2
NP_414727.1,Carboxyl_trans,PF01039,4.7e-18,65.7
NP_414728.1,OKR_DC_1,PF01276,3.3e-197,655.9
NP_414728.1,OKR_DC_1_C,PF03711,3.6e-47,160.6
NP_414728.1,OKR_DC_1_N,PF03709,1.5e-29,103.1
NP_414729.4,Glyoxalase,PF00903,4.3e-30,105.2
NP_414729.4,Glyoxalase_4,PF13669,2.3e-12,47.7
NP_414730.1,ATP_bind_3,PF01171,1e-63,215.0
NP_414730.1,TilS_C,PF11734,2.1e-25,88.5
NP_414730.1,TilS,PF09179,4.7e-20,72.2
NP_414731.2,ROF,PF07073,4.6e-29,101.0
NP_414732.1,YaeQ,PF07152,1.5e-71,240.3
NP_414733.1,RF-1,PF00472,5.4e-26,91.4
NP_414734.1,NlpE_C,PF17185,1.3e-31,109.4
NP_414734.1,NlpE,PF04170,3.6e-28,98.8
NP_414735.4,Peptidase_C92,PF05708,2.3e-11,44.6
NP_414735.4,NLPC_P60,PF00877,9.9e-08,32.5
NP_414736.1,tRNA-synt_2b,PF00587,5e-37,128.3
NP_414736.1,tRNA_edit,PF04073,2.8e-26,92.6
NP_414736.1,HGTP_anticodon,PF03129,1.8e-22,79.8
NP_414737.1,TrmO_N,PF01980,4.4e-43,146.8
NP_414737.1,TrmO_C,PF18389,1.2e-25,89.8
NP_414738.1,RcsF,PF16358,9.6e-52,174.2
NP_414739.1,Lipoprotein_9,PF03180,2.4e-100,335.1
NP_414739.1,OpuAC,PF04069,6.8e-05,23.2
NP_414740.1,BPD_transp_1,PF00528,1.8e-20,74.1
NP_414741.1,ABC_tran,PF00005,6.5e-39,134.3
NP_414741.1,NIL,PF09383,5.7e-23,81.2
NP_414741.1,AAA_21,PF13304,6.1e-12,46.7
NP_414742.1,Hydrolase_like,PF13242,6e-13,49.1
NP_414742.1,HAD_2,PF13419,4.1e-11,43.8
NP_414742.1,Hydrolase,PF00702,5.6e-10,40.5
NP_414742.1,PNK3P,PF08645,1.2e-07,32.2
NP_414743.1,Aldo_ket_red,PF00248,3.3e-54,184.5
NP_414744.1,LysR_substrate,PF03466,4.3e-45,154.3
NP_414744.1,HTH_1,PF00126,2.2e-22,79.3
NP_414745.1,Exo_endo_phos,PF03372,6.4e-16,59.3
NP_414746.1,Methyltransf_11,PF08241,2e-23,83.4
NP_414746.1,Methyltransf_25,PF13649,2.5e-18,67.1
NP_414746.1,Methyltransf_31,PF13847,4.2e-16,59.6
NP_414746.1,Ubie_methyltran,PF01209,3.1e-14,53.5
NP_414746.1,Methyltransf_12,PF08242,1.1e-11,45.9
NP_414746.1,Methyltransf_23,PF13489,9.9e-12,45.5
NP_414747.1,SLT,PF01464,2.1e-32,111.7
NP_414747.1,LysM,PF01476,3.1e-32,110.8
NP_414747.1,LysM_RLK,PF23577,4.9e-10,39.9
NP_414747.1,LysM3_LYK4_5,PF23473,1.4e-08,35.3
NP_414747.1,NMB0315_dom_I,PF22310,7e-07,30.1
NP_414748.1,Lactamase_B,PF00753,3.5e-26,92.9
NP_414748.1,HAGH_C,PF16123,4.5e-22,78.8
NP_414749.2,Methyltransf_11,PF08241,8.2e-13,49.4
NP_414750.1,RNase_H,PF00075,5.4e-57,192.5
NP_414751.1,RNase_T,PF00929,2.1e-44,152.5
NP_414752.1,YafT,PF25851,1e-74,250.9
NP_414754.1,CN_hydrolase,PF00795,4.3e-33,115.3
NP_414755.1,Ivy,PF08816,6.6e-13,49.0
NP_414756.2,ACDH_C,PF09317,2.3e-117,392.3
NP_414756.2,Acyl-CoA_dh_N,PF02771,1.1e-17,65.0
NP_414756.2,Acyl-CoA_dh_1,PF00441,1.7e-12,48.3
NP_414756.2,Acyl-CoA_dh_M,PF02770,2.1e-08,34.8
NP_414757.1,SIS_2,PF13580,1.5e-30,106.6
NP_414757.1,SIS,PF01380,1.3e-08,35.3
NP_414758.1,GATase_4,PF13230,2.7e-110,368.2
NP_414759.1,YkuD,PF03734,1.1e-08,36.4
NP_414760.1,YafQ_toxin,PF15738,1.5e-31,109.2
NP_414761.1,RelB,PF04221,1.4e-34,118.4
NP_414762.1,NLPC_P60,PF00877,2.3e-33,114.9
NP_414766.1,IMS,PF00817,5.5e-51,173.0
NP_414766.1,IMS_C,PF11799,1.5e-14,54.9
NP_414766.1,IMS_HHH_1,PF21999,5.8e-12,46.5
NP_414766.1,IMS_HHH,PF11798,1.6e-08,34.9
NP_414767.1,PhdYeFM_antitox,PF02604,1.8e-07,31.4
NP_414768.1,YafO_toxin,PF13957,1.1e-39,135.1
NP_414769.1,Acetyltransf_10,PF13673,9.9e-22,77.9
NP_414769.1,Acetyltransf_7,PF13508,5.6e-12,46.5
NP_414769.1,Acetyltransf_1,PF00583,1.1e-08,35.9
NP_414772.1,Peptidase_M20,PF01546,4.3e-16,60.0
NP_414772.1,M20_dimer,PF07687,2.8e-13,50.3
NP_414773.1,Pribosyltran,PF00156,4.4e-17,62.4
NP_414774.1,FrsA-like,PF06500,2e-249,827.8
NP_414776.1,Porin_1,PF00267,1.1e-151,505.6
NP_414776.1,Porin_4,PF13609,8.2e-23,82.3
NP_414777.1,AA_kinase,PF00696,2.1e-47,162.4
NP_414777.1,PUA,PF01472,4.5e-22,78.4
NP_414778.1,Aldedh,PF00171,1.5e-20,73.8
NP_414779.1,CbtA_toxin,PF06755,4.8e-37,126.4
NP_414780.1,CbeA_antitoxin,PF06154,5.3e-49,165.6
NP_414781.1,RadC,PF04002,5.7e-48,162.4
NP_414782.1,Antirestrict,PF03230,2e-39,134.2
NP_414783.1,DUF905,PF06006,4.9e-43,145.6
NP_414784.1,YfjT,PF27224,1.9e-34,119.1
NP_414785.4,YfjS_YafY,PF20494,2.3e-64,215.1
NP_414786.4,DUF932,PF06067,9.1e-53,179.9
NP_414787.4,MMR_HSR1,PF01926,8.6e-16,58.7
NP_414787.4,Dynamin_N,PF00350,1.1e-09,39.1
NP_414788.1,LysR_substrate,PF03466,3.7e-28,98.9
NP_414788.1,HTH_1,PF00126,6.4e-20,71.5
NP_414790.1,HTH_38,PF13936,1.8e-23,82.6
NP_414790.1,rve,PF00665,1.2e-14,55.0
NP_414790.1,HTH_23,PF13384,4.5e-08,33.3
NP_414793.2,DDE_Tnp_1,PF01609,8e-36,124.3
NP_414793.2,DUF772,PF05598,3.9e-25,88.8
NP_414794.4,AA_permease,PF00324,3.8e-123,412.2
NP_414794.4,AA_permease_2,PF13520,2e-44,152.7
NP_414795.1,S-methyl_trans,PF02574,1.1e-83,281.9
NP_414796.2,ABC_tran,PF00005,6.4e-40,137.5
NP_414796.2,TOBE_2,PF08402,9.4e-14,51.9
NP_414798.1,DDE_Tnp_IS1,PF03400,2e-77,258.4
NP_414799.1,HTH_Tnp_IS1,PF12759,1.9e-30,104.8
NP_414799.1,Zn_ribbon_InsA,PF03811,3.4e-21,75.3
NP_414801.1,rve,PF00665,2.7e-21,76.3
NP_414801.1,rve_3,PF13683,1.2e-17,64.0
NP_414801.1,HTH_32,PF13565,1.9e-15,57.8
NP_414801.1,HTH_28,PF13518,1.2e-12,48.2
NP_414801.1,HTH_23,PF13384,2.7e-10,40.3
NP_414801.1,HTH_29,PF13551,2.4e-09,37.7
NP_414801.1,LZ_Tnp_IS481,PF13011,1.6e-07,32.1
NP_414801.1,HTH_21,PF13276,3e-07,31.2
NP_414802.2,DHDPS,PF00701,3.9e-85,285.7
NP_414803.1,ILVD_EDD_N,PF00920,1.8e-68,231.6
NP_414803.1,ILV_EDD_C,PF24877,4.1e-38,131.3
NP_414804.1,MFS_2,PF13347,2.9e-94,316.6
NP_414804.1,MFS_1,PF07690,4.4e-11,42.9
NP_414805.1,Glyco_hydro_43,PF04616,5.4e-104,348.2
NP_414805.1,GH43_C2,PF17851,2.4e-70,236.9
NP_414805.1,DUF1349,PF07081,4.3e-09,36.9
NP_414806.1,IclR_C,PF01614,1.5e-65,220.6
NP_414806.1,HTH_IclR,PF09339,6.9e-18,64.8
NP_414807.1,OTCace,PF00185,1.1e-54,185.4
NP_414807.1,OTCace_N,PF02729,5e-49,166.8
NP_414808.1,DDE_Tnp_IS1,PF03400,2e-77,258.4
NP_414809.1,HTH_Tnp_IS1,PF12759,1.9e-30,104.8
NP_414809.1,Zn_ribbon_InsA,PF03811,3.4e-21,75.3
NP_414811.1,YagK_YfjJ_C,PF11726,1e-53,182.6
NP_414812.1,Sigma70_ECF,PF07638,8.3e-05,23.1
NP_414813.1,UCP007319,PF27701,3.1e-113,378.5
NP_414815.1,Phage_integrase,PF00589,4.9e-17,62.8
NP_414815.1,Arm-DNA-bind_3,PF13356,1.1e-10,42.0
NP_414817.1,XdhC_C,PF13478,2.2e-20,74.1
NP_414817.1,XdhC_CoxI,PF02625,1e-20,74.0
NP_414818.1,MoCoBD_1,PF02738,6.4e-60,202.8
NP_414818.1,MoCoBD_2,PF20256,4.8e-57,194.2
NP_414818.1,Ald_Xan_dh_C,PF01315,6.7e-26,91.4
NP_414819.1,FAD_binding_5,PF00941,1.8e-41,142.4
NP_414820.1,Fer2_2,PF01799,3.5e-29,101.3
NP_414820.1,Fer2,PF00111,8.2e-11,42.3
NP_414820.1,Fer2_3,PF13085,3.2e-06,27.7
NP_414821.1,DUF1440,PF07274,7.1e-48,162.7
NP_414822.1,CxxCxxCC,PF03692,2.6e-11,44.6
NP_414824.1,EcpD_C,PF27328,5.1e-66,222.1
NP_414825.1,CooC_C,PF15976,8.1e-21,74.5
NP_414825.1,TcfC,PF16967,6.8e-19,67.8
NP_414826.1,EcpB_C,PF18649,4e-28,97.8
NP_414827.1,MatB,PF16449,1.9e-98,327.8
NP_414828.1,EcpR_N,PF27348,1.3e-21,77.5
NP_414828.1,GerE,PF00196,2.5e-11,43.6
NP_414830.1,Ribosomal_L31,PF01197,7.8e-25,87.4
NP_414832.2,HTH_Tnp_1,PF01527,3.8e-10,40.4
NP_414833.1,rve,PF00665,8.8e-28,97.1
NP_414833.1,rve_2,PF13333,5.4e-22,78.2
NP_414833.1,HTH_21,PF13276,9.4e-12,45.6
NP_414833.1,rve_3,PF13683,2.3e-09,37.5
NP_414835.2,DUF417,PF04224,1.1e-80,269.9
NP_414837.2,YdgH_BhsA-like,PF07338,3.9e-11,43.4
NP_414838.2,Pyr_redox_2,PF07992,1.6e-61,208.9
NP_414838.2,Pyr_redox_dim,PF02852,1.6e-29,102.9
NP_414838.2,Pyr_redox,PF00070,3e-24,85.9
NP_414838.2,DAO,PF01266,1.2e-09,38.7
NP_414838.2,Pyr_redox_3,PF13738,3.1e-08,33.8
NP_414838.2,3HCDH_N,PF02737,2.7e-07,31.2
NP_414838.2,GIDA,PF01134,2.7e-05,24.0
NP_414839.1,HTH_18,PF12833,5.7e-23,81.6
NP_414839.1,Cupin_6,PF12852,1.1e-18,68.2
NP_414839.1,HTH_AraC,PF00165,1.2e-14,54.5
NP_414840.1,CCG,PF02754,3.2e-34,117.5
NP_414841.1,LUD_dom,PF02589,2.5e-52,178.0
NP_414841.1,Fer4_8,PF13183,2.1e-14,54.4
NP_414841.1,LutB_C,PF11870,1.4e-09,38.8
NP_414841.1,Fer4_10,PF13237,1.6e-08,34.9
NP_414841.1,Fer4_17,PF13534,9.7e-07,29.8
NP_414841.1,Fer4_2,PF12797,3.6e-06,27.2
NP_414841.1,Fer4,PF00037,8.8e-05,22.7
NP_414842.4,LUD_dom,PF02589,2.5e-30,106.2
NP_414845.1,GMC_oxred_N,PF00732,1.3e-63,215.3
NP_414845.1,GMC_oxred_C,PF05199,3e-41,141.8
NP_414846.1,Aldedh,PF00171,1.1e-180,601.8
NP_414847.3,TetR_C_6,PF13977,3.5e-30,105.1
NP_414847.3,TetR_N,PF00440,7.9e-15,55.0
NP_414848.1,BCCT,PF02028,5.5e-176,586.3
NP_414849.1,EAL,PF00563,5.5e-61,206.5
NP_414849.1,GerE,PF00196,1.4e-07,31.6
NP_414850.1,LysR_substrate,PF03466,7.1e-23,81.7
NP_414850.1,HTH_1,PF00126,1.2e-18,67.4
NP_414851.1,DUF1097,PF06496,4.2e-27,95.6
NP_414852.1,Ank_4,PF13637,4.1e-27,94.2
NP_414852.1,Ank_2,PF12796,1.2e-26,93.6
NP_414852.1,Ank,PF00023,3.3e-23,81.0
NP_414852.1,Ank_3,PF13606,8.2e-18,63.0
NP_414852.1,Ank_5,PF13857,7.2e-17,61.9
NP_414853.1,AllH,PF11392,6.6e-29,101.3
NP_414854.1,Ligase_CoA,PF00549,7.9e-34,117.2
NP_414854.1,HMA_AllF_N,PF27530,2.2e-32,112.2
NP_414854.1,CoA_binding,PF02629,1e-12,49.2
NP_414855.1,AllG,PF06545,2.2e-89,299.1
NP_414857.1,AA_kinase,PF00696,7.9e-23,82.0
NP_414858.1,Amidohydro_3,PF07969,7.9e-19,69.1
NP_414858.1,Amidohydro_1,PF01979,4.6e-07,30.0
NP_414859.1,ADH_zinc_N,PF00107,6.7e-28,97.8
NP_414859.1,ADH_N,PF08240,7e-27,94.3
NP_414859.1,ADH_zinc_N_2,PF13602,5.8e-07,31.1
NP_414859.1,AlaDh_PNT_C,PF01262,4.3e-06,26.9
NP_414862.1,LysE,PF01810,8.6e-60,202.1
NP_414863.1,YdgH_BhsA-like,PF07338,4.3e-13,49.7
NP_414864.1,Sigma54_activat,PF00158,1.3e-65,220.8
NP_414864.1,PrpR_N,PF06506,1.5e-53,181.5
NP_414864.1,Sigma54_activ_2,PF14532,1.2e-14,55.4
NP_414864.1,AAA_lid_14,PF25601,1.5e-12,47.7
NP_414864.1,HTH_8,PF02954,1.7e-10,41.1
NP_414864.1,Mg_chelatase,PF01078,8.1e-05,22.7
NP_414865.1,PEP_mutase,PF13714,7e-45,154.1
NP_414865.1,ICL,PF00463,3.8e-14,52.7
NP_414867.1,Citrate_synt,PF00285,3.6e-128,428.1
NP_414868.1,MmgE_PrpD_N,PF03972,1.7e-97,326.1
NP_414868.1,MmgE_PrpD_C,PF19305,6.6e-60,202.4
NP_414869.1,AMP-binding,PF00501,2.2e-75,254.4
NP_414869.1,AMP-binding_C,PF13193,2.9e-24,86.3
NP_414869.1,ACAS_N,PF16177,3.6e-23,81.7
NP_414870.1,Transp_cyt_pur,PF02133,7e-86,289.3
NP_414871.1,Amidohydro_3,PF07969,1e-68,233.6
NP_414871.1,Amidohydro_1,PF01979,2.2e-15,57.4
NP_414872.3,LysR_substrate,PF03466,3.3e-53,180.7
NP_414872.3,HTH_1,PF00126,2e-28,98.7
NP_414872.3,HTH_30,PF13556,1.3e-06,28.7
NP_414873.1,Pro_CA,PF00484,8.3e-49,166.4
NP_414874.1,Cyanate_lyase,PF02560,2.7e-31,107.8
NP_414874.1,CYNS_N,PF21291,1.3e-28,99.3
NP_414875.1,MFS_1,PF07690,5.2e-28,98.5
NP_414875.1,MFS_4,PF06779,4.6e-06,26.8
NP_414875.1,Sugar_tr,PF00083,5.8e-06,26.0
NP_414876.1,Hexapep,PF00132,2.1e-16,59.4
NP_414876.1,Mac,PF12464,5.4e-11,43.2
NP_414876.1,Hexapep_2,PF14602,2.3e-10,40.6
NP_414877.1,LacY_symp,PF01306,1.3e-205,683.5
NP_414877.1,MFS_1,PF07690,7.2e-23,81.6
NP_414877.1,MFS_1_like,PF12832,1.5e-21,77.6
NP_414878.1,Glyco_hydro_2_C,PF02836,1.1e-128,429.2
NP_414878.1,Glyco_hydro_2_N,PF02837,2.2e-91,304.9
NP_414878.1,Bgal_small_N,PF02929,5.4e-62,210.3
NP_414878.1,LacZ_4,PF16353,1.2e-22,80.5
NP_414878.1,Glyco_hydro_2,PF00703,6.5e-15,56.4
NP_414879.3,Peripla_BP_3,PF13377,3e-31,109.3
NP_414879.3,LacI,PF00356,1.1e-23,83.3
NP_414879.3,Peripla_BP_1,PF00532,3.1e-23,83.2
NP_414879.3,Peripla_BP_4,PF13407,1e-16,61.9
NP_414880.2,HTH_IclR,PF09339,2.1e-14,53.6
NP_414880.2,IclR_C,PF01614,5.7e-13,49.4
NP_414880.2,MarR_2,PF12802,1.7e-06,28.7
NP_414880.2,GAF,PF01590,4.8e-05,24.5
NP_414880.2,HTH_24,PF13412,2.5e-05,24.3
NP_414881.1,FAD_binding_3,PF01494,1.5e-82,278.2
NP_414881.1,Pyr_redox,PF00070,9.2e-05,23.5
NP_414882.1,LigB,PF02900,6.1e-74,249.1
NP_414883.5,Abhydrolase_1,PF00561,2.9e-26,93.2
NP_414883.5,Abhydrolase_6,PF12697,1.1e-24,88.8
NP_414883.5,Hydrolase_4,PF12146,6.9e-13,49.1
NP_414884.2,FAA_hydrolase,PF01557,1.4e-30,107.1
NP_414885.1,AcetDehyd-dimer,PF09290,8.2e-61,204.9
NP_414885.1,Semialdhyde_dh,PF01118,2.2e-10,41.6
NP_414886.1,HMGL-like,PF00682,4e-70,236.8
NP_414886.1,DmpG_comm,PF07836,6.1e-31,106.4
NP_414887.2,MFS_1,PF07690,2.3e-41,142.5
NP_414887.2,Sugar_tr,PF00083,4.6e-16,59.3
NP_414887.2,MFS_4,PF06779,6.4e-06,26.3
NP_414888.4,DUF2058,PF09831,1.4e-58,198.5
NP_414889.1,Esterase,PF00756,2.6e-79,267.1
NP_414890.1,ADH_N,PF08240,3.9e-25,88.7
NP_414890.1,ADH_zinc_N,PF00107,2.1e-21,76.8
NP_414891.4,Trns_repr_metal,PF02583,6e-23,81.7
NP_414892.1,YaiO,PF19413,5.1e-27,95.5
NP_414894.2,HTH_Tnp_1,PF01527,4.6e-18,65.8
NP_414895.1,rve_3,PF13683,1e-18,67.4
NP_414895.1,rve,PF00665,1.9e-16,60.8
NP_414895.1,HTH_21,PF13276,5.2e-11,43.2
NP_414897.1,Glycos_transf_2,PF00535,5.6e-28,98.6
NP_414897.1,Glyco_tranf_2_3,PF13641,3.5e-17,63.5
NP_414897.1,Glyco_trans_2_3,PF13632,1.5e-11,45.1
NP_414898.4,PIG-L,PF02585,2.7e-25,89.9
NP_414899.2,OpuAC,PF04069,8.5e-31,108.1
NP_414899.2,NMT1_2,PF13379,9.3e-21,75.4
NP_414899.2,NMT1,PF09084,2.1e-17,64.3
NP_414899.2,Phosphonate-bd,PF12974,9.7e-09,35.5
NP_414900.1,ABC_tran,PF00005,4.4e-35,121.8
NP_414900.1,AAA_21,PF13304,3.1e-08,34.5
NP_414901.1,BPD_transp_1,PF00528,2.1e-25,90.1
NP_414902.1,TauD,PF02668,1.1e-73,249.0
NP_414903.4,ALAD,PF00490,4.2e-136,453.8
NP_414906.1,rve,PF00665,8.8e-28,97.1
NP_414906.1,rve_2,PF13333,5.4e-22,78.2
NP_414906.1,HTH_21,PF13276,9.4e-12,45.6
NP_414906.1,rve_3,PF13683,2.3e-09,37.5
NP_414907.2,HTH_Tnp_1,PF01527,3.8e-10,40.4
NP_414909.2,HTH_46,PF15977,5.8e-31,106.9
NP_414910.1,Beta-lactamase,PF00144,1e-67,229.3
NP_414911.1,SbmA_BacA,PF05992,1.1e-168,561.1
NP_414911.1,ABC_membrane_2,PF06472,9.6e-10,38.9
NP_414912.1,DUF1615,PF07759,2.9e-158,526.7
NP_414913.1,DUF2755,PF10954,3.2e-49,165.7
NP_414914.2,DUF2754,PF10953,5e-44,148.9
NP_414915.1,Dala_Dala_lig_C,PF07478,1.2e-82,277.0
NP_414915.1,Dala_Dala_lig_N,PF01820,1.6e-36,126.1
NP_414915.1,ATP-grasp,PF02222,3e-14,53.6
NP_414916.1,Anti-adapt_IraP,PF10796,4.9e-34,117.4
NP_414917.2,Alk_phosphatase,PF00245,1.7e-137,459.4
NP_414917.2,Metalloenzyme,PF01676,2.3e-07,31.1
NP_414918.4,PsiF_repeat,PF07769,8.5e-34,115.7
NP_414919.1,GGDEF,PF00990,1.4e-47,162.0
NP_414919.1,MASE2,PF05230,4.6e-32,110.5
NP_414920.1,P5CR_dimer,PF14748,4.8e-40,136.6
NP_414920.1,F420_oxidored,PF03807,6.1e-25,88.3
NP_414920.1,NAD_binding_2,PF03446,7.2e-09,36.5
NP_414921.2,DUF188,PF02639,6.1e-49,165.6
NP_414922.1,SKI,PF01202,3.6e-49,167.5
NP_414922.1,AAA_18,PF13238,4.3e-07,31.0
NP_414922.1,AAA,PF00004,4.7e-06,27.7
NP_414923.1,YaiA,PF16362,5.9e-40,135.8
NP_414924.1,AroM,PF07302,1.3e-76,257.6
NP_414925.1,Ppnp,PF06865,6.6e-34,116.7
NP_414927.1,RdgC,PF04381,2e-125,418.6
NP_414928.2,ROK,PF00480,3.6e-103,345.7
NP_414928.2,Glucokinase,PF02685,2.5e-10,40.5
NP_414930.3,MFS_1,PF07690,3.8e-42,145.0
NP_414930.3,Sugar_tr,PF00083,4.9e-09,36.2
NP_414931.1,AAA_23,PF13476,7.3e-28,99.2
NP_414931.1,SbcC_Walker_B,PF13558,4.1e-14,53.2
NP_414931.1,AAA_29,PF13555,3.7e-07,30.4
NP_414932.1,SbcD_C,PF12320,2.3e-25,89.3
NP_414932.1,Metallophos,PF00149,7.3e-17,63.0
NP_414932.1,Metallophos_2,PF12850,3.4e-06,27.8
NP_414933.1,Response_reg,PF00072,8.6e-30,103.8
NP_414933.1,Trans_reg_C,PF00486,9.7e-30,103.0
NP_414934.1,HATPase_c,PF02518,2.6e-30,105.7
NP_414934.1,PhoR,PF11808,1.8e-27,96.1
NP_414934.1,HisKA,PF00512,2e-20,73.2
NP_414934.1,PAS,PF00989,1.8e-12,47.9
NP_414934.1,HATPase_c_2,PF13581,3.5e-07,30.9
NP_414934.1,PAS_8,PF13188,4.1e-05,23.9
NP_414935.1,Branch_AA_trans,PF05525,1.7e-163,545.2
NP_414936.1,AA_permease,PF00324,1.1e-115,387.6
NP_414936.1,AA_permease_2,PF13520,3.3e-37,129.0
NP_414936.1,Spore_permease,PF03845,2.2e-05,24.1
NP_414937.2,Alpha-amylase,PF00128,1.1e-83,282.5
NP_414937.2,Alpha-amylase_N,PF02903,2.3e-07,31.6
NP_414938.1,ACP_PD,PF04336,1.3e-59,202.0
NP_414939.1,Queuosine_synth,PF02547,9.8e-134,446.1
NP_414940.1,TGT,PF01702,2.7e-168,560.2
NP_414941.1,YajC,PF02699,3.4e-26,91.5
NP_414942.1,SecD-TM1,PF13721,2.8e-40,137.5
NP_414942.1,SecDF_P1_head,PF22599,4.1e-33,114.2
NP_414942.1,SecD_1st,PF21760,3.9e-30,103.7
NP_414942.1,SecD_SecF_C,PF02355,1.3e-15,57.9
NP_414942.1,MMPL,PF03176,3.1e-08,33.5
NP_414942.1,Sec_GG,PF07549,1.4e-05,25.0
NP_414943.1,SecD_SecF_C,PF02355,1.6e-70,237.0
NP_414943.1,Sec_GG,PF07549,1.1e-11,44.4
NP_414944.1,HNH,PF01844,1.2e-12,48.4
NP_414945.1,Channel_Tsx,PF03502,2.1e-84,283.8
NP_414946.4,DUF3251,PF11622,4.7e-90,300.3
NP_414947.1,ATP-cone,PF03477,4.6e-21,75.7
NP_414947.1,Zn_ribbon_NrdR,PF22811,6e-20,71.5
NP_414948.1,RibD_C,PF01872,1.3e-63,215.0
NP_414948.1,dCMP_cyt_deam_1,PF00383,2.5e-24,85.7
NP_414948.1,MafB19-deam,PF14437,1.8e-10,41.4
NP_414949.1,DMRL_synthase,PF00885,2.9e-56,189.8
NP_414950.1,NusB,PF01029,1.7e-36,126.1
NP_414951.1,AIRS,PF00586,3.9e-28,98.7
NP_414951.1,AIRS_C,PF02769,2.7e-09,38.0
NP_414952.1,PgpA,PF04608,1.1e-46,158.9
NP_414953.2,Aldo_ket_red,PF00248,5.5e-75,252.7
NP_414954.1,DXP_synthase_N,PF13292,5.1e-117,390.6
NP_414954.1,Transket_pyr,PF02779,3.8e-48,164.0
NP_414954.1,Transketolase_C,PF02780,2.6e-27,95.8
NP_414954.1,E1_dh,PF00676,8.9e-06,25.5
NP_414954.1,TPP_enzyme_C,PF02775,0.00013,22.4
NP_414955.1,polyprenyl_synt,PF00348,2.7e-59,201.0
NP_414956.1,Exonuc_VII_S,PF02609,1.9e-22,79.5
NP_414957.1,ThiI,PF02568,4.1e-82,275.2
NP_414957.1,THUMP,PF02926,1.3e-15,58.2
NP_414957.1,ThiI_fer,PF22025,1.4e-09,38.8
NP_414958.4,DJ-1_PfpI,PF01965,5.8e-50,169.9
NP_414959.1,ApbA_C,PF08546,1.5e-39,135.8
NP_414959.1,ApbA,PF02558,5.1e-27,94.9
NP_414960.2,YajQ,PF04461,1.2e-64,217.9
NP_414961.4,MFS_1,PF07690,4.2e-49,167.9
NP_414961.4,YajR_YAM,PF21987,1.2e-29,102.3
NP_414961.4,Sugar_tr,PF00083,1.3e-09,38.1
NP_414962.1,UbiA,PF01040,4.2e-62,210.3
NP_414963.1,COX4_pro,PF03626,7.2e-18,65.3
NP_414964.1,COX3,PF00510,2.3e-15,57.7
NP_414965.1,COX1,PF00115,2.3e-145,485.4
NP_414966.1,COX_ARM,PF06481,6.3e-19,68.1
NP_414966.1,COX2,PF00116,1.2e-05,25.8
NP_414967.1,MFS_1,PF07690,9e-34,117.5
NP_414967.1,Acatn,PF13000,3e-13,49.7
NP_414968.4,Lipoprotein_16,PF03923,2.5e-52,177.4
NP_414968.4,LPAM_1,PF08139,0.00074,20.4
NP_414969.4,BolA,PF01722,1.9e-28,99.1
NP_414970.1,Trigger_N,PF05697,2.6e-44,151.6
NP_414970.1,Trigger_C,PF05698,2.1e-41,142.3
NP_414970.1,FKBP_C,PF00254,3.2e-18,66.4
NP_414971.1,CLP_protease,PF00574,3.1e-89,298.3
NP_414972.1,AAA_2,PF07724,9.4e-34,117.4
NP_414972.1,zf-C4_ClpX,PF06689,9.2e-21,74.0
NP_414972.1,AAA,PF00004,3.6e-16,60.4
NP_414972.1,ClpB_D2-small,PF10431,3e-13,50.2
NP_414972.1,Mg_chelatase,PF01078,3.5e-07,30.4
NP_414972.1,AAA_5,PF07728,1.4e-06,29.0
NP_414972.1,AAA_22,PF13401,3.3e-06,28.0
NP_414972.1,MCM,PF00493,6.7e-06,26.0
NP_414973.1,Lon_C,PF05362,4.1e-95,317.8
NP_414973.1,LON_substr_bdg,PF02190,5.3e-59,200.1
NP_414973.1,AAA,PF00004,4.1e-21,76.4
NP_414973.1,Lon_lid,PF22667,1.5e-21,76.3
NP_414973.1,AAA_5,PF07728,1.1e-09,39.0
NP_414973.1,ChlI,PF13541,2.3e-06,28.1
NP_414974.1,Bac_DNA_binding,PF00216,8.3e-35,119.5
NP_414974.1,HU-HIG,PF18291,7e-07,29.9
NP_414975.1,SurA_N_3,PF13624,1.6e-53,181.4
NP_414975.1,SurA_N_2,PF13623,5.7e-39,133.8
NP_414975.1,Rotamase_2,PF13145,2.2e-33,116.2
NP_414975.1,Rotamase,PF00639,4.2e-14,53.8
NP_414975.1,Rotamase_3,PF13616,9.1e-14,52.5
NP_414976.1,HHH_3,PF12836,1.6e-18,67.1
NP_414976.1,HHH,PF00633,1.3e-07,31.7
NP_414977.1,4HBT_2,PF13279,5.9e-20,72.5
NP_414977.1,4HBT,PF03061,1.4e-12,48.3
NP_414977.1,Acyl-ACP_TE_C,PF20791,4.6e-09,37.0
NP_414977.1,Acyl-ACP_TE,PF01643,5.8e-07,29.9
NP_414978.1,QueC,PF06508,6.3e-83,278.0
NP_414978.1,Asn_synthase,PF00733,0.00029,21.2
NP_414979.1,SgrR_N,PF12793,3.2e-39,134.4
NP_414979.1,SBP_bac_5,PF00496,2.5e-17,63.6
NP_414980.2,Hydrolase_3,PF08282,5.5e-50,171.1
NP_414980.2,S6PP,PF05116,1.7e-18,67.7
NP_414980.2,Hydrolase,PF00702,1.6e-09,39.0
NP_414981.4,AsnC_trans_reg,PF01037,5.8e-27,94.0
NP_414981.4,HTH_24,PF13412,2.6e-17,62.7
NP_414981.4,HTH_AsnC-type,PF13404,1.3e-16,60.7
NP_414982.1,ABC_membrane,PF00664,1.7e-36,126.9
NP_414982.1,ABC_tran,PF00005,7.6e-31,108.1
NP_414983.1,ABC_membrane,PF00664,4.3e-41,142.0
NP_414983.1,ABC_tran,PF00005,2e-31,110.0
NP_414984.1,P-II,PF00543,5.1e-32,110.8
NP_414985.1,Ammonium_transp,PF00909,3.8e-133,444.7
NP_414986.1,Acyl_CoA_thio,PF02551,3e-68,228.3
NP_414986.1,4HBT_3C,PF20789,2.1e-24,86.9
NP_414986.1,4HBT_3,PF13622,2.3e-19,70.0
NP_414987.3,YscW,PF09619,2.7e-39,134.3
NP_414988.1,DNA_binding_1,PF01035,5e-27,94.1
NP_414989.1,DUF1428,PF07237,2.6e-48,163.1
NP_414990.2,EAL,PF00563,3.6e-66,223.5
NP_414990.2,CSS-motif,PF12792,1.5e-53,181.9
NP_414991.4,YlaC,PF10777,1.5e-70,236.5
NP_414992.1,Mac,PF12464,6.3e-18,65.4
NP_414992.1,Hexapep,PF00132,2.6e-14,52.8
NP_414992.1,Hexapep_2,PF14602,2.9e-13,49.9
NP_414993.1,HHA,PF05321,9.1e-40,135.3
NP_414994.1,YbaJ,PF10757,1.1e-65,220.1
NP_414995.1,ACR_tran,PF00873,0.0,1466.1
NP_414995.1,SecD_SecF_C,PF02355,3.8e-06,27.0
NP_414996.1,Beta-barrel_RND,PF25944,8.3e-36,122.9
NP_414996.1,BSH_RND,PF25917,6.5e-30,103.4
NP_414996.1,RND-MFP_C,PF25967,1.5e-27,95.9
NP_414996.1,HH_MFP_RND,PF25876,3.2e-27,95.2
NP_414997.1,TetR_C_2,PF08361,2.5e-53,179.8
NP_414997.1,TetR_N,PF00440,1.4e-19,70.2
NP_414998.1,MscS_TM,PF12794,2.5e-100,336.3
NP_414998.1,MscS_porin,PF12795,5.1e-61,206.9
NP_414998.1,MS_channel_2nd,PF00924,1.4e-24,86.5
NP_414998.1,MS_channel_3rd,PF21082,6.3e-22,78.4
NP_414998.1,MS_channel_1st,PF21088,3.5e-11,43.4
NP_414999.1,DUF2496,PF10689,2.9e-24,85.1
NP_415000.1,PriC,PF07445,1.5e-51,175.3
NP_415001.1,DUF454,PF04304,4.5e-42,143.3
NP_415002.1,Pribosyltran,PF00156,9.1e-15,54.9
NP_415003.1,DNA_pol3_tau_5,PF12170,8.6e-58,195.1
NP_415003.1,DNA_pol3_delta2,PF13177,2.1e-43,148.7
NP_415003.1,DNA_pol3_gamma3,PF12169,3.9e-27,95.4
NP_415003.1,DNA_pol3_tau_4,PF12168,2.1e-26,92.7
NP_415003.1,DNAX_ATPase_lid,PF22608,4.3e-25,87.8
NP_415003.1,AAA,PF00004,1.9e-11,45.1
NP_415003.1,AAA_5,PF07728,6.1e-05,23.6
NP_415004.1,YbaB_DNA_bd,PF02575,2.6e-35,121.1
NP_415005.1,Toprim_4,PF13662,1.5e-25,89.8
NP_415005.1,RecR_HhH,PF21176,1.3e-23,83.2
NP_415005.1,Toprim,PF01751,4.7e-16,59.3
NP_415005.1,RecR_C,PF21175,2e-10,40.5
NP_415005.1,RecR_ZnF,PF02132,4.9e-07,30.0
NP_415006.1,HSP90,PF00183,1.7e-126,423.8
NP_415006.1,HATPase_c_3,PF13589,5.6e-11,43.2
NP_415006.1,HATPase_c,PF02518,1.2e-08,36.0
NP_415007.1,ADK,PF00406,7.7e-61,205.2
NP_415007.1,AAA_17,PF13207,1.4e-28,100.5
NP_415007.1,ADK_lid,PF05191,1.4e-17,63.8
NP_415008.1,Ferrochelatase,PF00762,2.1e-114,382.4
NP_415008.1,CbiX,PF01903,7.8e-05,23.5
NP_415009.1,Abhydrolase_3,PF07859,2.6e-58,197.8
NP_415009.1,BD-FAE,PF20434,8.2e-17,62.0
NP_415009.1,Say1_Mug180,PF10340,1e-07,31.8
NP_415009.1,DLH,PF01738,0.00022,21.5
NP_415010.1,PfkB,PF00294,1.3e-12,48.3
NP_415011.1,Na_H_Exchanger,PF00999,2.1e-55,188.7
NP_415011.1,TrkA_N,PF02254,5.6e-27,95.0
NP_415012.1,MFS_1,PF07690,6.4e-40,137.7
NP_415013.1,5_nucleotid_C,PF02872,2.7e-32,112.7
NP_415013.1,Metallophos,PF00149,4.8e-12,47.3
NP_415014.1,tRNA_edit,PF04073,3.2e-21,76.3
NP_415015.1,TraB_PrgY_gumN,PF01963,2.3e-43,149.5
NP_415016.4,HTH_3,PF01381,3.3e-11,43.6
NP_415017.1,Hydrolase,PF00702,1.2e-39,137.3
NP_415017.1,HMA,PF00403,2.5e-30,105.2
NP_415017.1,E1-E2_ATPase,PF00122,1.3e-27,96.1
NP_415017.1,Hydrolase_3,PF08282,6.8e-09,36.4
NP_415018.1,Glutaminase,PF04960,6.1e-107,357.7
NP_415019.1,AA_permease_2,PF13520,5.1e-31,108.6
NP_415019.1,AA_permease,PF00324,2.8e-25,89.5
NP_415020.1,MerR_1,PF13411,5.6e-19,68.6
NP_415020.1,MerR-DNA-bind,PF09278,2.2e-17,64.0
NP_415020.1,MerR,PF00376,1.2e-15,57.7
NP_415021.2,NfeD,PF01957,2.4e-12,47.5
NP_415022.1,Band_7,PF01145,3e-39,135.4
NP_415023.1,ABC_tran,PF00005,2.1e-31,109.9
NP_415023.1,SMC_N,PF02463,2.5e-10,40.7
NP_415023.1,Rad17,PF03215,5.5e-07,30.3
NP_415023.1,AAA,PF00004,1e-05,26.6
NP_415024.4,UPF0014,PF03649,1.3e-81,274.1
NP_415025.4,TPR_20,PF14561,8.5e-30,103.5
NP_415025.4,TPR_19,PF14559,2.2e-20,73.3
NP_415025.4,Thioredoxin,PF00085,3.7e-19,69.2
NP_415025.4,TraF,PF13728,6.3e-06,26.8
NP_415026.1,adh_short,PF00106,3.9e-39,134.8
NP_415026.1,adh_short_C2,PF13561,7.8e-28,98.2
NP_415026.1,KR,PF08659,2.2e-12,47.9
NP_415026.1,NAD_binding_10,PF13460,2.2e-06,28.3
NP_415027.1,Lipase_GDSL_2,PF13472,5.9e-30,105.7
NP_415027.1,Lipase_GDSL,PF00657,2e-27,97.3
NP_415028.1,ABC_tran,PF00005,8.3e-34,117.7
NP_415029.1,FtsX,PF02687,7.8e-21,74.9
NP_415030.1,RHS_repeat,PF05593,3e-71,235.2
NP_415030.1,TEN_YD-shell,PF25023,9.6e-43,147.0
NP_415030.1,DUF4329,PF14220,1.3e-36,125.7
NP_415030.1,DUF6531,PF20148,1.2e-18,67.8
NP_415030.1,RHS,PF03527,1e-15,57.9
NP_415031.1,Imm-NTF2-2,PF15631,1.3e-26,93.1
NP_415036.1,AAA_SelU,PF26341,4.7e-86,288.6
NP_415036.1,Rhodanese,PF00581,9.7e-05,23.3
NP_415037.1,LysR_substrate,PF03466,1.3e-23,84.1
NP_415037.1,HTH_1,PF00126,7.8e-22,77.6
NP_415038.1,Ureidogly_lyase,PF04115,5.3e-51,173.1
NP_415039.1,IclR_C,PF01614,1e-61,208.1
NP_415039.1,HTH_IclR,PF09339,2.3e-13,50.3
NP_415040.1,TPP_enzyme_C,PF02775,1.3e-37,129.5
NP_415040.1,TPP_enzyme_M,PF00205,1.3e-37,129.1
NP_415040.1,TPP_enzyme_N,PF02776,1.3e-34,119.1
NP_415041.1,AP_endonuc_2,PF01261,1.4e-47,163.1
NP_415042.1,NAD_binding_2,PF03446,2.1e-49,168.3
NP_415042.1,NAD_binding_11,PF14833,2e-40,138.4
NP_415042.1,F420_oxidored,PF03807,6.5e-07,30.5
NP_415044.4,Transp_cyt_pur,PF02133,1.6e-141,472.7
NP_415045.1,Amidohydro_1,PF01979,1.8e-18,67.5
NP_415045.1,Amidohydro_3,PF07969,4e-13,50.2
NP_415045.1,DHOase,PF12890,2.4e-10,41.2
NP_415046.4,Xan_ur_permease,PF00860,3.1e-100,336.2
NP_415047.1,Gly_kinase,PF02595,8.9e-153,509.2
NP_415048.1,Cupin_3,PF05899,3.8e-15,55.9
NP_415048.1,Cupin_2,PF07883,1.1e-14,54.5
NP_415048.1,AraC_binding,PF02311,0.0001,22.7
NP_415049.1,Peptidase_M20,PF01546,1.9e-26,93.9
NP_415049.1,Peptidase_M28,PF04389,0.00013,22.3
NP_415050.1,Ldh_2,PF02615,1.7e-112,376.4
NP_415051.1,Ligase_CoA,PF00549,1.4e-36,126.0
NP_415051.1,HMA_AllF_N,PF27530,1.2e-29,103.4
NP_415051.1,CoA_binding,PF02629,8.7e-13,49.4
NP_415053.1,AllH,PF11392,9.3e-30,104.0
NP_415054.1,AA_kinase,PF00696,1.1e-25,91.3
NP_415055.1,ATP-grasp,PF02222,1.5e-62,211.0
NP_415055.1,PurK_C,PF17769,1.9e-16,60.1
NP_415055.1,RS_preATP-grasp-like,PF22660,1.1e-06,29.5
NP_415056.1,AIRC,PF00731,2e-64,216.2
NP_415057.1,Metallophos,PF00149,1.3e-11,45.9
NP_415057.1,Metallophos_2,PF12850,7.1e-10,39.7
NP_415058.1,Pro_isomerase,PF00160,7e-50,170.0
NP_415059.1,tRNA-synt_1e,PF01406,2.3e-152,507.2
NP_415059.1,DALR_2,PF09190,2.9e-23,82.8
NP_415059.1,tRNA-synt_1g,PF09334,1.3e-14,54.4
NP_415059.1,CysS_C,PF23493,2.8e-11,43.9
NP_415059.1,tRNA-synt_1f,PF01921,6.4e-08,32.5
NP_415059.1,tRNA-synt_1,PF00133,1.8e-06,27.5
NP_415060.1,YdjM,PF04307,3.6e-32,111.8
NP_415061.2,S4_2,PF13275,2.2e-24,85.7
NP_415062.1,THF_DHG_CYH_C,PF02882,3.3e-60,202.4
NP_415062.1,THF_DHG_CYH,PF00763,4.2e-43,146.8
NP_415063.4,Fimbrial,PF00419,1.1e-29,104.4
NP_415064.1,PapD_N,PF00345,1.2e-37,129.3
NP_415064.1,PapD_C,PF02753,8.2e-11,42.6
NP_415065.1,Usher,PF00577,8e-221,735.2
NP_415065.1,PapC_N,PF13954,2.1e-48,164.6
NP_415065.1,PapC_C,PF13953,3.5e-22,78.6
NP_415066.2,Fimbrial,PF00419,8.2e-32,111.2
NP_415067.1,Fimbrial,PF00419,7.5e-24,85.4
NP_415068.1,Response_reg,PF00072,1.4e-27,96.6
NP_415068.1,GerE,PF00196,2e-23,82.3
NP_415069.1,Phage_integrase,PF00589,5.7e-47,160.3
NP_415072.2,HTH_Tnp_1,PF01527,3.8e-10,40.4
NP_415073.1,rve,PF00665,8.8e-28,97.1
NP_415073.1,rve_2,PF13333,5.4e-22,78.2
NP_415073.1,HTH_21,PF13276,9.4e-12,45.6
NP_415073.1,rve_3,PF13683,2.3e-09,37.5
NP_415075.1,Multi_Drug_Res,PF00893,2.3e-35,121.5
NP_415076.1,Resolvase,PF00239,5.9e-19,69.2
NP_415076.1,Recombinase,PF07508,7.6e-14,52.4
NP_415076.1,Zn_ribbon_recom,PF13408,6.7e-08,33.4
NP_415077.1,PBP,PF01161,3.8e-42,144.4
NP_415078.1,HTH_18,PF12833,6.4e-17,62.2
NP_415078.1,HTH_AraC,PF00165,1.2e-06,29.1
NP_415080.1,NinE,PF05322,5.5e-19,68.3
NP_415081.1,YbcO,PF07102,8.9e-43,144.8
NP_415082.1,RusA,PF05866,1.2e-23,84.5
NP_415083.1,Phage_antitermQ,PF06530,3.2e-52,176.1
NP_415084.2,DDE_Tnp_1,PF01609,8e-36,124.3
NP_415084.2,DUF772,PF05598,3.9e-25,88.8
NP_415086.1,Phage_holin_2_1,PF04971,2.2e-35,121.0
NP_415087.1,Phage_lysozyme,PF00959,1.5e-45,155.1
NP_415088.1,Phage_lysis,PF03245,1.1e-53,181.4
NP_415089.1,Lambda_Bor,PF06291,3.4e-31,107.7
NP_415090.2,DUF1398,PF07166,1.3e-46,158.1
NP_415092.1,Phage_Nu1,PF07471,6.8e-100,332.1
NP_415096.1,HTH_18,PF12833,4.3e-16,59.6
NP_415096.1,HTH_AraC,PF00165,1.6e-11,44.6
NP_415097.1,Omptin,PF01278,6.1e-130,433.0
NP_415098.1,HTH_AraC,PF00165,4e-19,68.8
NP_415098.1,HTH_18,PF12833,8.4e-16,58.6
NP_415099.1,DUF4434,PF14488,1.7e-69,235.1
NP_415100.1,NfrA_C,PF13283,1.1e-67,227.6
NP_415100.1,TPR_19,PF14559,5.6e-10,40.0
NP_415100.1,TPR_14,PF13428,5.4e-07,30.3
NP_415101.1,Glyco_trans_2_3,PF13632,6.3e-42,144.2
NP_415101.1,Glyco_tranf_2_3,PF13641,3.7e-31,109.2
NP_415101.1,MshEN,PF05157,5e-14,52.6
NP_415101.1,PatA_N,PF14332,1.2e-07,32.4
NP_415102.1,CusS,PF21085,9.7e-36,123.9
NP_415102.1,HATPase_c,PF02518,8.3e-27,94.4
NP_415102.1,HisKA,PF00512,2.6e-13,50.4
NP_415102.1,HAMP,PF00672,5.2e-11,43.3
NP_415102.1,HAMP_PhoQ,PF26769,3.9e-07,30.5
NP_415103.1,Response_reg,PF00072,1.2e-27,96.9
NP_415103.1,Trans_reg_C,PF00486,1.5e-26,92.8
NP_415104.1,OEP,PF02321,4.4e-102,340.1
NP_415105.1,CusF_Ec,PF11604,2.5e-23,82.3
NP_415106.1,Beta-barrel_RND_2,PF25954,6.2e-26,91.0
NP_415106.1,BSH_CusB,PF25919,8.9e-26,90.1
NP_415106.1,3HB_CusB,PF25869,3e-18,66.0
NP_415106.1,HMBD,PF19335,2.2e-12,47.3
NP_415107.1,ACR_tran,PF00873,6.5e-238,792.8
NP_415108.1,AA_permease,PF00324,5.8e-129,431.4
NP_415108.1,AA_permease_2,PF13520,7e-38,131.2
NP_415109.1,MS_channel_2nd,PF00924,9e-18,64.7
NP_415109.1,MS_channel_3rd,PF21082,8.8e-15,55.5
NP_415110.1,Nitroreductase,PF00881,2.1e-27,97.0
NP_415111.1,YjbR,PF04237,2.5e-21,76.7
NP_415112.1,DUF1158,PF06643,1.4e-40,138.0
NP_415113.1,GCS2,PF04107,5.9e-115,385.1
NP_415114.1,DDE_Tnp_1,PF01609,1.8e-26,93.7
NP_415115.2,4PPT_N,PF17837,1.7e-18,67.0
NP_415115.2,ACPS,PF01648,8.9e-15,55.3
NP_415116.1,TonB_dep_Rec_b-barrel,PF00593,8.8e-56,191.2
NP_415116.1,Plug,PF07715,1.8e-27,96.6
NP_415117.2,Enterochelin_N,PF11806,6.4e-41,140.4
NP_415117.2,Esterase,PF00756,5.3e-21,76.1
NP_415118.1,Condensation,PF00668,1e-109,367.9
NP_415118.1,AMP-binding,PF00501,4.7e-88,296.2
NP_415118.1,Thioesterase,PF00975,3.2e-62,211.3
NP_415118.1,PP-binding,PF00550,1.5e-12,48.1
NP_415119.1,Wzz,PF02706,2.2e-19,70.2
NP_415120.1,ABC_tran,PF00005,1.1e-34,120.6
NP_415120.1,AAA_21,PF13304,9.9e-09,36.2
NP_415120.1,AAA_29,PF13555,3.4e-06,27.3
NP_415121.1,FecCD,PF01032,3.7e-87,292.9
NP_415122.1,FecCD,PF01032,2.7e-92,309.7
NP_415123.1,MFS_1,PF07690,4.7e-28,98.7
NP_415123.1,MFS_3,PF05977,1e-20,74.3
NP_415124.1,Peripla_BP_2,PF01497,2.6e-25,89.8
NP_415125.1,Chorismate_bind,PF00425,5.5e-69,233.2
NP_415126.1,AMP-binding,PF00501,3.9e-67,227.3
NP_415126.1,AMP-binding_C,PF13193,1.9e-12,48.5
NP_415127.1,Isochorismatase,PF00857,2e-41,142.6
NP_415127.1,PP-binding,PF00550,1.7e-07,32.0
NP_415128.1,adh_short_C2,PF13561,1.2e-51,176.2
NP_415128.1,adh_short,PF00106,1.1e-46,159.4
NP_415128.1,KR,PF08659,4.4e-11,43.6
NP_415128.1,Epimerase,PF01370,0.00014,21.9
NP_415129.1,4HBT,PF03061,3.4e-19,69.5
NP_415130.1,CstA,PF02554,5.6e-257,854.5
NP_415132.1,Fe-ADH,PF00465,5.4e-21,75.5
NP_415132.1,Fe-ADH_2,PF13685,1.7e-12,48.2
NP_415133.1,Aminotran_1_2,PF00155,1.2e-59,203.0
NP_415133.1,Cys_Met_Meta_PP,PF01053,8.8e-07,28.4
NP_415134.1,ParB_N,PF02195,2.7e-06,28.0
NP_415135.1,DUF3440,PF11922,2.4e-32,112.8
NP_415135.1,PAPS_reduct,PF01507,6.1e-15,56.3
NP_415136.1,HTH_1,PF00126,2.2e-18,66.6
NP_415136.1,LysR_substrate,PF03466,7.9e-10,39.1
NP_415137.2,DsbC_N,PF10411,2.2e-11,43.8
NP_415137.2,Thioredoxin_2,PF13098,3.5e-09,37.6
NP_415137.2,Thioredoxin_4,PF13462,1.4e-06,29.2
NP_415138.1,AhpC-TSA,PF00578,6.3e-35,120.4
NP_415138.1,Redoxin,PF08534,5.2e-12,46.4
NP_415138.1,1-cysPrx_C,PF10417,1e-07,32.3
NP_415139.2,Pyr_redox_2,PF07992,1.4e-48,166.4
NP_415139.2,Pyr_redox_3,PF13738,1.6e-20,74.1
NP_415139.2,Pyr_redox,PF00070,2.1e-15,57.6
NP_415139.2,Thioredoxin_3,PF13192,9.5e-10,39.0
NP_415139.2,GIDA,PF01134,2e-09,37.6
NP_415139.2,FAD_binding_2,PF00890,3.7e-07,30.3
NP_415139.2,FAD_oxidored,PF12831,1.3e-06,28.6
NP_415139.2,NAD_binding_8,PF13450,4.7e-05,24.2
NP_415140.1,Usp,PF00582,2.5e-29,103.2
NP_415141.1,ADH_N,PF08240,6.7e-26,91.2
NP_415141.1,ADH_zinc_N,PF00107,5.9e-12,46.2
NP_415143.1,GreA_GreB,PF01272,1.9e-21,76.4
NP_415143.1,Rnk_N,PF14760,2e-10,41.5
NP_415144.1,Ribonuclease_T2,PF00445,4e-12,47.2
NP_415145.1,Na_sulph_symp,PF00939,1.5e-194,648.0
NP_415145.1,CitMHS,PF03600,1.5e-23,84.0
NP_415146.1,CitG,PF01874,1.8e-79,267.7
NP_415147.1,CitX,PF03802,7.1e-54,182.6
NP_415148.1,CitF,PF04223,1.5e-282,938.1
NP_415149.4,HpcH_HpaI,PF03328,6.7e-89,297.5
NP_415149.4,C-C_Bond_Lyase,PF15617,1.2e-09,38.4
NP_415150.1,ACP,PF06857,2.8e-28,98.6
NP_415151.4,Citrate_ly_lig,PF08218,2.3e-85,285.5
NP_415152.1,sCache_3_2,PF17203,4.9e-23,82.3
NP_415152.1,HATPase_c,PF02518,1.1e-17,65.1
NP_415152.1,HATPase_c_5,PF14501,4.5e-09,36.8
NP_415152.1,HATPase_c_2,PF13581,3.3e-06,27.7
NP_415152.1,PAS,PF00989,7.8e-06,26.5
NP_415152.1,PAS_4,PF08448,1.8e-05,25.5
NP_415153.1,HTH_64,PF20714,1.8e-48,163.2
NP_415153.1,Response_reg,PF00072,1.6e-19,70.6
NP_415154.1,DcuC,PF03606,4.1e-151,504.2
NP_415154.1,DctM,PF06808,1.7e-08,34.3
NP_415155.1,PagP,PF07017,3.1e-66,221.8
NP_415156.1,CSD,PF00313,1.1e-33,115.5
NP_415156.1,OB_RNB,PF08206,9.3e-06,25.8
NP_415157.1,CRCB,PF02537,7.7e-28,97.4
NP_415160.1,TatA_B_E,PF02416,1.7e-11,44.1
NP_415161.1,Radical_SAM,PF04055,6.5e-23,82.3
NP_415161.1,LIAS_N,PF16881,3.9e-07,31.0
NP_415162.4,LysR_substrate,PF03466,1.5e-16,61.0
NP_415162.4,HTH_1,PF00126,2.8e-14,53.4
NP_415163.2,LplA-B_cat,PF21948,6.6e-33,114.9
NP_415164.1,DUF493,PF04359,3e-28,98.8
NP_415165.1,Peptidase_S11,PF00768,1.1e-106,356.2
NP_415165.1,PBP5_C,PF07943,2.3e-27,95.6
NP_415165.1,Beta-lactamase2,PF13354,6e-09,36.0
NP_415166.1,DPBB_1,PF03330,5.8e-21,75.1
NP_415166.1,SPOR,PF05036,3.4e-17,63.1
NP_415167.1,FTSW_RODA_SPOVE,PF01098,3.7e-128,428.1
NP_415168.1,Transpeptidase,PF00905,8e-81,272.1
NP_415168.1,PBP_dimer,PF03717,1.5e-46,159.7
NP_415169.1,SPOUT_MTase,PF02590,5.5e-48,163.5
NP_415170.4,RsfS,PF02410,2e-33,115.2
NP_415171.1,His_Phos_1,PF00300,1.1e-56,192.2
NP_415172.1,CTP_transf_like,PF01467,2.8e-31,109.1
NP_415173.1,DNA_pol3_delt_C,PF14840,9.4e-76,252.7
NP_415173.1,DNA_pol3_delta,PF06144,2.4e-29,102.4
NP_415173.1,DNA_pol3_delta_C,PF21694,1.9e-07,31.7
NP_415174.1,LptE,PF04390,3e-18,67.2
NP_415175.1,tRNA-synt_1_2,PF13603,5.1e-81,271.2
NP_415175.1,tRNA-synt_1,PF00133,1.4e-50,172.9
NP_415175.1,tRNA-synt_1g,PF09334,2e-32,113.0
NP_415175.1,Anticodon_1,PF08264,5.6e-20,72.3
NP_415176.1,DUF1451,PF07295,5.9e-50,169.8
NP_415177.4,Sel1,PF08238,2.2e-64,212.2
NP_415177.4,TPR_27,PF23310,4.2e-08,33.4
NP_415178.1,DUF1266,PF06889,6.9e-48,163.8
NP_415179.1,DjlB_C_2nd,PF27158,1.9e-19,70.1
NP_415180.1,Sel1,PF08238,2.6e-29,101.2
NP_415181.1,DUF1266,PF06889,2e-46,159.0
NP_415182.1,DjlB_C_2nd,PF27158,9.1e-20,71.2
NP_415183.1,HSP70,PF00012,3.6e-116,389.3
NP_415183.1,MreB_Mbl,PF06723,5e-13,49.2
NP_415184.1,IU_nuc_hydro,PF01156,3.1e-105,352.7
NP_415185.1,ABC_tran,PF00005,6.8e-36,124.5
NP_415185.1,AAA_21,PF13304,4.4e-09,37.3
NP_415186.1,BPD_transp_1,PF00528,2.4e-18,67.1
NP_415187.1,BPD_transp_1,PF00528,2.8e-27,96.2
NP_415188.1,SBP_bac_3,PF00497,6.2e-29,101.0
NP_415189.2,DDE_Tnp_1,PF01609,8e-36,124.3
NP_415189.2,DUF772,PF05598,3.9e-25,88.8
NP_415190.1,LNT_N,PF20154,2.4e-41,142.1
NP_415190.1,CN_hydrolase,PF00795,3.9e-40,138.4
NP_415191.1,CorC_HlyC,PF03471,2.7e-24,85.6
NP_415191.1,CBS,PF00571,3.5e-17,63.1
NP_415191.1,NMB0537_N,PF21917,2.3e-12,47.0
NP_415192.1,YbeY,PF02130,2.4e-41,141.6
NP_415193.2,PhoH,PF02562,1.4e-98,329.0
NP_415193.2,AAA_30,PF13604,1.2e-07,32.3
NP_415193.2,AAA_19,PF13245,7e-07,30.1
NP_415194.1,UPF0004,PF00919,2.6e-30,104.9
NP_415194.1,Radical_SAM,PF04055,3.3e-27,96.3
NP_415194.1,TRAM,PF01938,5.4e-21,74.8
NP_415195.1,FAD_binding_3,PF01494,1.3e-29,104.1
NP_415195.1,SE,PF08491,9.8e-06,25.4
NP_415195.1,Lycopene_cycl,PF05834,1.6e-05,24.8
NP_415200.1,Asn_synthase,PF00733,9.1e-94,315.6
NP_415200.1,GATase_7,PF13537,1.6e-42,145.0
NP_415200.1,GATase_6,PF13522,1.9e-39,135.2
NP_415200.1,DUF3700,PF12481,1.1e-09,38.7
NP_415201.1,Hydrolase_6,PF13344,7.5e-24,84.3
NP_415201.1,Hydrolase_like,PF13242,7.1e-23,80.9
NP_415201.1,Hydrolase,PF00702,1.6e-17,65.1
NP_415201.1,HAD_2,PF13419,7.8e-09,36.4
NP_415202.1,ROK,PF00480,6.4e-103,344.9
NP_415202.1,MarR,PF01047,3.8e-07,30.5
NP_415202.1,HTH_24,PF13412,6.2e-05,23.1
NP_415203.1,Amidohydro_1,PF01979,6e-50,171.0
NP_415203.1,NagA_N,PF22643,1e-24,87.0
NP_415204.1,Glucosamine_iso,PF01182,1.7e-22,81.0
NP_415205.1,PTS_EIIC,PF02378,1.2e-73,248.5
NP_415205.1,PTS_EIIA_1,PF00358,3.3e-46,156.7
NP_415205.1,PTS_EIIB,PF00367,7.9e-13,48.2
NP_415206.1,tRNA-synt_1c,PF00749,1.7e-129,431.9
NP_415206.1,tRNA-synt_1c_C,PF03950,5.3e-34,116.9
NP_415206.1,tRNA-synt_1c_C2,PF20974,1.2e-26,93.9
NP_415207.1,OprD,PF03573,2.7e-22,80.0
NP_415208.1,YbfN,PF13982,1.2e-53,179.9
NP_415209.1,FUR,PF01475,1.3e-49,168.0
NP_415210.1,Flavodoxin_1,PF00258,1.4e-31,110.1
NP_415210.1,Flavodoxin_3,PF12641,1.6e-09,38.4
NP_415210.1,Flavodoxin_5,PF12724,9.6e-08,33.0
NP_415211.2,RepB-RCR_reg,PF10723,2.3e-11,44.1
NP_415211.2,RHH_1,PF01402,2.2e-11,43.8
NP_415212.1,Abhydrolase_1,PF00561,2.4e-24,86.9
NP_415212.1,Abhydrolase_6,PF12697,3.7e-19,70.8
NP_415212.1,PGAP1,PF07819,9.8e-11,42.4
NP_415212.1,Hydrolase_4,PF12146,1.2e-09,38.4
NP_415212.1,DUF676,PF05057,0.00028,21.0
NP_415213.1,SeqA,PF03925,6.2e-50,168.5
NP_415213.1,SeqA_N,PF17206,8.6e-24,83.2
NP_415214.1,PGM_PMM_I,PF02878,9.4e-32,110.2
NP_415214.1,PGM_PMM_III,PF02880,1.3e-31,109.6
NP_415214.1,PGM_PMM_II,PF02879,1.8e-15,57.9
NP_415214.1,PGM_PMM_IV,PF00408,9.9e-07,29.3
NP_415219.1,AA_permease_2,PF13520,3.5e-47,161.9
NP_415219.1,AA_permease,PF00324,1e-19,71.2
NP_415220.1,OKR_DC_1,PF01276,8.3e-199,661.2
NP_415220.1,OKR_DC_1_C,PF03711,2.4e-47,161.1
NP_415220.1,OKR_DC_1_N,PF03709,2.3e-24,86.4
NP_415222.1,Response_reg,PF00072,7e-31,107.3
NP_415222.1,Trans_reg_C,PF00486,6.9e-23,81.1
NP_415223.1,KdpD,PF02702,2.7e-97,324.9
NP_415223.1,DUF4118,PF13493,1.1e-30,106.2
NP_415223.1,HATPase_c,PF02518,1.6e-27,96.7
NP_415223.1,HisKA,PF00512,4.7e-13,49.6
NP_415223.1,GAF_3,PF13492,5.3e-11,43.6
NP_415224.1,KdpC,PF02669,4.9e-70,235.6
NP_415225.1,Hydrolase,PF00702,5.8e-30,105.7
NP_415225.1,E1-E2_ATPase,PF00122,3e-20,72.5
NP_415225.1,Hydrolase_3,PF08282,9.1e-05,22.9
NP_415226.1,KdpA,PF03814,2.3e-241,802.3
NP_415228.1,DUF2517,PF10725,3.2e-34,117.1
NP_415229.1,RHS_repeat,PF05593,7.4e-70,230.8
NP_415229.1,TEN_YD-shell,PF25023,2e-39,136.0
NP_415229.1,DUF6531,PF20148,7.8e-18,65.2
NP_415229.1,RHS,PF03527,8.1e-18,64.6
NP_415234.1,DDE_Tnp_1_assoc,PF13808,5e-32,110.5
NP_415234.1,DDE_Tnp_1,PF01609,2.2e-16,60.8
NP_415235.1,DUF1722,PF08349,6.2e-35,120.5
NP_415236.1,FAD_binding_7,PF03441,1.4e-87,293.0
NP_415236.1,DNA_photolyase,PF00875,4.4e-45,154.2
NP_415237.1,PTR2,PF00854,8.6e-103,344.8
NP_415237.1,MFS_1,PF07690,9.3e-18,64.8
NP_415238.1,DUF34_NIF3,PF01784,7e-65,219.8
NP_415239.1,CT_C_D,PF02682,2.9e-73,246.5
NP_415240.1,CT_A_B,PF02626,6.4e-95,318.3
NP_415241.1,LamB_YcsF,PF03746,4.6e-94,315.2
NP_415242.1,Fapy_DNA_glyco,PF01149,2.7e-14,54.4
NP_415242.1,H2TH,PF06831,7.9e-11,42.4
NP_415242.1,zf-FPG_IleRS,PF06827,1.1e-05,25.8
NP_415243.4,AbrB,PF05145,5e-99,331.8
NP_415245.1,PapD_N,PF00345,7.7e-35,120.2
NP_415245.1,PapD_C,PF02753,1.5e-14,54.6
NP_415246.2,Usher,PF00577,5.2e-189,630.2
NP_415246.2,PapC_N,PF13954,3.8e-35,121.6
NP_415246.2,PapC_C,PF13953,1.7e-11,44.4
NP_415247.1,Fimbrial,PF00419,2.2e-32,113.1
NP_415248.1,Citrate_synt,PF00285,1.2e-142,475.8
NP_415249.1,Sdh_cyt,PF01127,7e-31,107.4
NP_415250.1,Sdh_cyt,PF01127,2.4e-06,28.2
NP_415251.1,FAD_binding_2,PF00890,1.2e-119,400.8
NP_415251.1,Succ_DH_flav_C,PF02910,1.9e-40,138.4
NP_415252.1,Fer2_3,PF13085,4.5e-31,107.6
NP_415252.1,Fer4_17,PF13534,5.2e-11,43.5
NP_415252.1,Fer4_8,PF13183,4.8e-10,40.4
NP_415252.1,Fer4_10,PF13237,1.3e-08,35.2
NP_415254.1,OxoGdeHyase_C,PF16870,5.1e-54,182.7
NP_415254.1,Transket_pyr,PF02779,5.6e-53,179.7
NP_415254.1,E1_dh,PF00676,5.7e-45,154.1
NP_415254.1,2-oxogl_dehyd_N,PF16078,2.2e-15,56.5
NP_415255.1,2-oxoacid_dh,PF00198,2.4e-86,289.5
NP_415255.1,Biotin_lipoyl,PF00364,2.2e-15,56.8
NP_415255.1,E3_binding,PF02817,3.6e-12,46.9
NP_415256.1,ATP-grasp_2,PF08442,3.4e-83,278.8
NP_415256.1,Ligase_CoA,PF00549,9.2e-34,116.9
NP_415256.1,ATP-grasp_5,PF13549,6.8e-11,42.5
NP_415257.1,CoA_binding,PF02629,3.9e-32,111.5
NP_415257.1,Ligase_CoA,PF00549,5.9e-28,98.2
NP_415257.1,Succ_CoA_lig,PF13607,1.6e-12,48.0
NP_415257.1,CoA_binding_2,PF13380,8.8e-05,23.5
NP_415258.1,UTRA,PF07702,5.8e-38,130.4
NP_415258.1,GntR,PF00392,1.3e-24,86.2
NP_415259.1,PTS_EIIA_2,PF00359,2.9e-32,112.2
NP_415259.1,PTS_IIB,PF02302,1e-18,68.3
NP_415259.1,PTS_EIIC,PF02378,4.3e-11,43.1
NP_415260.1,Glyco_hydro_38N,PF01074,1.6e-39,136.6
NP_415260.1,Glyco_hydro_38C,PF07748,1.6e-13,51.9
NP_415260.1,Alpha-mann_mid,PF09261,3.7e-12,46.7
NP_415260.1,Glyco_hydro38C2,PF17677,9.8e-07,29.4
NP_415261.2,Cyt_bd_oxida_I,PF01654,1.2e-171,571.6
NP_415262.1,Cyt_bd_oxida_II,PF02322,1.1e-110,370.4
NP_415263.1,Cyd_oper_YbgE,PF09600,2.8e-34,118.0
NP_415264.1,4HBT,PF03061,1.8e-17,64.0
NP_415264.1,4HBT_2,PF13279,4e-17,63.4
NP_415264.1,Acyl-ACP_TE,PF01643,3.3e-06,27.5
NP_415265.1,MotA_ExbB,PF01618,1.8e-39,135.0
NP_415266.1,ExbD,PF02472,8.9e-22,78.1
NP_415267.1,TolA,PF06519,3.9e-40,136.5
NP_415268.1,PD40,PF07676,1.6e-36,124.1
NP_415268.1,TolB_N,PF04052,1.1e-30,106.5
NP_415268.1,Tricorn_N,PF26549,3.2e-27,96.1
NP_415268.1,DPPIV_N,PF00930,3.6e-12,46.3
NP_415268.1,Pectate_lyase22,PF14583,5.5e-09,35.8
NP_415268.1,Gmad1,PF10647,5e-06,27.1
NP_415269.1,OmpA,PF00691,1.3e-21,77.5
NP_415270.1,TPR_6,PF13174,1.5e-22,79.2
NP_415270.1,TolA_bind_tri,PF16331,4.7e-22,78.5
NP_415270.1,TPR_2,PF07719,2.1e-09,37.4
NP_415270.1,YfiO,PF13525,1e-06,29.2
NP_415270.1,TPR_14,PF13428,4.2e-05,24.4
NP_415271.1,NadA,PF02445,1.3e-107,359.9
NP_415272.1,NMN_transporter,PF04973,2.2e-49,168.4
NP_415273.1,Cation_efflux,PF01545,2.1e-51,175.1
NP_415273.1,ZT_dimer,PF16916,2.5e-12,47.2
NP_415274.1,YbgS,PF13985,8.5e-62,207.5
NP_415275.1,DAHP_synth_1,PF00793,6.8e-105,350.4
NP_415276.1,His_Phos_1,PF00300,3.2e-36,125.5
NP_415277.1,Aldose_epim,PF01263,2.2e-93,313.6
NP_415278.1,GalKase_gal_bdg,PF10509,2.4e-22,78.8
NP_415278.1,GHMP_kinases_N,PF00288,2.3e-21,76.4
NP_415278.1,GHMP_kinases_C,PF08544,4e-14,53.3
NP_415279.1,GalP_UDP_tr_C,PF02744,6e-79,264.1
NP_415279.1,GalP_UDP_transf,PF01087,1.1e-69,235.1
NP_415279.1,HIT,PF01230,5.2e-05,24.4
NP_415280.3,Epimerase,PF01370,8.5e-65,219.1
NP_415280.3,GDP_Man_Dehyd,PF16363,3.7e-64,217.9
NP_415280.3,3Beta_HSD,PF01073,5.2e-20,72.2
NP_415280.3,Polysacc_synt_2,PF02719,3e-18,66.6
NP_415280.3,RmlD_sub_bind,PF04321,1.9e-13,50.7
NP_415280.3,NmrA,PF05368,4.5e-11,43.5
NP_415280.3,NAD_binding_10,PF13460,4.9e-09,36.9
NP_415280.3,KR,PF08659,5.9e-07,30.2
NP_415280.3,NAD_binding_4,PF07993,1.2e-06,28.4
NP_415280.3,adh_short,PF00106,1.5e-06,28.4
NP_415281.1,ABC_tran,PF00005,4.8e-50,170.3
NP_415281.1,AAA_21,PF13304,5.3e-22,79.7
NP_415281.1,AAA_29,PF13555,3.9e-07,30.3
NP_415281.1,AAA_22,PF13401,5.3e-06,27.4
NP_415281.1,AAA,PF00004,0.00016,22.7
NP_415282.1,TOBE,PF03459,2.2e-31,108.4
NP_415283.1,AcrZ,PF10766,7.2e-30,102.9
NP_415284.1,SBP_bac_11,PF13531,3.8e-60,204.1
NP_415284.1,SBP_bac_1,PF01547,2.6e-25,90.6
NP_415285.1,BPD_transp_1,PF00528,2e-19,70.7
NP_415286.1,ABC_tran,PF00005,4.2e-34,118.7
NP_415286.1,TOBE,PF03459,7.2e-19,68.4
NP_415287.1,Hydrolase_3,PF08282,1.9e-64,218.5
NP_415287.1,S6PP,PF05116,9e-15,55.5
NP_415287.1,Hydrolase,PF00702,1.7e-14,55.2
NP_415287.1,HAD,PF12710,1.8e-08,35.6
NP_415288.1,Lactonase,PF10282,1.7e-93,314.2
NP_415288.1,SGL,PF08450,1e-07,32.4
NP_415288.1,Arylesterase,PF01731,2.7e-05,24.9
NP_415289.4,LysR_substrate,PF03466,3.7e-46,157.7
NP_415289.4,HTH_1,PF00126,1.2e-21,77.0
NP_415290.1,PrpF,PF04303,3.7e-168,559.8
NP_415291.1,Na_sulph_symp,PF00939,7.4e-195,649.0
NP_415291.1,CitMHS,PF03600,5.7e-21,75.6
NP_415292.2,Aconitase,PF00330,3.7e-83,280.6
NP_415292.2,Aconitase_C,PF00694,3.1e-06,28.2
NP_415293.1,Pectinesterase,PF01095,1.3e-13,50.9
NP_415294.1,PBP,PF01161,7.9e-42,143.4
NP_415295.1,Aminotran_3,PF00202,6.4e-131,437.3
NP_415296.1,BATS,PF06968,6.5e-31,106.9
NP_415296.1,Radical_SAM,PF04055,3.3e-25,89.8
NP_415297.1,Aminotran_1_2,PF00155,1.3e-71,242.3
NP_415298.1,Methyltransf_11,PF08241,5.7e-25,88.4
NP_415298.1,Methyltransf_25,PF13649,1.7e-20,74.1
NP_415298.1,Methyltransf_31,PF13847,1.1e-13,51.7
NP_415298.1,Methyltransf_12,PF08242,7.6e-13,49.6
NP_415298.1,Methyltransf_23,PF13489,1.7e-12,47.9
NP_415298.1,Ubie_methyltran,PF01209,6.2e-08,32.9
NP_415299.1,AAA_26,PF13500,4.1e-42,144.9
NP_415299.1,CbiA,PF01656,3.1e-18,66.5
NP_415299.1,DUF1611,PF07755,1.3e-06,28.6
NP_415300.1,UvrB_inter,PF17757,3.2e-33,114.3
NP_415300.1,UvrB_3rd,PF27431,2.6e-27,95.1
NP_415300.1,UvrB,PF12344,3.8e-22,78.4
NP_415300.1,Helicase_C,PF00271,1.8e-20,73.8
NP_415300.1,ResIII,PF04851,2.6e-11,44.3
NP_415300.1,DEAD,PF00270,1.4e-06,28.7
NP_415300.1,UVR,PF02151,1.2e-06,28.6
NP_415301.1,CofD,PF01933,2.2e-84,283.7
NP_415302.1,Mob_synth_C,PF06463,1.4e-39,135.5
NP_415302.1,Radical_SAM,PF04055,2.7e-35,122.6
NP_415302.1,Fer4_12,PF13353,2.1e-05,25.5
NP_415303.1,MoCF_biosynth,PF00994,3.3e-31,108.5
NP_415304.1,MoaC,PF01967,9.3e-59,197.9
NP_415305.1,ThiS,PF02597,1.7e-21,77.1
NP_415306.1,MoaE,PF02391,1.9e-38,131.7
NP_415307.1,Bax1-I,PF01027,2.9e-56,191.2
NP_415309.1,LPG_synthase_TM,PF03706,9.9e-15,55.4
NP_415310.1,PLDc_2,PF13091,7.3e-45,152.6
NP_415310.1,PLDc,PF00614,3.5e-12,46.3
NP_415311.1,Exo_endo_phos,PF03372,5.8e-24,85.6
NP_415312.1,YbhQ,PF11076,2.6e-73,244.8
NP_415313.1,ABC2_membrane_3,PF12698,3.3e-51,175.0
NP_415313.1,ABC2_membrane,PF01061,7.1e-35,121.1
NP_415313.1,ABC2_membrane_2,PF12679,8.4e-18,65.2
NP_415314.1,ABC2_membrane_3,PF12698,2.4e-39,136.0
NP_415314.1,ABC2_membrane,PF01061,1.8e-23,83.8
NP_415314.1,ABC2_membrane_2,PF12679,6.1e-18,65.7
NP_415315.4,ABC_tran,PF00005,8.8e-61,205.1
NP_415315.4,AAA_21,PF13304,5.4e-17,63.3
NP_415315.4,AAA_29,PF13555,6.2e-07,29.7
NP_415315.4,AAA,PF00004,0.00018,22.6
NP_415316.1,HH_YBHG,PF25881,4.2e-67,224.9
NP_415316.1,BSH_RND,PF25917,6.6e-09,36.1
NP_415316.1,Beta-barrel_RND_2,PF25954,6.9e-08,33.2
NP_415316.1,HH_MFP_RND,PF25876,1.8e-07,31.9
NP_415317.4,CecR_C,PF09209,4.8e-35,120.9
NP_415317.4,TetR_N,PF00440,2.7e-14,53.3
NP_415318.1,DEAD,PF00270,2.8e-50,170.9
NP_415318.1,Helicase_C,PF00271,6.5e-31,107.4
NP_415318.1,ResIII,PF04851,7.3e-08,33.1
NP_415319.1,NADAR,PF08719,1.4e-38,133.3
NP_415320.1,Helicase_C_2,PF13307,7.8e-35,121.0
NP_415320.1,DEAD,PF00270,2.5e-09,37.7
NP_415320.1,DEAD_2,PF06733,1.4e-07,32.0
NP_415320.1,ResIII,PF04851,7.6e-07,29.8
NP_415321.1,Glycos_trans_3N,PF02885,1.4e-13,51.0
NP_415322.1,Ldh_2,PF02615,4.3e-112,375.1
NP_415323.1,YdgH_BhsA-like,PF07338,7.8e-18,64.8
NP_415324.1,zf-dskA_traR,PF01258,4.6e-12,46.3
NP_415325.4,PKHD_C,PF18331,1.1e-18,67.6
NP_415325.4,2OG-FeII_Oxy_3,PF13640,2.6e-14,54.5
NP_415326.1,TonB_dep_Rec_b-barrel,PF00593,9e-55,187.9
NP_415326.1,Plug,PF07715,3.3e-22,79.6
NP_415327.2,YdgH_BhsA-like,PF07338,2.2e-19,69.8
NP_415328.4,Methyltransf_10,PF05971,1e-154,514.8
NP_415329.4,MS_channel_TM1,PF25392,5.5e-24,84.6
NP_415329.4,MS_channel_2nd,PF00924,4.6e-18,65.7
NP_415329.4,MS_channel_3rd,PF21082,8.1e-14,52.4
NP_415329.4,MS_channel_1st,PF21088,1.1e-10,41.9
NP_415330.1,ABC_tran,PF00005,3.2e-38,132.0
NP_415330.1,AAA_21,PF13304,1.4e-13,52.1
NP_415330.1,ABC_ATPase,PF09818,2.6e-05,24.0
NP_415331.1,BPD_transp_1,PF00528,4.9e-29,102.0
NP_415332.1,SBP_bac_3,PF00497,1.9e-44,151.2
NP_415332.1,Lig_chan-Glu_bd,PF10613,1.9e-13,51.1
NP_415333.1,Ferritin,PF00210,1.6e-20,74.0
NP_415334.1,EamA,PF00892,2.6e-22,80.1
NP_415335.1,OMP_b-brl,PF13505,1.5e-24,87.7
NP_415335.1,Ail_Lom,PF06316,2.9e-23,83.2
NP_415336.1,Sulfatase,PF00884,3.9e-57,194.4
NP_415338.1,Fe_dep_repr_C,PF02742,3.6e-14,53.1
NP_415338.1,Fe_dep_repress,PF01325,1e-10,42.2
NP_415338.1,MarR,PF01047,1.5e-06,28.5
NP_415338.1,HTH_24,PF13412,2.6e-05,24.3
NP_415339.1,CitMHS,PF03600,1.2e-42,146.8
NP_415339.1,Na_sulph_symp,PF00939,1.5e-07,31.4
NP_415340.1,Ldt_C,PF17969,5.6e-24,85.2
NP_415340.1,YkuD,PF03734,1.5e-20,74.8
NP_415341.1,ABC_tran,PF00005,6.8e-48,163.3
NP_415341.1,ABC_tran_Xtn,PF12848,5.4e-24,84.7
NP_415341.1,AAA_21,PF13304,4.1e-14,53.8
NP_415341.1,AAA_29,PF13555,3e-06,27.5
NP_415341.1,RNA_helicase,PF00910,0.00014,22.9
NP_415341.1,MMR_HSR1,PF01926,0.00017,22.3
NP_415342.1,Gig2-like,PF07350,5.8e-156,519.9
NP_415343.1,Hydrolase_3,PF08282,5.5e-53,180.9
NP_415343.1,S6PP,PF05116,9.8e-16,58.7
NP_415343.1,Hydrolase,PF00702,1.1e-08,36.3
NP_415344.1,PFL-like,PF02901,6.1e-208,693.1
NP_415344.1,Gly_radical,PF01228,2.6e-32,112.0
NP_415345.2,Radical_SAM,PF04055,9.6e-14,52.5
NP_415345.2,Fer4_12,PF13353,1.6e-11,45.2
NP_415346.4,TAL_FSA,PF00923,3.9e-49,168.1
NP_415347.1,ThiF,PF00899,3.4e-78,262.7
NP_415348.1,MoeA_N,PF03453,5.9e-51,172.9
NP_415348.1,MoCF_biosynth,PF00994,3.6e-32,111.6
NP_415348.1,MoeA_C,PF03454,2.9e-22,79.3
NP_415349.1,Asparaginase_2,PF01112,1.2e-117,393.1
NP_415350.2,ABC_tran,PF00005,1.6e-63,213.9
NP_415350.2,oligo_HPY,PF08352,1.2e-19,71.0
NP_415350.2,AAA_22,PF13401,6e-13,49.8
NP_415350.2,SMC_N,PF02463,9e-12,45.5
NP_415350.2,AAA_21,PF13304,2.6e-10,41.3
NP_415350.2,AAA_16,PF13191,2.6e-09,38.4
NP_415350.2,AAA_29,PF13555,9.2e-07,29.1
NP_415350.2,Zeta_toxin,PF06414,5.2e-05,23.4
NP_415351.1,SBP_bac_5,PF00496,2e-101,340.4
NP_415352.1,BPD_transp_1,PF00528,1.3e-42,146.2
NP_415352.1,BPD_transp_1_N,PF19300,1.8e-18,67.4
NP_415353.1,BPD_transp_1,PF00528,4.4e-33,115.1
NP_415353.1,OppC_N,PF12911,4.8e-17,62.2
NP_415354.1,CHASE9,PF17153,5.2e-79,262.6
NP_415354.1,EAL,PF00563,1.1e-69,235.0
NP_415355.1,GAPES2,PF17156,1.8e-143,475.9
NP_415355.1,GGDEF,PF00990,8.8e-25,87.9
NP_415356.1,Radical_SAM,PF04055,1.1e-27,97.8
NP_415356.1,TRAM_2,PF18693,1.7e-21,76.6
NP_415356.1,UPF0004,PF00919,1.8e-21,76.5
NP_415357.1,YliH,PF10799,2.1e-82,273.9
NP_415358.1,GSDH,PF07995,1.2e-134,449.5
NP_415359.4,GST_N,PF02798,6.7e-14,52.6
NP_415359.4,GST_N_2,PF13409,4.3e-13,50.3
NP_415359.4,GST_N_3,PF13417,5.5e-13,49.6
NP_415359.4,GST_C,PF00043,1.7e-11,44.8
NP_415359.4,GST_C_2,PF13410,3.2e-11,43.8
NP_415360.1,Peptidase_S11,PF00768,2.1e-107,358.6
NP_415360.1,PBP5_C,PF07943,2e-27,95.8
NP_415360.1,Beta-lactamase2,PF13354,3.1e-14,53.4
NP_415361.1,DeoRC,PF00455,7.2e-47,159.9
NP_415361.1,HTH_DeoR,PF08220,4.6e-15,55.7
NP_415362.1,PAP2,PF01569,4.2e-14,53.0
NP_415363.1,MFS_1,PF07690,7.5e-30,104.6
NP_415363.1,Sugar_tr,PF00083,4.3e-07,29.8
NP_415365.4,Hydrolase_3,PF08282,5.3e-54,184.2
NP_415365.4,Hydrolase,PF00702,1.3e-12,49.1
NP_415365.4,S6PP,PF05116,4.6e-12,46.6
NP_415365.4,HAD,PF12710,3e-06,28.3
NP_415366.1,MFS_1,PF07690,1.1e-33,117.1
NP_415367.1,TetR_C_31,PF17940,1.8e-09,38.3
NP_415367.1,TetR_N,PF00440,1.5e-07,31.6
NP_415368.1,Asp-Al_Ex,PF06826,8.9e-82,273.5
NP_415368.1,TrkA_C,PF02080,8.7e-22,77.4
NP_415369.1,YbjM,PF11045,3.4e-46,156.6
NP_415370.1,Glutaredoxin,PF00462,9.1e-14,52.0
NP_415371.1,DUF1418,PF07214,1.8e-42,143.6
NP_415372.1,Nitroreductase_C,PF28600,3.3e-22,79.6
NP_415372.1,Nitroreductase,PF00881,7.8e-19,69.1
NP_415373.1,RimK,PF08443,5e-85,284.5
NP_415373.1,Rimk_N,PF18030,1.8e-40,137.7
NP_415373.1,GSH-S_ATP,PF02955,6.9e-17,62.0
NP_415373.1,ATP-grasp_3,PF02655,1.4e-08,35.5
NP_415373.1,ATPgrasp_ST,PF14397,9.6e-08,32.1
NP_415373.1,Dala_Dala_lig_C,PF07478,3.4e-06,27.3
NP_415374.1,YbjN,PF10722,3.3e-20,73.2
NP_415375.1,SBP_bac_8,PF13416,3.9e-29,102.9
NP_415375.1,SBP_bac_6,PF13343,2.3e-21,77.0
NP_415375.1,SBP_bac_1,PF01547,5.7e-20,73.1
NP_415375.1,SBP_bac_11,PF13531,5.5e-08,33.4
NP_415376.4,ABC_tran,PF00005,2.3e-39,135.7
NP_415376.4,TOBE_2,PF08402,1.7e-20,73.5
NP_415376.4,AAA_21,PF13304,2.5e-06,28.3
NP_415377.1,BPD_transp_1,PF00528,2.4e-21,76.9
NP_415378.1,BPD_transp_1,PF00528,4.7e-14,53.1
NP_415379.1,YbjO_DH-like,PF10767,5.4e-63,211.9
NP_415380.1,tRNA_U5-meth_tr,PF05958,7.3e-19,68.6
NP_415380.1,Methyltransf_31,PF13847,5e-07,30.2
NP_415380.1,MTS,PF05175,2.7e-05,24.4
NP_415381.1,SBP_bac_3,PF00497,4.9e-43,146.6
NP_415382.1,BPD_transp_1,PF00528,8.6e-15,55.5
NP_415383.1,BPD_transp_1,PF00528,1.1e-16,61.6
NP_415384.1,SBP_bac_3,PF00497,5.1e-41,140.1
NP_415385.1,ABC_tran,PF00005,1.1e-38,133.5
NP_415385.1,AAA_21,PF13304,5.9e-13,50.0
NP_415386.1,DUF3828,PF12883,5.1e-33,114.6
NP_415387.1,YbjQ_1,PF01906,9e-39,132.8
NP_415388.1,Amidase_2,PF01510,2.4e-30,106.1
NP_415389.2,Epimerase,PF01370,5.9e-30,105.0
NP_415389.2,3Beta_HSD,PF01073,5.6e-17,62.3
NP_415389.2,RmlD_sub_bind,PF04321,1.1e-10,41.7
NP_415389.2,GDP_Man_Dehyd,PF16363,1.5e-09,38.4
NP_415389.2,NAD_binding_10,PF13460,2.3e-09,38.0
NP_415389.2,adh_short,PF00106,1.6e-06,28.3
NP_415389.2,NAD_binding_4,PF07993,1.4e-06,28.2
NP_415390.4,NAD_binding_10,PF13460,8.2e-16,59.0
NP_415390.4,Epimerase,PF01370,3.4e-15,56.7
NP_415390.4,DUF2867,PF11066,9.1e-15,55.8
NP_415390.4,NmrA,PF05368,5e-11,43.3
NP_415390.4,3Beta_HSD,PF01073,1.7e-05,24.6
NP_415391.1,Beta_elim_lyase,PF01212,1.5e-110,369.7
NP_415391.1,Aminotran_1_2,PF00155,7.4e-10,39.1
NP_415392.1,TPP_enzyme_C,PF02775,2.7e-43,147.9
NP_415392.1,TPP_enzyme_M,PF00205,1.8e-34,119.0
NP_415392.1,TPP_enzyme_N,PF02776,2e-31,108.8
NP_415393.1,Fer2,PF00111,4.1e-17,62.5
NP_415393.1,NAD_binding_1,PF00175,1.8e-07,32.4
NP_415393.1,FAD_binding_6,PF00970,5.6e-06,27.3
NP_415394.4,Prismane,PF03063,5.7e-152,507.5
NP_415395.2,Lys_export,PF03956,1.6e-60,204.6
NP_415396.1,MIP,PF00230,1.7e-51,175.8
NP_415397.1,DUF2813,PF11398,2e-160,534.8
NP_415397.1,OLD-like_TOPRIM,PF20469,3.4e-16,60.1
NP_415397.1,AAA_15,PF13175,4.7e-12,46.7
NP_415397.1,AAA_21,PF13304,7.1e-10,39.9
NP_415398.1,DUF535,PF04393,1e-102,343.9
NP_415399.4,Beta-barrel_RND,PF25944,2.6e-26,92.4
NP_415399.4,BSH_RND,PF25917,6e-24,84.3
NP_415399.4,HH_MFP_RND,PF25876,3.4e-23,82.3
NP_415399.4,RND-MFP_C,PF25967,5.3e-23,81.3
NP_415399.4,Beta-barrel_RND_2,PF25954,5.9e-09,36.6
NP_415399.4,BSH_CzcB,PF25973,7.5e-08,32.8
NP_415400.1,MacB_PCD,PF12704,2.6e-47,162.4
NP_415400.1,ABC_tran,PF00005,1.1e-33,117.4
NP_415400.1,FtsX,PF02687,6.6e-19,68.7
NP_415401.1,CSD,PF00313,5e-29,100.6
NP_415402.1,ClpS,PF02617,5.7e-36,122.7
NP_415403.1,AAA_2,PF07724,2.9e-64,216.7
NP_415403.1,Clp_N,PF02861,1.8e-30,106.4
NP_415403.1,AAA_lid_9,PF17871,4.1e-29,101.1
NP_415403.1,ClpB_D2-small,PF10431,9.5e-27,93.4
NP_415403.1,AAA,PF00004,7.5e-26,91.7
NP_415403.1,AAA_5,PF07728,3e-19,70.0
NP_415403.1,Sigma54_activat,PF00158,3.7e-11,43.6
NP_415403.1,AAA_22,PF13401,2.9e-10,41.2
NP_415403.1,TniB,PF05621,3.5e-10,40.3
NP_415403.1,AAA_16,PF13191,2.4e-09,38.5
NP_415403.1,ResIII,PF04851,2.3e-06,28.2
NP_415403.1,TIP49,PF06068,3.3e-05,23.8
NP_415404.1,eIF-1a,PF01176,7.3e-29,99.8
NP_415405.1,Leu_Phe_trans,PF03588,6.3e-72,241.1
NP_415406.1,ABC_tran,PF00005,3.2e-33,115.8
NP_415406.1,ABC_membrane,PF00664,1.5e-11,45.1
NP_415406.1,AAA_21,PF13304,7.6e-08,33.2
NP_415407.1,ABC_membrane,PF00664,2.9e-51,175.3
NP_415407.1,ABC_tran,PF00005,5e-30,105.5
NP_415407.1,AAA_21,PF13304,1.4e-09,38.9
NP_415408.1,Pyr_redox_2,PF07992,6.2e-54,184.0
NP_415408.1,Pyr_redox_3,PF13738,7.7e-21,75.2
NP_415408.1,Pyr_redox,PF00070,3.1e-18,66.6
NP_415408.1,FAD_binding_2,PF00890,2.1e-06,27.8
NP_415408.1,GIDA,PF01134,3e-05,23.8
NP_415409.1,AsnC_trans_reg,PF01037,2.8e-29,101.4
NP_415409.1,HTH_24,PF13412,3.6e-22,78.3
NP_415409.1,HTH_AsnC-type,PF13404,6.9e-20,71.2
NP_415410.1,FtsK_SpoIIIE,PF01580,9.5e-88,293.9
NP_415410.1,FtsK_4TM,PF13491,5.7e-42,143.9
NP_415410.1,FtsK_alpha,PF17854,4.6e-30,104.4
NP_415410.1,FtsK_gamma,PF09397,1.1e-28,99.3
NP_415411.2,LolA,PF03548,1.9e-60,203.9
NP_415412.1,MgsA_C,PF12002,4e-64,216.1
NP_415412.1,AAA_assoc_2,PF16193,7.9e-25,87.5
NP_415412.1,AAA,PF00004,1.8e-19,71.1
NP_415412.1,RuvB_N,PF05496,6e-15,55.9
NP_415412.1,AAA_16,PF13191,1.1e-07,33.1
NP_415412.1,AAA_5,PF07728,1.3e-07,32.3
NP_415412.1,Mg_chelatase,PF01078,5.6e-07,29.7
NP_415412.1,Sigma54_activat,PF00158,5.3e-05,23.6
NP_415413.1,tRNA-synt_2b,PF00587,3.3e-43,148.4
NP_415413.1,Seryl_tRNA_N,PF02403,2.1e-34,118.6
NP_415414.4,Molybdopterin,PF00384,1e-83,281.9
NP_415414.4,Molydop_binding,PF01568,2.3e-28,99.0
NP_415414.4,Molybdop_Fe4S4,PF04879,2.1e-16,60.2
NP_415415.1,Fer4_11,PF13247,2.1e-29,102.2
NP_415415.1,Fer4_6,PF12837,6.5e-14,51.7
NP_415415.1,Fer4,PF00037,1.2e-12,47.6
NP_415415.1,Fer4_2,PF12797,1.2e-12,47.4
NP_415415.1,Fer4_7,PF12838,2.2e-10,41.4
NP_415415.1,Fer4_9,PF13187,3.6e-10,40.3
NP_415415.1,Fer4_10,PF13237,6.6e-10,39.4
NP_415416.1,DmsC,PF04976,1.8e-126,421.8
NP_415417.1,Isochorismatase,PF00857,1.6e-21,77.8
NP_415418.1,MFS_1,PF07690,3e-40,138.8
NP_415418.1,MFS_4,PF06779,1.4e-08,35.1
NP_415418.1,Sugar_tr,PF00083,2.9e-07,30.3
NP_415419.2,AA_permease_2,PF13520,2.5e-28,99.8
NP_415419.2,AA_permease,PF00324,7.6e-15,55.1
NP_415420.1,LysR_substrate,PF03466,5.5e-33,114.7
NP_415420.1,HTH_1,PF00126,9e-21,74.2
NP_415421.1,Flavodoxin_2,PF02525,4.3e-40,138.1
NP_415421.1,FMN_red,PF03358,2.4e-11,44.0
NP_415422.1,Radical_SAM,PF04055,3.6e-28,99.4
NP_415422.1,Fer4_12,PF13353,2.1e-17,64.3
NP_415423.1,PFL-like,PF02901,1.4e-220,734.9
NP_415423.1,Gly_radical,PF01228,4.1e-36,124.3
NP_415424.1,Form_Nir_trans,PF01226,4.2e-78,262.6
NP_415425.4,YcaO,PF02624,3.7e-76,257.1
NP_415425.4,YcaO_C,PF18381,2.5e-65,220.2
NP_415426.1,DUF421,PF04239,3.9e-16,59.3
NP_415427.1,Aminotran_5,PF00266,5.1e-72,243.5
NP_415428.1,EPSP_synthase,PF00275,9.1e-148,493.0
NP_415429.2,Peptidase_M48,PF01435,5.8e-28,98.6
NP_415430.1,Cytidylate_kin,PF02224,3e-87,292.4
NP_415430.1,Cytidylate_kin2,PF13189,1.6e-06,29.0
NP_415431.1,S1,PF00575,1.2e-103,340.2
NP_415431.1,S1_RRP5,PF23459,3.3e-23,82.6
NP_415431.1,Spt6_S1,PF21710,6.1e-17,62.3
NP_415431.1,PCB_OB,PF17092,6e-07,30.8
NP_415432.1,Bac_DNA_binding,PF00216,4.4e-31,107.5
NP_415432.1,HU-HIG,PF18291,2.9e-07,31.1
NP_415433.4,Competence,PF03772,3.9e-53,181.1
NP_415433.4,Lactamase_B,PF00753,2.2e-23,83.8
NP_415434.1,ABC_membrane,PF00664,1.5e-63,215.7
NP_415434.1,ABC_tran,PF00005,4.7e-36,125.0
NP_415435.1,LpxK,PF02606,1e-115,387.0
NP_415436.1,AlkZ-like,PF06224,4.6e-80,270.3
NP_415437.1,Trm112p,PF03966,1.5e-16,60.6
NP_415438.1,CTP_transf_3,PF02348,2.7e-80,269.8
NP_415438.1,NTP_transf_3,PF12804,4e-13,50.4
NP_415439.1,APH,PF01636,2.5e-06,28.0
NP_415440.1,DUF218,PF02698,8.3e-31,107.2
NP_415441.1,Methyltransf_31,PF13847,4.9e-19,69.2
NP_415441.1,Methyltransf_11,PF08241,6.8e-19,68.9
NP_415441.1,Methyltransf_25,PF13649,1.9e-18,67.5
NP_415441.1,Methyltransf_12,PF08242,7.8e-17,62.4
NP_415441.1,Methyltransf_23,PF13489,1.8e-16,60.9
NP_415441.1,Ubie_methyltran,PF01209,1.5e-10,41.4
NP_415441.1,Methyltransf_24,PF13578,3e-06,28.7
NP_415441.1,Methyltransf_15,PF09445,3.9e-06,27.1
NP_415441.1,MTS,PF05175,1.2e-05,25.6
NP_415442.1,MukF_M,PF17192,4.5e-85,284.0
NP_415442.1,MukF_C,PF17193,1.2e-80,269.9
NP_415442.1,WHD_KicB,PF03882,7e-58,194.4
NP_415443.2,MukE,PF04288,3e-127,422.8
NP_415443.2,MksE,PF21980,4e-51,174.2
NP_415444.1,MukB,PF04310,1.8e-122,407.9
NP_415444.1,MukB_hinge,PF16330,5.9e-67,225.1
NP_415444.1,SbcC_Walker_B,PF13558,2.5e-11,44.3
NP_415444.1,AAA_29,PF13555,1.1e-07,32.1
NP_415445.1,YkuD,PF03734,5.3e-28,99.0
NP_415445.1,Scaffold,PF20142,1.2e-17,65.5
NP_415445.1,PG_binding_1,PF01471,1.1e-09,38.9
NP_415446.1,Peptidase_M15_2,PF05951,3.1e-61,206.2
NP_415446.1,Peptidase_M15_3,PF08291,6.1e-13,49.4
NP_415447.1,Lactamase_B,PF00753,2.3e-41,142.5
NP_415448.1,Aminotran_1_2,PF00155,6.6e-99,332.1
NP_415449.1,Porin_1,PF00267,9.5e-139,463.1
NP_415449.1,Porin_4,PF13609,5.3e-20,73.0
NP_415450.1,tRNA-synt_2,PF00152,4.5e-64,217.0
NP_415450.1,tRNA_anti-codon,PF01336,1.4e-14,54.4
NP_415451.1,NAPRTase,PF04095,6.4e-94,314.8
NP_415451.1,NAPRTase_N,PF17767,2.1e-37,128.8
NP_415452.1,DUF3458_C,PF17432,6.5e-119,397.7
NP_415452.1,Peptidase_M1,PF01433,3.5e-59,200.6
NP_415452.1,DUF3458,PF11940,3.6e-33,114.4
NP_415452.1,Peptidase_M1_N,PF17900,1.8e-19,71.2
NP_415453.1,ABC_tran,PF00005,1.6e-30,107.1
NP_415454.4,BPD_transp_1,PF00528,2.1e-31,109.7
NP_415455.1,Bac_luciferase,PF00296,3.2e-73,247.4
NP_415456.4,NMT1,PF09084,2.7e-12,47.6
NP_415456.4,Phosphonate-bd,PF12974,3.1e-10,40.4
NP_415456.4,NMT1_2,PF13379,3.8e-09,37.4
NP_415456.4,OpuAC,PF04069,1.8e-08,34.9
NP_415457.1,FMN_red,PF03358,4.5e-36,124.3
NP_415457.1,Flavodoxin_2,PF02525,2.6e-07,31.1
NP_415458.2,Fimbrial,PF00419,1.7e-17,64.7
NP_415459.1,PapD_N,PF00345,1.9e-36,125.4
NP_415459.1,PapD_C,PF02753,9.5e-15,55.2
NP_415460.1,Usher,PF00577,5.9e-223,742.3
NP_415460.1,PapC_N,PF13954,4e-49,166.9
NP_415460.1,PapC_C,PF13953,8.8e-18,64.5
NP_415461.1,Fimbrial,PF00419,4.6e-29,102.3
NP_415462.1,Fimbrial,PF00419,8.9e-15,55.9
NP_415463.2,Fimbrial,PF00419,1e-19,72.0
NP_415464.4,PapD_N,PF00345,1.1e-26,93.9
NP_415464.4,PapD_C,PF02753,5.8e-14,52.7
NP_415465.1,DHO_dh,PF01180,7.4e-86,288.5
NP_415466.4,ZapC_N,PF21083,2.1e-37,127.8
NP_415466.4,ZapC_C,PF07126,5.7e-26,91.1
NP_415467.1,MOSC_N,PF03476,9.8e-34,116.3
NP_415467.1,MOSC,PF03473,8.8e-24,84.4
NP_415467.1,Fer2,PF00111,2.4e-15,56.8
NP_415468.1,UPF0020,PF01170,2.5e-68,230.2
NP_415468.1,RlmL_1st,PF22020,2.3e-19,69.7
NP_415468.1,Methyltrans_SAM,PF10672,7.9e-19,68.5
NP_415468.1,THUMP,PF02926,2.6e-16,60.4
NP_415468.1,Cons_hypoth95,PF03602,2.5e-14,53.9
NP_415468.1,Methyltransf_31,PF13847,1e-11,45.4
NP_415468.1,Methyltransf_25,PF13649,4.9e-09,37.4
NP_415468.1,Methyltransf_11,PF08241,1.6e-06,29.2
NP_415468.1,MTS,PF05175,1.2e-06,28.8
NP_415468.1,Methyltransf_15,PF09445,7e-05,23.1
NP_415469.1,ABC_tran,PF00005,1.1e-49,169.1
NP_415469.1,AAA_21,PF13304,5e-21,76.5
NP_415469.1,ABC_tran_CTD,PF16326,2.8e-21,76.0
NP_415469.1,SMC_N,PF02463,2.7e-12,47.2
NP_415469.1,ABC_tran_Xtn,PF12848,6.1e-12,46.0
NP_415469.1,AAA_22,PF13401,8.5e-11,42.9
NP_415469.1,AAA_15,PF13175,7.9e-09,36.1
NP_415469.1,AAA_23,PF13476,8e-08,33.7
NP_415469.1,AAA_30,PF13604,2.7e-07,31.1
NP_415469.1,AAA_29,PF13555,2.4e-07,31.0
NP_415469.1,RsgA_GTPase,PF03193,4.2e-07,30.5
NP_415469.1,AAA_18,PF13238,1.3e-06,29.5
NP_415469.1,AAA_28,PF13521,1.3e-06,29.3
NP_415469.1,TsaE,PF02367,4e-06,27.4
NP_415469.1,AAA,PF00004,7.2e-06,27.1
NP_415469.1,RNA_helicase,PF00910,3.3e-05,24.9
NP_415469.1,MMR_HSR1,PF01926,2.6e-05,24.9
NP_415469.1,PduV-EutP,PF10662,0.00033,21.1
NP_415470.1,PqiA,PF04403,1e-92,308.7
NP_415471.1,MlaD,PF02470,3e-37,127.3
NP_415472.2,ABC_trans_aux,PF03886,4.2e-40,137.6
NP_415473.1,RMF,PF04957,4e-22,78.6
NP_415474.1,FabA,PF07977,5.3e-53,178.9
NP_415474.1,ApeI-like,PF22818,9.8e-09,35.7
NP_415475.1,AAA_32,PF13654,6e-14,52.8
NP_415475.1,Lon_C,PF05362,3e-10,40.6
NP_415476.1,MatP,PF06303,4.9e-44,149.3
NP_415476.1,MatP_C,PF17414,9.1e-32,109.8
NP_415477.1,OmpA_membrane,PF01389,3.3e-79,265.4
NP_415477.1,OmpA,PF00691,4.6e-24,85.3
NP_415477.1,OMP_b-brl,PF13505,1.2e-21,78.3
NP_415478.1,SulA,PF03846,7e-51,171.0
NP_415479.1,TfoX_C,PF04994,1.3e-27,96.3
NP_415479.1,TfoX_N,PF04993,1.2e-25,90.0
NP_415480.2,FUSC-like,PF12805,5.3e-112,374.1
NP_415480.2,FUSC_2,PF13515,7e-29,101.1
NP_415480.2,FUSC,PF04632,3e-10,39.9
NP_415481.1,YccF,PF03733,1e-27,97.1
NP_415482.1,Helicase_IV_N,PF12462,6.4e-68,228.4
NP_415482.1,UvrD-helicase,PF00580,4.6e-49,168.1
NP_415482.1,AAA_19,PF13245,9.1e-22,78.3
NP_415482.1,UvrD_C,PF13361,1.2e-13,51.8
NP_415482.1,UvrD_C_2,PF13538,2.4e-10,40.7
NP_415482.1,AAA_30,PF13604,8.5e-07,29.5
NP_415483.2,MGS,PF02142,1.2e-17,64.4
NP_415484.1,DUF2057,PF09829,2e-49,168.9
NP_415485.4,CoA_binding_2,PF13380,2.2e-41,141.5
NP_415485.4,CoA_binding,PF02629,7.8e-05,23.9
NP_415486.4,YccV-like,PF08755,1.3e-20,74.2
NP_415487.4,Methyltrans_SAM,PF10672,9.4e-24,84.7
NP_415487.4,PUA_3,PF17785,6.4e-20,71.3
NP_415487.4,Cons_hypoth95,PF03602,3.1e-12,47.1
NP_415487.4,Methyltransf_31,PF13847,2.9e-09,37.4
NP_415487.4,MTS,PF05175,2.7e-06,27.7
NP_415487.4,Methyltransf_15,PF09445,0.00014,22.1
NP_415487.4,Methyltransf_11,PF08241,0.00036,21.7
NP_415488.1,Acylphosphatase,PF00708,1.1e-26,93.5
NP_415489.4,DsrC,PF04358,6.5e-45,152.5
NP_415490.1,Bax1-I,PF01027,4e-55,187.5
NP_415491.1,NiFe_hyd_SSU_C,PF14720,3.4e-31,108.0
NP_415491.1,Oxidored_q6,PF01058,4.7e-26,91.6
NP_415492.1,NiFeSe_Hases,PF00374,8.5e-222,738.2
NP_415492.1,HoxH,PF27537,5.9e-07,30.1
NP_415493.1,Ni_hydr_CYTB,PF01292,9e-39,133.7
NP_415494.1,HycI,PF01750,1.6e-41,141.8
NP_415495.1,HyaE,PF07449,1.9e-46,157.2
NP_415496.1,HupH_C,PF04809,2.2e-43,147.4
NP_415497.1,Cyt_bd_oxida_I,PF01654,1.8e-174,580.8
NP_415498.1,Cyt_bd_oxida_II,PF02322,9.2e-97,324.6
NP_415500.1,His_Phos_2,PF00328,4.5e-55,188.1
NP_415501.1,GNVR,PF13807,1.4e-32,112.0
NP_415501.1,Wzz,PF02706,1.7e-26,93.0
NP_415501.1,WZC_N,PF23607,3.5e-18,66.6
NP_415501.1,AAA_31,PF13614,9.7e-10,39.2
NP_415501.1,AAA_26,PF13500,2.2e-06,28.3
NP_415501.1,CbiA,PF01656,4.5e-06,27.2
NP_415502.4,LMWPc,PF01451,8.8e-37,127.1
NP_415503.1,SLBB_2,PF22461,1.5e-50,169.7
NP_415503.1,Poly_export,PF02563,7e-26,90.8
NP_415503.1,SLBB,PF10531,5.2e-16,58.8
NP_415503.1,Wza_C,PF18412,2e-15,56.8
NP_415504.1,YjbH,PF06082,8.3e-270,897.8
NP_415505.1,Caps_syn_GfcC_N,PF20616,5.6e-51,172.7
NP_415505.1,Caps_syn_GfcC_C,PF06251,1.5e-40,137.7
NP_415506.1,YjbF,PF11102,1.6e-69,233.9
NP_415508.1,DDE_Tnp_IS1,PF03400,1.5e-77,258.8
NP_415509.1,CSD,PF00313,3.8e-23,81.7
NP_415510.1,CSD,PF00313,1.9e-33,114.7
NP_415510.1,OB_RNB,PF08206,2.8e-05,24.3
NP_415511.1,YmcE_antitoxin,PF15939,1.7e-56,188.9
NP_415512.1,Fer4_5,PF12801,5.8e-23,81.2
NP_415512.1,Fer4,PF00037,5.1e-10,39.3
NP_415512.1,Fer4_10,PF13237,4.8e-08,33.4
NP_415512.1,Fer4_7,PF12838,8.2e-08,33.2
NP_415512.1,Fer4_6,PF12837,1.6e-07,31.5
NP_415512.1,Fer4_9,PF13187,3.4e-07,30.8
NP_415512.1,Fer4_3,PF12798,2.5e-06,28.4
NP_415512.1,Fer4_8,PF13183,6.2e-06,27.3
NP_415513.2,TorS_sensor_domain,PF21689,1.8e-87,294.0
NP_415513.2,HATPase_c,PF02518,7.2e-28,97.8
NP_415513.2,HisKA,PF00512,2.2e-18,66.6
NP_415513.2,Response_reg,PF00072,1.8e-14,54.4
NP_415513.2,Hpt,PF01627,3.1e-12,47.1
NP_415513.2,HAMP,PF00672,2.5e-07,31.5
NP_415514.1,Peripla_BP_1,PF00532,3.3e-87,293.1
NP_415514.1,Peripla_BP_4,PF13407,2e-22,80.5
NP_415515.1,Response_reg,PF00072,1.1e-28,100.1
NP_415515.1,Trans_reg_C,PF00486,1.8e-17,63.7
NP_415516.1,Cytochrom_NNT,PF03264,2.7e-71,239.5
NP_415516.1,Mtrc-MtrF_II-IV_dom,PF22113,3.8e-11,43.4
NP_415516.1,Cytochrome_C7,PF14522,6.7e-08,32.8
NP_415516.1,Paired_CXXCH_1,PF09699,7.7e-05,22.9
NP_415517.1,Molybdopterin,PF00384,1.7e-85,287.8
NP_415517.1,Molydop_binding,PF01568,7.2e-25,87.8
NP_415517.1,Molybdopterin_N,PF18364,3.5e-17,62.6
NP_415518.1,Nitrate_red_del,PF02613,6.6e-25,88.3
NP_415519.1,MerR_2,PF13591,2.9e-27,94.9
NP_415520.1,DnaJ_C,PF01556,1.4e-41,142.6
NP_415520.1,DnaJ,PF00226,1.5e-24,86.4
NP_415522.1,His_Phos_2,PF00328,2.2e-22,80.5
NP_415523.1,YccJ,PF13993,5.1e-40,136.1
NP_415524.1,FMN_red,PF03358,1.2e-15,58.0
NP_415524.1,Flavodoxin_1,PF00258,3.6e-10,40.7
NP_415524.1,Flavodoxin_5,PF12724,5e-06,27.5
NP_415525.2,KGG,PF10685,1.1e-18,67.7
NP_415526.4,Xan_ur_permease,PF00860,2.8e-104,349.5
NP_415527.4,Flavin_Reduct,PF01613,5.5e-39,134.3
NP_415528.1,Nitroreductase,PF00881,1.8e-13,51.6
NP_415529.1,Abhydrolase_1,PF00561,8e-25,88.5
NP_415529.1,Abhydrolase_6,PF12697,1.2e-19,72.4
NP_415529.1,Hydrolase_4,PF12146,1.4e-15,57.8
NP_415530.1,Ribonuc_L-PSP,PF01042,9e-35,119.9
NP_415531.2,Isochorismatase,PF00857,4.5e-42,144.7
NP_415532.3,Bac_luciferase,PF00296,1.4e-50,173.0
NP_415533.1,TetR_C_3,PF08362,2.3e-59,200.1
NP_415533.1,TetR_N,PF00440,9.6e-15,54.7
NP_415534.1,Aldedh,PF00171,1.5e-109,367.2
NP_415534.1,Pro_dh,PF01619,1.2e-106,356.9
NP_415534.1,Pro_dh-DNA_bdg,PF14850,2.2e-45,154.3
NP_415534.1,PutA_1st,PF21775,1.4e-21,76.2
NP_415534.1,PRODH,PF18327,9.7e-18,64.8
NP_415535.1,SSF,PF00474,1.5e-149,499.0
NP_415537.1,Peptidase_M75,PF09375,7.1e-42,144.5
NP_415537.1,Cupredoxin_1,PF13473,9.8e-25,87.2
NP_415538.1,Dyp_perox_C,PF20628,5.5e-56,189.5
NP_415538.1,Dyp_perox_N,PF04261,2.3e-48,164.5
NP_415539.1,PhoH,PF02562,3.2e-76,256.0
NP_415539.1,AAA_19,PF13245,1.6e-06,28.9
NP_415539.1,AAA_30,PF13604,1.7e-06,28.5
NP_415540.1,PgaD,PF13994,5.1e-16,59.5
NP_415541.1,Glycos_transf_2,PF00535,2.5e-39,135.5
NP_415541.1,Glyco_tranf_2_3,PF13641,1.6e-34,120.2
NP_415541.1,Glyco_trans_2_3,PF13632,1.8e-23,84.0
NP_415541.1,Glyco_transf_21,PF13506,7.5e-14,51.9
NP_415541.1,Glyco_tranf_2_2,PF10111,5.4e-10,39.8
NP_415541.1,Chitin_synth_2,PF03142,2.9e-08,33.4
NP_415542.1,GHL13,PF14883,7.4e-145,482.6
NP_415542.1,Polysacc_deac_1,PF01522,3.6e-23,82.4
NP_415543.1,PgaA_barrel,PF21197,2.4e-138,460.8
NP_415543.1,TPR_2,PF07719,3.4e-06,27.4
NP_415544.1,MASE4,PF17158,1.7e-71,240.9
NP_415544.1,GGDEF,PF00990,6e-51,173.0
NP_415545.1,rve,PF00665,8.8e-28,97.1
NP_415545.1,rve_2,PF13333,5.4e-22,78.2
NP_415545.1,HTH_21,PF13276,9.4e-12,45.6
NP_415545.1,rve_3,PF13683,2.3e-09,37.5
NP_415546.2,HTH_Tnp_1,PF01527,3.8e-10,40.4
NP_415551.2,2-Hacid_dh_C,PF02826,7.2e-46,156.3
NP_415551.2,NAD_binding_2,PF03446,1.4e-05,25.8
NP_415552.1,PHP,PF02811,2.1e-09,38.5
NP_415553.1,Nitrate_red_del,PF02613,6e-15,56.1
NP_415554.4,DUF1097,PF06496,1.8e-37,129.3
NP_415555.1,CsgG,PF03783,8.8e-93,310.6
NP_415556.1,CsgF,PF10614,4.6e-44,150.3
NP_415557.1,CsgE,PF10627,3.8e-32,111.3
NP_415558.1,GerE,PF00196,5.4e-21,74.6
NP_415558.1,VpsT-like_REC,PF21155,4.7e-06,27.4
NP_415559.1,Curlin_rpt,PF07012,1.4e-24,86.3
NP_415560.1,Curlin_rpt,PF07012,1.5e-27,95.8
NP_415561.1,Tafi-CsgC,PF10610,3.1e-54,181.8
NP_415562.1,YmdA,PF27184,8.6e-21,74.9
NP_415563.1,Macro,PF01661,2.5e-45,153.8
NP_415564.2,PLDc_2,PF13091,2.5e-40,137.9
NP_415564.2,PLDc,PF00614,9.4e-08,32.3
NP_415565.1,Acyl_transf_3,PF01757,7.5e-46,157.3
NP_415566.1,MdoG,PF04349,3.9e-199,663.1
NP_415567.1,Glycos_transf_2,PF00535,4.3e-20,72.9
NP_415567.1,Glyco_trans_2_3,PF13632,5.3e-11,43.3
NP_415567.1,Glyco_transf_21,PF13506,1.4e-05,24.7
NP_415568.1,DUF1375,PF07119,5.4e-08,33.6
NP_415569.4,MsyB,PF13984,5.7e-68,227.4
NP_415571.1,MFS_1,PF07690,4.6e-57,194.1
NP_415571.1,Sugar_tr,PF00083,2.5e-13,50.3
NP_415571.1,MFS_1_like,PF12832,5e-13,49.5
NP_415572.1,Lip_A_acyltrans,PF03279,2e-125,418.4
NP_415573.1,UPF0176_N,PF17773,1.9e-22,80.1
NP_415573.1,Rhodanese_C,PF12368,4.5e-21,75.5
NP_415573.1,Rhodanese,PF00581,1e-16,61.8
NP_415574.1,YceI,PF04264,3.2e-49,167.7
NP_415575.1,Ni_hydr_CYTB,PF01292,1.9e-31,109.9
NP_415576.1,DUF2770,PF10968,8.1e-19,67.8
NP_415577.1,DAO,PF01266,5.2e-52,178.1
NP_415577.1,Amino_oxidase,PF01593,0.00022,21.2
NP_415578.3,BssS,PF13991,9.4e-24,83.9
NP_415579.1,DinI,PF06183,2.3e-29,102.1
NP_415580.1,Amidohydro_1,PF01979,6.1e-21,75.6
NP_415581.1,DUF1439,PF07273,6e-53,179.3
NP_415582.1,Glutaredoxin2_C,PF04399,2.3e-48,163.9
NP_415582.1,GST_N_3,PF13417,5.5e-14,52.8
NP_415582.1,GST_N_2,PF13409,6.4e-12,46.5
NP_415583.4,MFS_1,PF07690,4.4e-36,125.1
NP_415584.1,Acetyltransf_3,PF13302,2.5e-20,74.2
NP_415584.1,Acetyltransf_1,PF00583,5.6e-11,43.3
NP_415584.1,Acetyltransf_4,PF13420,5.2e-09,36.9
NP_415585.1,DUF480,PF04337,3.2e-62,209.6
NP_415586.1,YceM-like_C,PF21378,5.7e-50,169.2
NP_415586.1,GFO_IDH_MocA,PF01408,3.9e-29,102.4
NP_415587.1,MurJ,PF03023,1.1e-165,552.2
NP_415588.1,FlgN,PF05130,1e-18,68.7
NP_415589.1,FlgM,PF04316,1.4e-09,38.6
NP_415590.1,ChapFlgA,PF13144,5.9e-25,88.3
NP_415590.1,SAF,PF08666,1.3e-10,42.2
NP_415591.1,Flg_bb_rod,PF00460,8.4e-13,48.6
NP_415592.1,Flg_bbr_C,PF06429,1e-14,54.4
NP_415592.1,Flg_bb_rod,PF00460,3.9e-10,40.1
NP_415593.1,FlgD,PF03963,6e-25,87.9
NP_415593.1,FlgD_ig,PF13860,1.5e-22,79.9
NP_415593.1,FLgD_tudor,PF13861,6.6e-15,55.7
NP_415594.1,FlgE_D2,PF07559,8.1e-23,82.1
NP_415594.1,Flg_bbr_C,PF06429,6.3e-17,61.4
NP_415594.1,LlgE_F_G_D1,PF22692,3.1e-13,50.2
NP_415594.1,Flg_bb_rod,PF00460,6.3e-07,29.8
NP_415595.1,Flg_bbr_C,PF06429,2.2e-17,62.9
NP_415595.1,LlgE_F_G_D1,PF22692,3.8e-12,46.8
NP_415595.1,Flg_bb_rod,PF00460,1.5e-10,41.4
NP_415596.1,LlgE_F_G_D1,PF22692,5.4e-29,100.7
NP_415596.1,Flg_bbr_C,PF06429,2.8e-22,78.5
NP_415596.1,Flg_bb_rod,PF00460,8.7e-10,38.9
NP_415597.1,FlgH,PF02107,8.7e-62,208.4
NP_415598.3,FlgI,PF02119,3.9e-139,463.9
NP_415599.1,Glucosaminidase,PF01832,3.1e-35,122.1
NP_415599.1,Rod-binding,PF10135,2.2e-18,67.1
NP_415600.1,FlgK_D1,PF22638,6.1e-79,265.5
NP_415600.1,flgK_1st_1,PF21158,3.8e-28,97.9
NP_415600.1,Flg_bb_rod,PF00460,3.3e-05,24.3
NP_415600.1,Flg_bbr_C,PF06429,3.6e-05,23.8
NP_415601.1,Flagellin_N,PF00669,1.5e-42,145.6
NP_415602.1,RNase_E_G,PF10150,4.2e-101,338.4
NP_415602.1,RNase_E_G_Thio,PF20833,2e-31,108.5
NP_415602.1,PNPase_C,PF12111,2.2e-17,62.8
NP_415602.1,S1,PF00575,1.1e-12,48.7
NP_415604.1,PseudoU_synth_2,PF00849,1.3e-28,100.7
NP_415604.1,S4,PF01479,3.8e-11,43.1
NP_415605.2,Maf,PF02545,1e-55,188.9
NP_415606.1,YceD,PF02620,4.3e-21,75.7
NP_415607.1,Ribosomal_L32p,PF01783,1.6e-20,73.6
NP_415608.2,FA_synthesis,PF02504,6.1e-133,443.5
NP_415609.1,ACP_syn_III_C,PF08541,1.1e-37,128.7
NP_415609.1,ACP_syn_III,PF08545,8.6e-30,103.1
NP_415610.1,Acyl_transf_1,PF00698,2.8e-40,139.3
NP_415611.1,adh_short_C2,PF13561,2e-66,224.5
NP_415611.1,adh_short,PF00106,2.1e-62,210.7
NP_415611.1,KR,PF08659,9.1e-21,75.2
NP_415611.1,Epimerase,PF01370,5e-06,26.7
NP_415612.1,PP-binding,PF00550,1.6e-16,60.9
NP_415613.1,ketoacyl-synt,PF00109,4.7e-61,207.2
NP_415613.1,Ketoacyl-synt_C,PF02801,5.9e-41,139.8
NP_415614.1,Aminotran_4,PF01063,1.5e-51,176.1
NP_415615.1,YceG,PF02618,2.1e-83,280.5
NP_415616.1,Thymidylate_kin,PF02223,1.2e-60,205.0
NP_415617.1,DNApol3-delta_C,PF09115,1.7e-38,132.2
NP_415617.1,DNA_pol3_delta2,PF13177,4.8e-38,131.3
NP_415617.1,HolB_lid,PF21500,5e-19,68.4
NP_415618.1,TatD_DNase,PF01026,2e-86,290.1
NP_415619.1,PTS_EIIC,PF02378,1.6e-85,287.6
NP_415619.1,PTS_EIIB,PF00367,3.3e-15,55.8
NP_415620.1,TonB_dep_Rec_b-barrel,PF00593,7.9e-53,181.4
NP_415620.1,Plug,PF07715,4.2e-19,69.6
NP_415621.3,HIT,PF01230,2.1e-31,109.1
NP_415621.3,DcpS_C,PF11969,9.1e-24,84.7
NP_415622.1,DUF1425,PF07233,3.3e-26,91.6
NP_415623.1,LpoB,PF13036,3.8e-37,128.0
NP_415624.1,APH,PF01636,2.8e-14,54.1
NP_415625.1,Glyco_hydro_3,PF00933,5e-112,375.0
NP_415626.4,UPF0227,PF05728,1.3e-77,260.5
NP_415627.1,Pyr_redox_2,PF07992,1e-64,219.3
NP_415627.1,Pyr_redox,PF00070,3.3e-16,60.1
NP_415627.1,DAO,PF01266,6.1e-10,39.8
NP_415627.1,NAD_binding_9,PF13454,2.3e-06,28.2
NP_415627.1,Lycopene_cycl,PF05834,2.9e-05,23.9
NP_415628.1,Rick_17kDa_Anti,PF05433,4.5e-11,43.0
NP_415629.4,TetR_N,PF00440,1.1e-15,57.7
NP_415629.4,TetR_C_13,PF16925,5.8e-09,36.9
NP_415630.1,YdgH_BhsA-like,PF07338,2.9e-20,72.6
NP_415631.1,Ldt_C,PF17969,1.4e-24,87.1
NP_415631.1,YkuD,PF03734,1.8e-22,81.0
NP_415631.1,LysM,PF01476,1e-05,26.0
NP_415632.1,TRCF,PF03461,2.3e-31,108.5
NP_415632.1,DEAD,PF00270,5.9e-29,101.5
NP_415632.1,MFD_D3,PF21132,2.1e-28,98.7
NP_415632.1,UvrB_inter,PF17757,5.5e-26,91.1
NP_415632.1,Helicase_C,PF00271,9.4e-23,81.2
NP_415632.1,CarD_TRCF_RID,PF02559,1.2e-19,70.7
NP_415632.1,ResIII,PF04851,6.1e-14,52.8
NP_415632.1,UB2H,PF14814,1.3e-06,29.0
NP_415632.1,Cas3-like_C_2,PF22590,4e-06,27.6
NP_415633.1,Acyl_transf_3,PF01757,2.2e-27,96.6
NP_415634.1,FtsX,PF02687,3.6e-17,63.1
NP_415634.1,MacB_PCD,PF12704,9e-14,52.8
NP_415635.4,ABC_tran,PF00005,1.5e-38,133.1
NP_415635.4,AAA_21,PF13304,2.1e-07,31.8
NP_415636.1,FtsX,PF02687,1.2e-18,67.9
NP_415636.1,MacB_PCD,PF12704,8.5e-18,66.0
NP_415637.1,ROK,PF00480,2.6e-71,241.1
NP_415637.1,Glucokinase,PF02685,3.8e-09,36.6
NP_415638.3,SIR2,PF02146,5e-54,183.6
NP_415639.1,TPM_phosphatase,PF04536,4.7e-07,30.3
NP_415640.2,DUF3592,PF12158,1.1e-06,29.8
NP_415641.1,SBP_bac_8,PF13416,3.3e-39,135.9
NP_415641.1,SBP_bac_6,PF13343,2.7e-31,109.5
NP_415641.1,SBP_bac_1,PF01547,2e-18,68.0
NP_415641.1,SBP_bac_11,PF13531,4.4e-14,53.4
NP_415641.1,Lipoprotein_8,PF02030,2.5e-09,37.0
NP_415642.1,BPD_transp_1,PF00528,2e-19,70.6
NP_415643.3,BPD_transp_1,PF00528,2.4e-14,54.1
NP_415644.1,ABC_tran,PF00005,5.3e-37,128.1
NP_415644.1,TOBE_2,PF08402,1.3e-05,25.8
NP_415644.1,TniB,PF05621,7.9e-05,22.8
NP_415645.1,Peptidase_M20,PF01546,5.2e-17,63.0
NP_415645.1,M20_dimer,PF07687,9.3e-16,58.3
NP_415645.1,Peptidase_M42,PF05343,8.1e-06,25.7
NP_415646.4,JmjC_2,PF08007,2.1e-41,141.0
NP_415646.4,WHD_ROXA,PF20514,2.9e-34,118.2
NP_415647.1,PhoQ_Sensor,PF08918,3e-87,291.8
NP_415647.1,HATPase_c,PF02518,7.3e-17,62.4
NP_415647.1,HAMP_PhoQ,PF26769,4.1e-08,33.6
NP_415648.1,Response_reg,PF00072,4.4e-26,91.8
NP_415648.1,Trans_reg_C,PF00486,1.8e-19,70.2
NP_415649.1,Lyase_1,PF00206,1.3e-83,281.6
NP_415649.1,ASL_C,PF08328,7.4e-53,178.1
NP_415650.1,DUF489,PF04356,7.4e-75,251.9
NP_415651.4,tRNA_Me_trans,PF03054,3.3e-84,282.2
NP_415651.4,tRNA_Me_trans_C,PF20258,9.3e-28,97.0
NP_415651.4,tRNA_Me_trans_M,PF20259,3.1e-24,84.9
NP_415651.4,NAD_synthase,PF02540,1.2e-09,38.2
NP_415651.4,ThiI,PF02568,1.7e-05,25.1
NP_415652.1,NUDIX,PF00293,4e-20,72.8
NP_415653.4,PseudoU_synth_2,PF00849,6.6e-18,66.0
NP_415654.1,Iso_dh,PF00180,1.6e-92,311.1
NP_415655.1,Methyltransf_12,PF08242,1e-07,33.2
NP_415655.1,Methyltransf_11,PF08241,0.0001,23.4
NP_415655.1,TehB,PF03848,8.6e-05,22.6
NP_415657.1,Peptidase_U49,PF10463,5.8e-51,173.7
NP_415658.1,Arm-DNA-bind_1,PF09003,1.3e-37,128.2
NP_415658.1,Phage_integrase,PF00589,1.6e-16,61.1
NP_415659.1,Exc,PF07825,2.4e-12,47.2
NP_415663.1,Peptidase_S24,PF00717,1.4e-26,93.0
NP_415665.2,Phage_CP76,PF06892,8e-13,49.1
NP_415671.1,Phage_Mu_Gp48,PF10076,1.5e-26,93.6
NP_415672.1,Gp53-like_C,PF21882,1.2e-15,58.3
NP_415673.1,Caudo_TAP,PF02413,1.5e-19,71.0
NP_415674.1,Caudo_TAP_N,PF28596,5.1e-34,116.5
NP_415674.1,Caudo_TAP,PF02413,9.7e-33,113.7
NP_415676.1,Resolvase,PF00239,6.2e-51,172.9
NP_415676.1,HTH_7,PF02796,2.9e-14,53.5
NP_415677.1,HNH,PF01844,3.9e-15,56.3
NP_415678.1,PmrD,PF11183,1.3e-27,96.5
NP_415679.1,DUF1398,PF07166,1.4e-47,161.2
NP_415680.1,MlrA_C,PF22267,3.4e-32,111.2
NP_415680.1,MlrA_helical,PF22270,3.7e-29,101.2
NP_415680.1,MerR_1,PF13411,9.2e-19,67.9
NP_415680.1,MerR,PF00376,8.1e-13,48.6
NP_415681.1,EAL,PF00563,4.8e-49,167.5
NP_415681.1,BLUF,PF04940,2.6e-24,85.7
NP_415682.1,YmgB,PF10798,4.3e-17,62.2
NP_415684.1,YmgB,PF10798,2.1e-22,79.2
NP_415686.2,EAL,PF00563,1.3e-66,224.9
NP_415686.2,CSS-motif,PF12792,1.6e-31,109.9
NP_415689.2,YmgD,PF16456,1.1e-49,166.9
NP_415690.5,Gly-zipper_YMGG,PF13441,9.5e-17,61.4
NP_415690.5,Gly-zipper_Omp,PF13488,8.8e-11,42.1
NP_415690.5,Gly-zipper_OmpA,PF13436,1.2e-06,28.8
NP_415692.1,MinE,PF03776,7.5e-25,87.3
NP_415693.1,CbiA,PF01656,6.7e-20,71.9
NP_415693.1,AAA_31,PF13614,4e-19,69.8
NP_415693.1,ParA,PF10609,1.3e-15,58.2
NP_415693.1,ArsA_ATPase,PF02374,4e-09,36.7
NP_415693.1,MipZ,PF09140,2.2e-08,34.3
NP_415694.1,MinC_C,PF03775,7.7e-32,110.0
NP_415694.1,MinC_N,PF05209,2.3e-18,66.7
NP_415695.1,YcgJ,PF05666,8.1e-29,100.7
NP_415696.1,PPC,PF04151,8.5e-11,43.1
NP_415697.5,YcgL,PF05166,2.6e-34,118.0
NP_415698.1,FAA_hydrolase,PF01557,1.8e-58,198.3
NP_415699.5,CxxCxxCC,PF03692,2.9e-11,44.5
NP_415700.4,HlyE,PF06109,6.9e-148,493.0
NP_415701.1,Peptidase_S24,PF00717,3.4e-30,104.7
NP_415702.1,IMS,PF00817,2.2e-43,148.3
NP_415702.1,IMS_C,PF11799,9.7e-25,87.7
NP_415702.1,DUF4113,PF13438,5.9e-22,77.9
NP_415702.1,IMS_HHH,PF11798,1.2e-06,28.9
NP_415703.3,DsbB,PF02600,3.1e-45,154.8
NP_415704.1,NhaB,PF06450,2.3e-311,1033.6
NP_415704.1,CitMHS,PF03600,2.1e-21,76.9
NP_415705.1,FadR_C,PF07840,1.5e-75,253.2
NP_415705.1,GntR,PF00392,4.7e-20,71.6
NP_415705.1,FCD,PF07729,7.9e-06,26.9
NP_415706.1,SpoVR,PF04293,3.4e-181,603.0
NP_415706.1,SpoVR_C,PF24755,1.4e-26,92.9
NP_415707.1,DAO,PF01266,5.9e-82,276.6
NP_415707.1,Pyr_redox_2,PF07992,5.6e-08,33.1
NP_415707.1,Pyr_redox,PF00070,4.9e-07,30.8
NP_415707.1,NAD_binding_8,PF13450,4.8e-06,27.3
NP_415707.1,Amino_oxidase,PF01593,5.5e-06,26.5
NP_415707.1,FAD_binding_2,PF00890,2e-05,24.6
NP_415707.1,ApbA,PF02558,3e-05,24.3
NP_415708.1,Ala_racemase_N,PF01168,1.2e-66,225.1
NP_415708.1,Ala_racemase_C,PF00842,2.9e-41,140.6
NP_415709.2,Na_H_Exchanger,PF00999,1.9e-68,231.6
NP_415709.2,TrkA_C,PF02080,8.1e-11,42.3
NP_415709.2,CorC_HlyC,PF03471,1.5e-10,41.5
NP_415710.1,Peptidase_S66C,PF17676,2.7e-32,112.4
NP_415710.1,Peptidase_S66,PF02016,4.9e-21,75.6
NP_415711.2,SLT,PF01464,2e-28,98.9
NP_415712.1,PilZN,PF07317,9.2e-25,87.2
NP_415712.1,PilZ,PF07238,4.4e-09,37.2
NP_415713.1,Transgly_assoc,PF04226,3.6e-14,53.3
NP_415715.1,Trehalase,PF01204,2.9e-180,601.1
NP_415715.1,MGH1-like_GH,PF22422,1.2e-22,81.6
NP_415715.1,GDE_C,PF06202,7.8e-09,35.5
NP_415716.4,EIIA-man,PF03610,4.4e-27,95.1
NP_415716.4,PEP-utilisers_N,PF05524,4e-21,76.0
NP_415716.4,PTS-HPr,PF00381,2.6e-18,66.5
NP_415716.4,PEP-utilizers,PF00391,4e-13,49.3
NP_415717.1,Dak2,PF02734,4.3e-56,190.1
NP_415718.6,Dak1,PF02733,1.4e-124,415.7
NP_415719.2,Sigma54_activat,PF00158,2e-36,125.8
NP_415719.2,Sigma54_activ_2,PF14532,3e-15,57.3
NP_415719.2,PAS,PF00989,1.6e-14,54.5
NP_415719.2,AAA_lid_14,PF25601,4.2e-14,52.7
NP_415719.2,HTH_8,PF02954,8e-14,51.7
NP_415719.2,PAS_4,PF08448,1.1e-06,29.5
NP_415719.2,GAF,PF01590,9.5e-06,26.8
NP_415720.1,Autotransporter,PF03797,2.5e-37,129.6
NP_415720.1,Pertactin,PF03212,1.5e-37,128.8
NP_415721.1,YchF-GTPase_C,PF06071,3.1e-39,133.6
NP_415721.1,MMR_HSR1,PF01926,3.1e-20,73.0
NP_415721.1,FeoB_N,PF02421,9.2e-09,35.6
NP_415722.1,Pept_tRNA_hydro,PF01195,2.2e-63,214.0
NP_415723.1,DUF2583,PF10762,9.4e-47,158.0
NP_415724.2,Sulfate_transp,PF00916,4.6e-77,259.9
NP_415724.2,STAS,PF01740,7.6e-17,61.6
NP_415725.1,Pribosyltran_N,PF13793,3e-53,179.2
NP_415725.1,Pribosyl_synth,PF14572,1.6e-31,110.3
NP_415725.1,Pribosyltran,PF00156,8.7e-21,74.5
NP_415726.1,GHMP_kinases_N,PF00288,4.6e-18,65.8
NP_415726.1,GHMP_kinases_C,PF08544,2.2e-09,38.2
NP_415727.1,LolB,PF03550,5.7e-47,160.1
NP_415728.1,GlutR_N,PF05201,1.2e-56,191.3
NP_415728.1,Shikimate_DH,PF01488,2e-49,167.8
NP_415728.1,GlutR_dimer,PF00745,8.3e-25,87.6
NP_415729.1,PCRF,PF03462,1.2e-78,264.0
NP_415729.1,RF-1,PF00472,6.6e-43,145.9
NP_415730.1,PrmC_N,PF17827,7e-22,78.4
NP_415730.1,MTS,PF05175,4.3e-18,66.0
NP_415730.1,Methyltransf_31,PF13847,3e-16,60.1
NP_415730.1,Methyltransf_25,PF13649,1.4e-09,39.1
NP_415730.1,Methyltransf_4,PF02390,1.1e-08,35.3
NP_415730.1,Cons_hypoth95,PF03602,3.6e-06,27.3
NP_415730.1,PrmA,PF06325,6.4e-06,26.4
NP_415730.1,PCMT,PF01135,1.2e-05,25.7
NP_415730.1,Methyltransf_11,PF08241,7.8e-05,23.8
NP_415730.1,Methyltransf_16,PF10294,9.2e-05,22.8
NP_415730.1,UPF0020,PF01170,9.2e-05,22.8
NP_415731.1,SirB,PF04247,1e-35,123.0
NP_415732.1,Transglut_core2,PF13369,3.2e-44,150.7
NP_415732.1,TPR_9,PF13371,4.4e-24,84.9
NP_415733.1,DAHP_synth_1,PF00793,1.3e-71,241.2
NP_415734.1,Na_Ca_ex,PF01699,5.7e-24,85.4
NP_415735.1,ChaB,PF06150,5.4e-25,88.4
NP_415736.2,ChaC,PF04752,4.4e-57,193.5
NP_415737.1,DsrE,PF02635,7.5e-23,81.4
NP_415738.2,IAT_beta,PF11924,5.7e-103,344.9
NP_415739.1,Response_reg,PF00072,6.3e-31,107.4
NP_415739.1,GerE,PF00196,4.6e-23,81.2
NP_415739.1,Sigma70_r4_2,PF08281,3.4e-09,36.8
NP_415739.1,Sigma70_r4,PF04545,1.7e-06,28.0
NP_415739.1,HTH_24,PF13412,0.00013,22.1
NP_415740.1,HisKA_3,PF07730,2.1e-18,67.2
NP_415740.1,HATPase_c,PF02518,1.1e-15,58.6
NP_415740.1,HAMP,PF00672,2.6e-11,44.2
NP_415740.1,PilJ,PF13675,3e-08,34.3
NP_415741.1,MFS_1,PF07690,3.2e-16,59.8
NP_415742.1,Molybdopterin,PF00384,3.9e-76,257.0
NP_415742.1,NarG_dom_V,PF28599,2.5e-47,160.3
NP_415742.1,Molydop_binding,PF01568,1.9e-21,76.8
NP_415742.1,Nitr_red_alph_N,PF14710,7.7e-18,65.1
NP_415743.1,Fer4_11,PF13247,9e-37,125.9
NP_415743.1,Nitr_red_bet_C,PF14711,4e-31,107.0
NP_415743.1,Fer4_10,PF13237,2.3e-11,44.0
NP_415743.1,Fer4_7,PF12838,3.5e-09,37.6
NP_415743.1,Fer4_6,PF12837,1.6e-06,28.4
NP_415744.1,Nitrate_red_del,PF02613,8.8e-16,58.8
NP_415745.1,Nitrate_red_gam,PF02665,4.1e-76,256.0
NP_415748.1,Formyl_trans_N,PF00551,8.5e-60,202.2
NP_415748.1,ACT,PF01842,1.1e-09,38.5
NP_415749.1,YchJ_M-like,PF17775,5.3e-31,108.0
NP_415749.1,SEC-C,PF02810,1.3e-17,63.9
NP_415750.2,Patatin,PF01734,1.6e-33,117.1
NP_415751.1,Response_reg,PF00072,1.1e-28,100.2
NP_415752.1,NTP_transferase,PF00483,3.2e-28,99.5
NP_415753.1,Histone_HNS_N,PF22470,1.9e-26,92.3
NP_415753.1,Histone_HNS,PF00816,3.9e-17,62.2
NP_415754.1,TK,PF00265,1.1e-65,221.3
NP_415757.1,ADH_Fe_C,PF25137,2.6e-48,164.9
NP_415757.1,Fe-ADH,PF00465,1.9e-47,161.6
NP_415757.1,Aldedh,PF00171,3.2e-29,102.4
NP_415757.1,Fe-ADH_2,PF13685,8.6e-08,32.9
NP_415758.1,MarC,PF01914,1.7e-76,256.7
NP_415759.1,SBP_bac_5,PF00496,1.4e-96,324.4
NP_415760.1,BPD_transp_1,PF00528,1.5e-39,136.3
NP_415760.1,BPD_transp_1_N,PF19300,6.2e-10,39.9
NP_415761.1,BPD_transp_1,PF00528,3.9e-27,95.8
NP_415761.1,OppC_N,PF12911,1.3e-17,64.0
NP_415763.1,ABC_tran,PF00005,1.3e-32,113.9
NP_415763.1,oligo_HPY,PF08352,1e-19,71.3
NP_415764.4,DUF440,PF04269,3.2e-46,156.3
NP_415765.1,PLDc_2,PF13091,1.9e-40,138.3
NP_415765.1,PLDc,PF00614,2.6e-17,62.6
NP_415765.1,PLDc_N,PF13396,1.7e-06,28.5
NP_415766.1,TrkA_N,PF02254,6.3e-20,72.2
NP_415766.1,Ion_trans_2,PF07885,1.3e-15,57.6
NP_415767.2,YCII,PF03795,4.5e-33,114.2
NP_415768.1,TonB_N,PF16031,8.7e-38,130.6
NP_415768.1,TonB_C,PF03544,6.4e-20,72.0
NP_415769.1,4HBT,PF03061,1.8e-19,70.4
NP_415770.1,IspA,PF04279,1.4e-73,247.4
NP_415771.1,UPF0259,PF06790,1e-105,353.5
NP_415772.1,OmpW,PF03922,2.9e-81,272.6
NP_415772.1,OMP_b-brl,PF13505,5.8e-11,43.4
NP_415773.1,DUF892,PF05974,4.7e-51,173.6
NP_415774.1,DUF892,PF05974,3.2e-51,174.1
NP_415775.4,KGG,PF10685,6.5e-18,65.2
NP_415776.1,Trp_syntA,PF00290,4e-102,341.2
NP_415777.1,PALP,PF00291,2.5e-44,152.4
NP_415778.3,IGPS,PF00218,2.9e-100,335.3
NP_415778.3,PRAI,PF00697,6.2e-65,219.2
NP_415779.1,Glycos_transf_3,PF00591,4.7e-103,344.9
NP_415779.1,GATase,PF00117,2.6e-50,171.4
NP_415779.1,Glycos_trans_3N,PF02885,2.5e-17,63.0
NP_415779.1,Peptidase_C26,PF07722,5.2e-06,27.0
NP_415780.1,Chorismate_bind,PF00425,1.3e-76,258.2
NP_415780.1,Anth_synt_I_N,PF04715,4.8e-14,53.3
NP_415781.1,Leader_Trp,PF08255,5.3e-09,35.7
NP_415782.1,PHP,PF02811,8.5e-09,36.5
NP_415783.6,Sua5_yciO_yrdC,PF01300,4.5e-50,170.2
NP_415784.1,DUF2207,PF09972,6.4e-22,79.2
NP_415784.1,DUF2207_C,PF20990,6.5e-10,39.7
NP_415785.1,PseudoU_synth_2,PF00849,4.3e-20,73.1
NP_415785.1,S4,PF01479,3.9e-11,43.1
NP_415786.1,CobA_CobO_BtuR,PF02572,3.4e-65,220.0
NP_415786.1,Co_AT_N,PF12557,1.3e-05,25.6
NP_415787.1,adh_short,PF00106,2.1e-55,187.8
NP_415787.1,adh_short_C2,PF13561,1.4e-36,126.9
NP_415787.1,KR,PF08659,7.5e-15,55.9
NP_415787.1,SDR,PF23441,1.1e-06,28.9
NP_415787.1,Epimerase,PF01370,0.00011,22.3
NP_415787.1,Polysacc_synt_2,PF02719,0.00015,21.6
NP_415788.1,Peptidase_S49_N,PF08496,2.3e-60,203.5
NP_415788.1,Peptidase_S49,PF01343,2e-51,174.6
NP_415789.1,DUF2498,PF10692,7.8e-44,148.1
NP_415790.1,Topoisom_bac,PF01131,9.7e-129,430.5
NP_415790.1,Zn_Ribbon_Topo,PF08272,1.9e-37,127.3
NP_415790.1,Zn_ribbon_bTOP1,PF21372,1e-28,99.4
NP_415790.1,Toprim,PF01751,2.2e-21,76.4
NP_415790.1,Zn_ribbon_Top1,PF01396,6.1e-21,74.5
NP_415791.1,LysR_substrate,PF03466,5.1e-44,150.8
NP_415791.1,HTH_1,PF00126,2.9e-14,53.4
NP_415792.1,Aconitase,PF00330,1.2e-170,569.1
NP_415792.1,Aconitase_C,PF00694,1e-50,172.1
NP_415793.1,GTP_cyclohydro2,PF00925,6.1e-68,228.2
NP_415794.1,PAP2,PF01569,9.7e-28,97.1
NP_415795.1,LapA_dom,PF06305,2.3e-21,76.0
NP_415796.1,TPR_19,PF14559,1.2e-14,54.9
NP_415796.1,TPR_7,PF13176,1.1e-14,53.8
NP_415796.1,TPR_14,PF13428,5.9e-13,48.7
NP_415796.1,TPR_2,PF07719,9.9e-13,47.7
NP_415796.1,Zn_ribbon_LapB,PF18073,8.6e-12,45.1
NP_415796.1,TPR_12,PF13424,9.6e-10,39.1
NP_415796.1,TPR_8,PF13181,1.3e-09,38.0
NP_415796.1,TPR_1,PF00515,8.9e-09,35.4
NP_415796.1,TPR_16,PF13432,3.4e-08,34.4
NP_415796.1,ARM_TT21_5th,PF25064,1.5e-06,29.1
NP_415796.1,TPR_6,PF13174,2.2e-06,28.5
NP_415797.1,OMPdecase,PF00215,6.7e-69,232.7
NP_415798.2,SUI1,PF01253,2.4e-20,73.3
NP_415799.1,Gly-zipper_YMGG,PF13441,8.8e-12,45.4
NP_415799.1,Rick_17kDa_Anti,PF05433,9.3e-08,32.4
NP_415800.1,DeoRC,PF00455,5.8e-47,160.2
NP_415800.1,HTH_DeoR,PF08220,7.2e-16,58.3
NP_415800.1,HTH_11,PF08279,2.9e-09,37.3
NP_415800.1,HTH_Mga,PF08280,3.2e-06,27.7
NP_415801.1,EAL,PF00563,2.8e-67,227.1
NP_415801.1,GGDEF,PF00990,2.4e-46,158.1
NP_415801.1,PAS_9,PF13426,4.7e-09,37.0
NP_415801.1,PAS,PF00989,7.5e-07,29.7
NP_415802.1,RNB,PF00773,8.4e-87,292.0
NP_415802.1,OB_RNB,PF08206,1e-19,70.5
NP_415802.1,S1,PF00575,6.7e-14,52.6
NP_415802.1,CSD2,PF17876,8.4e-08,32.8
NP_415804.1,adh_short_C2,PF13561,3.4e-88,295.8
NP_415804.1,adh_short,PF00106,3.1e-15,56.7
NP_415804.1,SDR,PF23441,1.3e-07,31.8
NP_415805.1,DUF559,PF04480,1.5e-49,167.0
NP_415806.1,ABC_tran,PF00005,4.4e-36,125.1
NP_415807.1,ABC_tran,PF00005,9.7e-31,107.8
NP_415807.1,oligo_HPY,PF08352,2.4e-17,63.6
NP_415807.1,AAA_21,PF13304,1.9e-07,31.9
NP_415808.1,BPD_transp_1,PF00528,9.1e-19,68.5
NP_415808.1,OppC_N,PF12911,1.2e-12,48.1
NP_415809.1,BPD_transp_1,PF00528,6.3e-42,144.0
NP_415810.1,SBP_bac_5,PF00496,2.9e-88,297.1
NP_415811.1,DUF2543,PF10820,5.9e-47,158.4
NP_415812.4,AA_permease,PF00324,1.1e-40,140.3
NP_415812.4,AA_permease_2,PF13520,6.8e-29,101.6
NP_415813.4,Gln-synt_C,PF00120,1.6e-106,356.8
NP_415814.4,Peptidase_C26,PF07722,6.8e-69,232.6
NP_415814.4,GATase,PF00117,8.2e-12,45.8
NP_415815.1,Cupin_2,PF07883,7e-19,67.9
NP_415815.1,HTH_3,PF01381,7.1e-15,55.4
NP_415815.1,HTH_31,PF13560,1.6e-10,41.7
NP_415815.1,HTH_26,PF13443,9.7e-05,23.1
NP_415815.1,AraC_binding,PF02311,0.00013,22.3
NP_415816.1,Aldedh,PF00171,1.9e-170,568.0
NP_415817.1,DAO,PF01266,2.1e-74,251.8
NP_415817.1,Thi4,PF01946,6.3e-07,29.5
NP_415817.1,NAD_binding_8,PF13450,1.6e-05,25.7
NP_415817.1,FAD_binding_3,PF01494,1.9e-05,24.6
NP_415817.1,Amino_oxidase,PF01593,2.8e-05,24.2
NP_415817.1,FAD_binding_2,PF00890,0.00016,21.6
NP_415818.1,Aminotran_3,PF00202,1.6e-132,442.6
NP_415818.1,Aminotran_1_2,PF00155,0.00038,20.3
NP_415819.4,Sigma54_activat,PF00158,4.8e-63,212.4
NP_415819.4,Sigma54_activ_2,PF14532,8.2e-18,65.6
NP_415819.4,AAA_lid_14,PF25601,2.5e-16,59.9
NP_415819.4,AAA_5,PF07728,1e-07,32.6
NP_415819.4,Mg_chelatase,PF01078,5.4e-07,29.8
NP_415819.4,HTH_8,PF02954,1.9e-05,24.9
NP_415820.1,PspA_IM30,PF04012,1e-48,166.5
NP_415821.1,PspB,PF06667,8.7e-33,112.8
NP_415822.1,PspC,PF04024,6.5e-17,61.7
NP_415823.1,Phageshock_PspD,PF09584,2.1e-29,101.5
NP_415824.1,Rhodanese,PF00581,4.9e-16,59.6
NP_415825.4,Alpha-amylase,PF00128,3.2e-22,79.9
NP_415826.1,SBP_bac_1,PF01547,2.7e-43,149.7
NP_415826.1,SBP_bac_8,PF13416,3.6e-33,116.1
NP_415827.1,BPD_transp_1,PF00528,2.8e-23,83.2
NP_415828.1,BPD_transp_1,PF00528,5.3e-17,62.7
NP_415829.1,ADH_zinc_N,PF00107,2e-26,93.1
NP_415830.2,AP_endonuc_2,PF01261,2.6e-45,155.7
NP_415831.1,GFO_IDH_MocA_C,PF02894,2.8e-41,142.3
NP_415831.1,GFO_IDH_MocA,PF01408,2.8e-35,122.2
NP_415831.1,GFO_IDH_MocA_C3,PF22725,2.8e-16,60.2
NP_415831.1,NAD_binding_3,PF03447,1.8e-06,29.2
NP_415832.1,Glyco_hydro_65m,PF03632,1.6e-148,495.2
NP_415832.1,Glyco_hydro_65N,PF03636,1.2e-49,169.7
NP_415832.1,Glyco_hydro_65C,PF03633,1.4e-14,54.2
NP_415833.1,Hydrolase,PF00702,3.3e-24,86.9
NP_415833.1,HAD_2,PF13419,9.9e-22,78.4
NP_415835.1,Porin_OmpG,PF09381,5.3e-98,328.8
NP_415835.1,OMP_b-brl,PF13505,1.4e-10,42.2
NP_415835.1,DUF481,PF04338,7.1e-08,33.3
NP_415836.1,Peripla_BP_1,PF00532,1.2e-24,87.9
NP_415836.1,Peripla_BP_3,PF13377,4.9e-23,82.6
NP_415836.1,LacI,PF00356,2.8e-20,72.4
NP_415836.1,Peripla_BP_4,PF13407,1.8e-17,64.3
NP_415837.1,DUF463,PF04317,1.2e-180,601.8
NP_415838.1,DUF697,PF05128,1.4e-55,188.1
NP_415839.1,Sigma54_activat,PF00158,7.7e-57,192.2
NP_415839.1,HTH_50,PF18024,6.9e-20,71.1
NP_415839.1,Sigma54_activ_2,PF14532,1.9e-16,61.2
NP_415839.1,AAA_lid_14,PF25601,1.5e-15,57.4
NP_415839.1,PAS_8,PF13188,2.9e-05,24.4
NP_415839.1,AAA,PF00004,0.00016,22.7
NP_415840.1,Redoxin,PF08534,4e-39,134.3
NP_415840.1,AhpC-TSA,PF00578,3.6e-16,59.8
NP_415841.4,MR_MLE_N,PF02746,3.2e-33,115.0
NP_415841.4,MR_MLE_C,PF13378,1.9e-26,93.7
NP_415842.2,Peptidase_M14,PF00246,1.1e-12,48.8
NP_415843.2,Hydrolase_4,PF12146,7.7e-09,35.8
NP_415843.2,Peptidase_S15,PF02129,4.7e-08,33.6
NP_415843.2,DLH,PF01738,1.4e-07,31.9
NP_415843.2,Abhydrolase_1,PF00561,4.7e-07,30.3
NP_415843.2,PETase,PF12740,4.4e-07,30.2
NP_415843.2,Peptidase_S9,PF00326,3.3e-05,24.1
NP_415844.1,LysR_substrate,PF03466,3.3e-35,122.0
NP_415844.1,HTH_1,PF00126,1.6e-21,76.6
NP_415845.2,SBP_bac_5,PF00496,3.1e-95,320.0
NP_415846.1,MS_channel_2nd,PF00924,1.3e-22,80.2
NP_415846.1,MS_channel_3rd,PF21082,9.7e-21,74.6
NP_415846.1,Msl2-3_C,PF24956,3.3e-10,40.6
NP_415846.1,MS_channel_1st,PF21088,2.5e-09,37.5
NP_415847.2,DDE_Tnp_1,PF01609,8e-36,124.3
NP_415847.2,DUF772,PF05598,3.9e-25,88.8
NP_415848.1,DUF2534,PF10749,5e-41,139.4
NP_415849.1,Usp,PF00582,1.8e-39,136.1
NP_415850.1,cNMP_binding,PF00027,5.1e-17,62.2
NP_415850.1,HTH_Crp_2,PF13545,5.9e-17,62.0
NP_415850.1,Crp,PF00325,2.2e-16,59.8
NP_415851.1,DNA_binding_1,PF01035,3.3e-37,126.8
NP_415851.1,Methyltransf_1N,PF02870,4.1e-12,47.0
NP_415852.2,ABG_transport,PF03806,4.3e-208,692.2
NP_415853.1,Peptidase_M20,PF01546,2.7e-08,34.5
NP_415853.1,M20_dimer,PF07687,9.8e-05,22.8
NP_415854.4,Peptidase_M20,PF01546,3e-35,122.6
NP_415854.4,M20_dimer,PF07687,9.1e-10,39.0
NP_415855.1,LysR_substrate,PF03466,1.8e-40,139.1
NP_415855.1,HTH_1,PF00126,6.1e-21,74.7
NP_415856.1,Smr,PF01713,1.2e-22,80.4
NP_415857.2,GGDEF,PF00990,2.4e-46,158.0
NP_415857.2,PAS_4,PF08448,1.3e-08,35.6
NP_415857.2,PAS_9,PF13426,3.8e-08,34.1
NP_415857.2,PAS_8,PF13188,5.7e-07,29.8
NP_415858.1,CorA,PF01544,1.3e-76,258.2
NP_415859.1,DEAD,PF00270,4.3e-50,170.3
NP_415859.1,Helicase_C,PF00271,6.8e-31,107.4
NP_415859.1,DbpA,PF03880,2e-20,73.2
NP_415859.1,ResIII,PF04851,2.1e-08,34.8
NP_415860.1,ATP_bind_3,PF01171,1.3e-13,51.7
NP_415861.1,Arm-DNA-bind_2,PF12167,4.3e-26,91.3
NP_415861.1,Phage_integrase,PF00589,7.4e-23,81.8
NP_415862.4,DUF1233,PF06806,7.3e-15,55.1
NP_415863.1,DUF1187,PF06688,1.3e-38,131.7
NP_415864.1,Lar_restr_allev,PF14354,3.6e-16,59.7
NP_415865.1,RecT,PF03837,1e-55,189.0
NP_415866.1,Exonuc_VIII,PF06630,5.7e-36,124.9
NP_415866.1,DUF3799,PF12684,1.4e-23,84.5
NP_415869.2,KilR,PF27398,6.3e-26,90.7
NP_415870.4,SieB,PF14163,4.6e-32,111.1
NP_415872.2,DUF1391,PF07151,7.7e-27,93.2
NP_415873.2,UBA_4,PF14555,3.2e-05,24.2
NP_415875.1,YdaS_toxin,PF15943,5.6e-31,106.8
NP_415875.1,P22_Cro,PF14549,3.8e-09,36.8
NP_415875.1,HTH_3,PF01381,1.8e-05,25.3
NP_415876.1,YdaT_toxin,PF06254,9e-19,68.4
NP_415877.1,DUF1376,PF07120,1.8e-26,92.9
NP_415878.1,IstB_IS21,PF01695,4.2e-19,69.6
NP_415878.1,Bac_DnaA,PF00308,9.8e-09,36.2
NP_415881.1,TrkH,PF02386,5.6e-145,484.2
NP_415883.1,ParB_N,PF02195,7.3e-11,42.7
NP_415888.1,DDE_Tnp_1,PF01609,8.6e-36,124.2
NP_415888.1,DUF772,PF05598,2.9e-25,89.2
NP_415890.2,phage_tail_N,PF08400,1.1e-71,239.7
NP_415890.2,Gp34_trimer,PF21446,4e-14,53.7
NP_415890.2,Collar,PF07484,1.7e-11,44.5
NP_415890.2,Phage_fiber,PF03335,9.5e-07,28.9
NP_415891.1,Caudo_TAP,PF02413,3e-43,147.7
NP_415891.1,Caudo_TAP_N,PF28596,1.7e-13,50.7
NP_415892.1,Resolvase,PF00239,3.3e-36,125.2
NP_415892.1,HTH_7,PF02796,4.2e-11,43.4
NP_415893.2,YnaE,PF27475,2.9e-36,123.6
NP_415894.4,Usp,PF00582,1.8e-31,110.2
NP_415895.1,Porin_1,PF00267,2.8e-145,484.6
NP_415895.1,Porin_4,PF13609,1.9e-26,94.2
NP_415896.1,POR_N,PF01855,3.2e-82,276.3
NP_415896.1,POR,PF01558,6.4e-40,137.6
NP_415896.1,EKR,PF10371,8.4e-25,87.0
NP_415896.1,PFOR_II,PF17147,4.9e-16,59.5
NP_415896.1,Fer4_7,PF12838,1.2e-09,39.1
NP_415896.1,Fer4_16,PF13484,1.8e-09,38.8
NP_415896.1,Fer4_9,PF13187,1.1e-08,35.6
NP_415896.1,Fer4_21,PF14697,1.6e-08,35.1
NP_415896.1,Fer4,PF00037,1.2e-08,35.0
NP_415896.1,Fer4_10,PF13237,4.7e-08,33.4
NP_415896.1,Fer4_6,PF12837,3.3e-07,30.5
NP_415896.1,Fer4_8,PF13183,1.9e-06,28.9
NP_415896.1,Fer4_2,PF12797,2.6e-06,27.6
NP_415896.1,Fer4_17,PF13534,4.7e-05,24.4
NP_415897.1,META,PF03724,9.8e-26,90.5
NP_415898.1,2-Hacid_dh_C,PF02826,6.9e-52,176.0
NP_415898.1,2-Hacid_dh,PF00389,1.5e-35,122.4
NP_415898.1,NAD_binding_2,PF03446,8.2e-05,23.3
NP_415899.1,YdbH-like,PF11739,3.3e-291,969.8
NP_415900.1,Lipoprotein_19,PF13617,5e-16,58.8
NP_415901.2,DUF1318,PF07027,2.1e-31,108.9
NP_415902.1,AraC_binding_2,PF14525,6.4e-30,104.7
NP_415902.1,HTH_18,PF12833,1.8e-19,70.4
NP_415902.1,HTH_AraC,PF00165,4.7e-13,49.5
NP_415903.4,Aldedh,PF00171,8.8e-161,536.1
NP_415904.3,Cu_amine_oxid,PF01179,1.2e-115,387.1
NP_415904.3,Cu_amine_oxidN2,PF02727,6.1e-29,100.7
NP_415904.3,Cu_amine_oxidN3,PF02728,7.1e-26,91.0
NP_415904.3,Cu_amine_oxidN1,PF07833,3.3e-14,53.3
NP_415905.1,Aldedh,PF00171,2.8e-59,201.5
NP_415905.1,MaoC_dehydratas,PF01575,2.6e-34,118.1
NP_415906.1,PaaA_PaaC,PF05138,1.1e-94,317.1
NP_415907.1,PaaB,PF06243,1.6e-43,147.4
NP_415908.1,PaaA_PaaC,PF05138,1.4e-96,323.3
NP_415909.4,Zn_ribbon_PaaD,PF23451,3.1e-21,75.3
NP_415909.4,FeS_assembly_P,PF01883,1.6e-10,41.7
NP_415910.1,Fer2,PF00111,5.7e-20,71.6
NP_415910.1,NAD_binding_1,PF00175,2.3e-16,61.0
NP_415910.1,FAD_binding_6,PF00970,3.2e-12,47.3
NP_415911.1,ECH_1,PF00378,5.3e-77,259.1
NP_415911.1,ECH_2,PF16113,2.6e-37,129.6
NP_415912.1,ECH_1,PF00378,1.7e-62,211.7
NP_415912.1,ECH_2,PF16113,1.3e-39,137.2
NP_415913.1,3HCDH_N,PF02737,1.3e-65,221.3
NP_415913.1,3HCDH,PF00725,3.7e-48,162.6
NP_415913.1,3HCDH_RFF,PF18321,4.3e-12,46.8
NP_415913.1,NAD_binding_2,PF03446,4e-06,27.6
NP_415914.1,4HBT,PF03061,4.1e-21,75.7
NP_415914.1,4HBT_3,PF13622,5.1e-06,27.2
NP_415915.1,Thiolase_N,PF00108,3.5e-74,250.0
NP_415915.1,Thiolase_C,PF02803,2.7e-46,156.8
NP_415915.1,ketoacyl-synt,PF00109,0.00024,21.4
NP_415916.1,AMP-binding_C_2,PF14535,5.5e-28,97.7
NP_415916.1,AMP-binding,PF00501,4.9e-18,65.7
NP_415917.1,PaaX,PF07848,2.7e-29,101.8
NP_415917.1,PaaX_C,PF08223,9.4e-29,100.2
NP_415917.1,PaaX_M,PF20803,2.6e-08,34.4
NP_415918.1,Hexapep,PF00132,1e-15,57.2
NP_415918.1,GMPPB_C,PF25087,6.5e-09,36.1
NP_415920.1,rve_3,PF13683,1e-18,67.4
NP_415920.1,rve,PF00665,1.9e-16,60.8
NP_415920.1,HTH_21,PF13276,5.2e-11,43.2
NP_415921.2,HTH_Tnp_1,PF01527,4.6e-18,65.8
NP_415922.1,HTH_38,PF13936,1.8e-23,82.6
NP_415922.1,rve,PF00665,1.6e-14,54.6
NP_415922.1,HTH_23,PF13384,4.3e-08,33.3
NP_415924.1,Aldo_ket_red,PF00248,2.6e-49,168.5
NP_415925.2,DUF2773,PF10971,1e-45,154.3
NP_415926.4,CDP-OH_P_transf,PF01066,2.3e-09,38.4
NP_415927.1,CTP_transf_1,PF01148,1.1e-69,235.8
NP_415928.1,Methyltransf_20,PF12147,1.4e-155,517.6
NP_415928.1,Hydrolase_4,PF12146,1.1e-65,221.8
NP_415928.1,Abhydrolase_6,PF12697,3.9e-09,38.0
NP_415928.1,Abhydrolase_1,PF00561,3.3e-08,34.1
NP_415929.1,DSPc,PF00782,1.5e-27,96.6
NP_415929.1,Y_phosphatase,PF00102,0.00018,21.8
NP_415930.1,Flavodoxin_2,PF02525,9.4e-54,182.7
NP_415930.1,FMN_red,PF03358,1.2e-12,48.2
NP_415931.4,DUF3418,PF11898,3.8e-240,799.1
NP_415931.4,OB_NTP_bind,PF07717,1.6e-16,60.8
NP_415931.4,Helicase_C,PF00271,1.2e-12,48.6
NP_415931.4,HA2_C,PF21010,1.7e-10,41.8
NP_415931.4,DEAD,PF00270,2.7e-07,31.1
NP_415931.4,WHD_HA2,PF04408,7.1e-06,26.6
NP_415932.1,DUF218,PF02698,4.4e-14,53.1
NP_415933.1,Aldedh,PF00171,3.5e-167,557.2
NP_415935.2,Ni_hydr_CYTB,PF01292,1.9e-24,87.1
NP_415936.1,YdcA,PF27300,1.2e-18,67.2
NP_415938.1,MCPsignal,PF00015,1.2e-60,204.8
NP_415938.1,TarH,PF02203,5.6e-38,131.2
NP_415938.1,HAMP,PF00672,4.2e-11,43.6
NP_415939.2,LysR_substrate,PF03466,1e-34,120.4
NP_415939.2,HTH_1,PF00126,2.5e-19,69.5
NP_415940.1,HGLS,PF07063,3.3e-161,537.5
NP_415941.5,MdoG,PF04349,1.9e-180,601.5
NP_415943.4,DUF465,PF04325,2.2e-15,57.0
NP_415944.1,Acetyltransf_3,PF13302,6.5e-23,82.6
NP_415944.1,Acetyltransf_1,PF00583,1.4e-14,54.9
NP_415944.1,Acetyltransf_4,PF13420,6.1e-09,36.7
NP_415945.1,B_solenoid_ydck,PF18836,7.9e-10,38.5
NP_415945.1,Hexapep_GlmU,PF24894,4e-06,27.5
NP_415946.1,SLAC1,PF03595,5.5e-44,151.2
NP_415947.1,TehB,PF03848,9e-111,368.4
NP_415947.1,Methyltransf_25,PF13649,3.1e-14,54.0
NP_415947.1,Methyltransf_11,PF08241,9.1e-13,49.3
NP_415947.1,Methyltransf_12,PF08242,9.5e-11,42.9
NP_415947.1,Methyltransf_23,PF13489,9.6e-11,42.3
NP_415947.1,Methyltransf_31,PF13847,4.4e-09,36.9
NP_415947.1,MTS,PF05175,1.9e-07,31.4
NP_415948.1,DUF3313,PF11769,4.6e-63,213.0
NP_415949.3,OrfB_IS605,PF01385,8.6e-35,120.1
NP_415949.3,Cas12f1-like_TNB,PF07282,3.5e-23,82.1
NP_415949.3,HTH_OrfB_IS605,PF12323,2.8e-13,49.7
NP_415950.4,BenE,PF03594,8.2e-167,555.5
NP_415951.1,HTH_3,PF01381,1.2e-16,61.1
NP_415951.1,Cupin_2,PF07883,2.6e-10,40.5
NP_415951.1,HTH_31,PF13560,7.8e-09,36.3
NP_415951.1,HTH_26,PF13443,2.2e-05,25.2
NP_415951.1,HTH_25,PF13413,1.8e-05,25.1
NP_415952.2,Peptidase_U32,PF01136,3e-99,332.5
NP_415952.2,DUF3656,PF12392,1.4e-20,74.6
NP_415953.1,DUF2554,PF10829,3e-41,139.8
NP_415954.2,HicA_toxin,PF07927,2.5e-07,31.3
NP_415955.2,HicB-like_2,PF15970,8.2e-19,67.8
NP_415955.2,HTH_3,PF01381,1.9e-07,31.6
NP_415955.2,HicB_lk_antitox,PF15919,2.6e-07,31.3
NP_415956.1,Aminotran_1_2,PF00155,1.7e-33,116.9
NP_415956.1,GntR,PF00392,1.2e-14,54.3
NP_415957.1,SBP_bac_1,PF01547,8e-22,79.2
NP_415957.1,SBP_bac_8,PF13416,2.3e-21,77.4
NP_415957.1,SBP_bac_6,PF13343,3.2e-09,37.2
NP_415958.1,ABC_tran,PF00005,4.5e-34,118.6
NP_415958.1,TOBE_2,PF08402,4.4e-17,62.6
NP_415959.1,BPD_transp_1,PF00528,5.2e-13,49.7
NP_415960.1,BPD_transp_1,PF00528,2.7e-11,44.1
NP_415961.1,Aldedh,PF00171,6.8e-168,559.6
NP_415962.2,Toxin_GhoT_OrtT,PF10753,2e-28,99.0
NP_415963.1,DUF2526,PF10735,2.1e-44,150.1
NP_415964.1,DMT_YdcZ,PF04657,6.3e-24,85.4
NP_415965.1,Acetyltransf_1,PF00583,4.4e-21,75.9
NP_415965.1,Acetyltransf_4,PF13420,4.1e-13,50.2
NP_415965.1,Acetyltransf_7,PF13508,5.9e-13,49.6
NP_415965.1,Acetyltransf_3,PF13302,1.9e-11,45.4
NP_415965.1,Acetyltransf_10,PF13673,9.6e-10,39.1
NP_415965.1,FR47,PF08445,1e-08,35.6
NP_415965.1,GNAT_acetyltran,PF12746,1.7e-06,28.4
NP_415966.6,ADH_N_2,PF16884,4.2e-44,149.5
NP_415966.6,ADH_zinc_N,PF00107,4.5e-19,69.3
NP_415966.6,ADH_zinc_N_2,PF13602,9.5e-10,40.1
NP_415967.2,FCD,PF07729,4.4e-27,95.5
NP_415967.2,GntR,PF00392,1.9e-11,44.0
NP_415968.1,TonB_dep_Rec_b-barrel,PF00593,9.1e-57,194.4
NP_415968.1,Plug,PF07715,1.4e-22,80.8
NP_415968.1,OMP_b-brl_3,PF14905,1.9e-08,34.3
NP_415969.1,SGL,PF08450,7.3e-11,42.7
NP_415969.1,YNCE,PF21783,3.2e-10,40.5
NP_415969.1,PQQ_2,PF13360,7.9e-09,36.1
NP_415969.1,DUF5074,PF16819,3.1e-08,33.9
NP_415970.4,AA_permease,PF00324,2.9e-137,458.8
NP_415970.4,AA_permease_2,PF13520,2.2e-39,136.1
NP_415971.1,GST_N_2,PF13409,4.5e-08,34.2
NP_415971.1,GST_N_3,PF13417,6e-07,30.3
NP_415971.1,GST_N,PF02798,5.3e-05,24.1
NP_415972.1,DUF5445,PF17520,8.2e-41,138.2
NP_415977.1,DDE_Tnp_1_assoc,PF13808,4.2e-33,113.9
NP_415977.1,DDE_Tnp_1,PF01609,1.7e-30,106.9
NP_415978.1,Tautomerase,PF01361,1.2e-16,61.0
NP_415979.2,Flavin_Reduct,PF01613,3e-21,76.7
NP_415980.1,Acetyltransf_2,PF00797,2.3e-88,296.6
NP_415981.1,PhzC-PhzF,PF02567,5.2e-95,318.7
NP_415982.1,Nitrate_red_gam,PF02665,1.9e-76,257.1
NP_415983.1,Nitrate_red_del,PF02613,1.2e-12,48.6
NP_415984.1,Fer4_11,PF13247,6.7e-37,126.3
NP_415984.1,Nitr_red_bet_C,PF14711,8.5e-30,102.8
NP_415984.1,Fer4_10,PF13237,1.9e-11,44.3
NP_415984.1,Fer4_7,PF12838,1.7e-08,35.4
NP_415984.1,Fer4_6,PF12837,2.4e-06,27.8
NP_415985.1,Molybdopterin,PF00384,3.7e-70,237.3
NP_415985.1,NarG_dom_V,PF28599,6.3e-48,162.2
NP_415985.1,Molydop_binding,PF01568,6.9e-20,71.7
NP_415985.1,Nitr_red_alph_N,PF14710,1.1e-17,64.5
NP_415986.1,MFS_1,PF07690,1.6e-12,47.7
NP_415990.5,EamA,PF00892,1.2e-15,58.6
NP_415991.1,Molybdopterin,PF00384,8.4e-34,117.7
NP_415991.1,Molydop_binding,PF01568,7.8e-17,61.9
NP_415991.1,Molybdop_Fe4S4,PF04879,1.7e-16,60.5
NP_415992.1,Fer4_11,PF13247,7.6e-26,90.8
NP_415992.1,Form-deh_trans,PF09163,3.5e-20,72.1
NP_415992.1,Fer4_7,PF12838,1.1e-13,52.0
NP_415992.1,Fer4_10,PF13237,7.6e-12,45.6
NP_415992.1,Fer4_9,PF13187,8.6e-11,42.3
NP_415992.1,Fer4_6,PF12837,3e-09,37.0
NP_415992.1,Fer4_21,PF14697,1.2e-08,35.5
NP_415992.1,Fer4_2,PF12797,1e-08,35.2
NP_415992.1,Fer4,PF00037,5.1e-07,29.8
NP_415992.1,Fer4_17,PF13534,3.1e-06,28.2
NP_415992.1,Fer4_4,PF12800,7.6e-06,26.4
NP_415993.1,Ni_hydr_CYTB,PF01292,1.1e-22,81.3
NP_415994.4,HTH_3,PF01381,8.4e-10,39.1
NP_415995.4,ADH_zinc_N,PF00107,4.3e-30,104.9
NP_415995.4,ADH_N,PF08240,9.8e-27,93.8
NP_415995.4,ADH_zinc_N_2,PF13602,2.5e-10,42.0
NP_415996.2,Malic_M,PF03949,1.1e-106,356.4
NP_415996.2,malic,PF00390,3.6e-80,268.7
NP_415997.1,SRA_like,PF08136,2.5e-24,86.0
NP_415998.4,BDM,PF10684,3.4e-52,175.3
NP_415999.1,OsmC,PF02566,2.2e-19,70.3
NP_416000.1,ABC_tran,PF00005,4.1e-29,102.5
NP_416000.1,oligo_HPY,PF08352,1.8e-20,73.7
NP_416000.1,AAA_22,PF13401,2.3e-07,31.8
NP_416000.1,AAA_21,PF13304,9e-07,29.7
NP_416001.1,ABC_tran,PF00005,1.6e-29,103.8
NP_416001.1,oligo_HPY,PF08352,2.9e-20,73.0
NP_416002.1,BPD_transp_1,PF00528,1.2e-32,113.7
NP_416002.1,OppC_N,PF12911,1.4e-09,38.3
NP_416003.1,BPD_transp_1,PF00528,1.4e-44,152.6
NP_416003.1,BPD_transp_1_N,PF19300,4.7e-14,53.1
NP_416004.1,SBP_bac_5,PF00496,1.1e-100,338.0
NP_416005.1,Peptidase_M15,PF01427,3.3e-79,265.9
NP_416005.1,VanY,PF02557,3.3e-06,27.5
NP_416006.4,EAL,PF00563,9.3e-70,235.3
NP_416006.4,PAS_9,PF13426,7.2e-29,100.7
NP_416006.4,GGDEF,PF00990,8.5e-22,78.2
NP_416006.4,PAS,PF00989,5.2e-21,75.4
NP_416006.4,PAS_4,PF08448,1.7e-13,51.3
NP_416006.4,PAS_8,PF13188,4.9e-13,49.0
NP_416006.4,PAS_3,PF08447,5.6e-10,39.9
NP_416007.3,GGDEF,PF00990,5.6e-51,173.1
NP_416007.3,DosC_2nd,PF21118,2.4e-49,166.7
NP_416007.3,Protoglobin,PF11563,1.2e-10,42.2
NP_416008.1,GHL10,PF02638,6.9e-136,453.0
NP_416009.1,AA_permease_2,PF13520,9.6e-61,206.5
NP_416009.1,AA_permease,PF00324,9.7e-22,77.9
NP_416010.1,Pyridoxal_deC,PF00282,2.8e-111,372.5
NP_416011.1,Peptidase_M16_C,PF05193,3.3e-54,184.1
NP_416011.1,Peptidase_M16,PF00675,1e-40,139.6
NP_416012.1,Plug,PF07715,4.7e-07,30.9
NP_416013.1,ABC_membrane_2,PF06472,1.6e-43,149.7
NP_416013.1,SbmA_BacA,PF05992,4e-34,119.0
NP_416013.1,ABC_tran,PF00005,1.1e-18,68.7
NP_416014.4,Radical_SAM,PF04055,1.9e-22,80.8
NP_416014.4,SPASM,PF13186,7.9e-07,29.9
NP_416014.4,Fer4_12,PF13353,7.3e-06,26.9
NP_416014.4,DUF3641,PF12345,1.1e-05,26.1
NP_416015.2,Sulfatase,PF00884,1.1e-70,238.9
NP_416015.2,SGSH_C,PF16347,1.4e-08,35.6
NP_416015.2,Phosphodiest,PF01663,1.9e-08,34.9
NP_416016.1,HTH_AraC,PF00165,2.2e-16,60.1
NP_416016.1,HTH_18,PF12833,5.6e-16,59.2
NP_416017.1,SafA,PF17073,2.8e-47,159.1
NP_416018.1,Molybdopterin,PF00384,8.7e-26,91.4
NP_416019.1,FimH_man-bind,PF09160,4e-55,186.0
NP_416020.1,Fimbrial,PF00419,2.5e-09,38.3
NP_416021.1,Fimbrial,PF00419,5.9e-22,79.2
NP_416024.1,HipA_C,PF07804,1.5e-53,182.2
NP_416024.1,Couple_hipA,PF13657,1.9e-27,96.3
NP_416025.1,HTH_3,PF01381,5.4e-15,55.7
NP_416025.1,HTH_19,PF12844,2.9e-07,30.9
NP_416025.1,HTH_26,PF13443,7.6e-06,26.6
NP_416025.1,HTH_ParB,PF17762,4.4e-05,24.2
NP_416028.3,FGGY_N,PF00370,1.3e-49,169.6
NP_416028.3,FGGY_C,PF02782,5e-18,66.3
NP_416029.1,Sugar-bind,PF04198,1.5e-75,254.3
NP_416030.1,ABC_tran,PF00005,6.6e-53,179.6
NP_416030.1,AAA_21,PF13304,2e-12,48.2
NP_416031.1,BPD_transp_2,PF02653,2.6e-42,145.4
NP_416032.1,BPD_transp_2,PF02653,7.7e-49,166.8
NP_416033.1,Peripla_BP_4,PF13407,3.8e-61,207.4
NP_416034.1,DeoC,PF01791,5.1e-22,79.2
NP_416035.1,ABM,PF03992,1.8e-20,73.5
NP_416036.1,Methyltransf_25,PF13649,3.1e-18,66.8
NP_416036.1,Methyltransf_11,PF08241,4.8e-15,56.6
NP_416036.1,Methyltransf_23,PF13489,1.3e-14,54.8
NP_416036.1,Methyltransf_12,PF08242,5.2e-13,50.1
NP_416036.1,Methyltransf_31,PF13847,7.5e-13,49.1
NP_416036.1,FtsJ,PF01728,6.6e-07,30.0
NP_416036.1,MTS,PF05175,7.1e-05,23.0
NP_416037.2,Bestrophin_2,PF25539,7e-98,328.3
NP_416039.1,GGDEF,PF00990,2.2e-40,138.6
NP_416040.1,DUF4186,PF13811,3.3e-52,175.8
NP_416041.1,Glutaminase,PF04960,1.9e-117,392.2
NP_416042.2,Aldedh,PF00171,2.3e-141,472.1
NP_416043.1,LysR_substrate,PF03466,9.1e-46,156.5
NP_416043.1,HTH_1,PF00126,1.2e-18,67.4
NP_416045.1,MFS_1,PF07690,3.5e-38,132.0
NP_416046.1,MarC,PF01914,6e-66,222.3
NP_416047.4,MarR,PF01047,1.5e-18,67.0
NP_416047.4,MarR_2,PF12802,3.6e-07,30.9
NP_416048.2,HTH_18,PF12833,4.1e-19,69.2
NP_416048.2,HTH_AraC,PF00165,5.1e-14,52.6
NP_416049.1,MarB,PF13999,8.1e-30,103.3
NP_416050.4,EamA,PF00892,1.1e-28,100.8
NP_416051.1,MFS_1,PF07690,4.6e-32,111.9
NP_416052.1,GGDEF,PF00990,4.5e-45,153.9
NP_416052.1,CZB,PF13682,3.2e-07,31.2
NP_416054.1,BOF,PF04076,5.5e-41,139.4
NP_416055.1,CinA,PF02464,4.9e-48,163.2
NP_416056.1,Peptidase_M3,PF01432,3.8e-151,505.1
NP_416057.1,adh_short,PF00106,1.4e-53,181.8
NP_416057.1,adh_short_C2,PF13561,1.4e-35,123.6
NP_416057.1,KR,PF08659,2.5e-13,50.9
NP_416057.1,Epimerase,PF01370,6.6e-07,29.6
NP_416058.1,FCD,PF07729,4.1e-28,98.9
NP_416058.1,GntR,PF00392,1.9e-17,63.3
NP_416059.1,YdfZ,PF14001,8.2e-34,116.4
NP_416060.1,Mannitol_dh_C,PF08125,2.2e-75,252.9
NP_416060.1,Mannitol_dh,PF01232,4.9e-69,232.9
NP_416062.2,YnaE,PF27475,2.5e-36,123.8
NP_416063.1,Resolvase,PF00239,3.3e-36,125.1
NP_416063.1,HTH_7,PF02796,2.2e-11,44.3
NP_416063.1,HTH_28,PF13518,2.2e-05,25.0
NP_416064.1,Caudo_TAP,PF02413,4e-43,147.3
NP_416064.1,Caudo_TAP_N,PF28596,1.7e-13,50.7
NP_416065.1,Collar,PF07484,1e-11,45.2
NP_416065.1,Phage_fiber,PF03335,2.2e-05,24.7
NP_416067.2,DUF1398,PF07166,1.7e-46,157.7
NP_416068.2,GnsAB_toxin,PF08178,3.4e-35,120.3
NP_416070.1,CSD,PF00313,1.8e-31,108.4
NP_416071.1,DUF2514,PF10721,8.6e-39,133.8
NP_416072.1,Phage_lysozyme,PF00959,9.9e-24,84.6
NP_416073.1,DUF1327,PF07041,2.4e-44,150.7
NP_416074.4,Phage_holin_2_1,PF04971,4.9e-34,116.7
NP_416075.1,CSD,PF00313,1.1e-31,109.1
NP_416076.1,CSD,PF00313,6.2e-22,77.8
NP_416077.4,Antiterm,PF03589,4e-54,181.3
NP_416077.4,CHP02642,PF27659,7.9e-10,39.3
NP_416077.4,DnaJ_CXXCXGXG,PF00684,1.9e-08,35.1
NP_416078.4,DUF968,PF06147,4.5e-76,255.2
NP_416079.1,Rem,PF27490,1e-42,144.8
NP_416080.1,HOK_GEF,PF01848,1.3e-23,82.9
NP_416081.1,ParE_toxin,PF05016,2.5e-13,51.0
NP_416082.1,RelB,PF04221,1.2e-32,112.3
NP_416084.1,FlxA,PF14282,3.2e-14,53.6
NP_416087.1,P22_Cro,PF14549,1.9e-11,44.1
NP_416088.1,HTH_3,PF01381,1.4e-16,60.8
NP_416088.1,Phage_CI_repr,PF07022,8.3e-06,26.6
NP_416089.1,DUF1391,PF07151,2.9e-27,94.5
NP_416092.1,DicB,PF05358,2.1e-40,136.8
NP_416093.1,DUF1482,PF07358,4.3e-26,91.1
NP_416097.1,ADH_N,PF08240,9.1e-33,113.2
NP_416097.1,ADH_zinc_N,PF00107,1.4e-21,77.4
NP_416098.1,MR_MLE_C,PF13378,1.7e-45,156.0
NP_416098.1,MR_MLE_N,PF02746,1.5e-35,122.5
NP_416099.1,UPF0060,PF02694,1.2e-48,164.3
NP_416100.1,DUF1283,PF06932,2.7e-45,153.0
NP_416101.1,Acetyltransf_3,PF13302,8.9e-22,78.9
NP_416101.1,Acetyltransf_1,PF00583,1.1e-19,71.3
NP_416101.1,Acetyltransf_7,PF13508,1.7e-09,38.5
NP_416101.1,Acetyltransf_8,PF13523,8.9e-08,32.4
NP_416101.1,Acetyltransf_10,PF13673,2e-06,28.4
NP_416101.1,Acetyltransf_4,PF13420,3.4e-05,24.5
NP_416101.1,FR47,PF08445,5.3e-05,23.7
NP_416102.2,UPF0257,PF06788,1.1e-133,444.9
NP_416103.2,DUF1161,PF06649,6.5e-19,68.6
NP_416104.1,Molybdopterin,PF00384,3.1e-69,234.3
NP_416104.1,Molydop_binding,PF01568,5.1e-27,94.7
NP_416104.1,Molybdop_Fe4S4,PF04879,7.6e-14,52.0
NP_416105.4,Molybdopterin,PF00384,2.4e-64,218.2
NP_416105.4,Molydop_binding,PF01568,9.8e-27,93.8
NP_416105.4,Molybdop_Fe4S4,PF04879,1.2e-12,48.1
NP_416106.1,Fer4_11,PF13247,3.8e-29,101.4
NP_416106.1,Fer4_6,PF12837,4.1e-13,49.2
NP_416106.1,Fer4,PF00037,1.7e-12,47.2
NP_416106.1,Fer4_2,PF12797,3.8e-12,45.9
NP_416106.1,Fer4_7,PF12838,9.8e-11,42.5
NP_416106.1,Fer4_10,PF13237,2.5e-10,40.7
NP_416106.1,Fer4_9,PF13187,3.8e-09,37.0
NP_416106.1,Fer4_4,PF12800,8.1e-06,26.3
NP_416107.1,DmsC,PF04976,4.7e-128,427.0
NP_416108.2,Nitrate_red_del,PF02613,2.2e-21,76.9
NP_416109.2,Voltage_CLC,PF00654,3.3e-81,273.7
NP_416110.4,AAA_26,PF13500,5.9e-30,105.2
NP_416110.4,CbiA,PF01656,2e-15,57.5
NP_416111.1,ROK,PF00480,8.6e-52,177.1
NP_416112.1,LysR_substrate,PF03466,2.5e-48,164.8
NP_416112.1,HTH_1,PF00126,5.8e-24,84.4
NP_416113.1,MFS_1,PF07690,1.2e-42,146.6
NP_416113.1,Sugar_tr,PF00083,3.2e-12,46.7
NP_416114.2,Asr,PF06392,4.6e-12,46.9
NP_416115.1,Trypsin,PF00089,2.4e-10,41.2
NP_416115.1,Trypsin_2,PF13365,6.9e-09,37.2
NP_416116.1,Multi_Drug_Res,PF00893,1.1e-28,100.1
NP_416117.1,Multi_Drug_Res,PF00893,1.5e-28,99.8
NP_416118.1,AI-2E_transport,PF01594,4.5e-80,270.0
NP_416119.1,PNTB,PF02233,1.9e-203,677.1
NP_416120.1,AlaDh_PNT_C,PF01262,3.3e-73,246.2
NP_416120.1,AlaDh_PNT_N,PF05222,2.6e-49,167.5
NP_416120.1,PNTB_4TM,PF12769,8.7e-36,122.8
NP_416121.1,YdgH_BhsA-like,PF07338,5.1e-61,203.1
NP_416122.1,AA_permease_2,PF13520,8.6e-81,272.6
NP_416122.1,AA_permease,PF00324,2e-13,50.5
NP_416123.1,adh_short_C2,PF13561,1.2e-21,78.0
NP_416123.1,adh_short,PF00106,6.1e-18,65.6
NP_416124.1,GlpM,PF06942,7e-52,174.9
NP_416125.2,Trans_reg_C,PF00486,5e-22,78.3
NP_416125.2,Response_reg,PF00072,1.6e-20,73.9
NP_416126.1,HATPase_c,PF02518,6.8e-25,88.3
NP_416126.1,HisKA,PF00512,2.5e-09,37.6
NP_416126.1,HAMP,PF00672,1.1e-08,35.8
NP_416127.1,Ter,PF05472,1.8e-136,454.6
NP_416128.1,Lyase_1,PF00206,3.7e-125,418.1
NP_416128.1,FumaraseC_C,PF10415,4.9e-26,91.5
NP_416129.1,Fumerase_C,PF05683,2.5e-88,295.4
NP_416129.1,Fumerase,PF05681,1.1e-80,271.4
NP_416130.3,PMI_typeI_cat,PF20511,2.6e-50,170.9
NP_416130.3,MPI_cupin_dom,PF21621,6.5e-27,93.9
NP_416130.3,PMI_typeI_hel,PF20512,6.5e-21,75.2
NP_416130.3,PMI_typeI_C,PF01238,1.5e-16,60.8
NP_416131.1,DUF945,PF06097,4.5e-154,514.5
NP_416132.2,OprD,PF03573,3.6e-06,26.9
NP_416133.1,MFS_2,PF13347,1.7e-88,297.6
NP_416133.1,MFS_1,PF07690,8.1e-14,51.9
NP_416134.1,Glyco_hydro_2_C,PF02836,4.3e-114,381.3
NP_416134.1,Glyco_hydro_2_N,PF02837,1e-63,214.9
NP_416134.1,Glyco_hydro_2,PF00703,4.5e-09,37.6
NP_416134.1,Glyco_hydro_2_N2,PF22666,1.8e-07,32.0
NP_416135.1,TetR_N,PF00440,1.5e-18,66.9
NP_416136.1,adh_short_C2,PF13561,7.4e-65,219.4
NP_416136.1,adh_short,PF00106,9.6e-60,202.0
NP_416136.1,KR,PF08659,1.1e-08,35.7
NP_416136.1,3HCDH_N,PF02737,0.00014,22.4
NP_416137.1,Peripla_BP_1,PF00532,7.3e-108,360.9
NP_416137.1,LacI,PF00356,5.5e-19,68.3
NP_416137.1,Peripla_BP_4,PF13407,1.4e-13,51.6
NP_416137.1,Peripla_BP_3,PF13377,1e-11,45.8
NP_416138.1,PTS_EIIC,PF02378,1.9e-85,287.4
NP_416138.1,PTS_EIIB,PF00367,4.7e-17,61.7
NP_416139.1,Aminotran_1_2,PF00155,1.7e-68,232.1
NP_416140.1,A_deaminase,PF00962,2.3e-135,451.5
NP_416141.4,GFO_IDH_MocA_C,PF02894,1.6e-52,179.1
NP_416141.4,GFO_IDH_MocA,PF01408,3.1e-29,102.7
NP_416141.4,GFO_IDH_MocA_C3,PF22725,4.1e-26,92.0
NP_416142.1,HHA,PF05321,2.5e-12,47.4
NP_416143.2,DUF2569,PF10754,2.2e-39,135.8
NP_416144.1,Rnf-Nqr,PF02508,3.6e-59,200.2
NP_416145.1,Fer4_21,PF14697,1.2e-18,67.6
NP_416145.1,Fer4,PF00037,1.8e-12,47.1
NP_416145.1,FeS,PF04060,5.7e-12,45.7
NP_416145.1,Fer4_7,PF12838,8.7e-09,36.3
NP_416145.1,Fer4_16,PF13484,1.2e-07,33.0
NP_416145.1,Fer4_10,PF13237,1.5e-07,31.8
NP_416145.1,Fer4_6,PF12837,1.7e-07,31.4
NP_416145.1,Fer4_2,PF12797,8.1e-07,29.2
NP_416145.1,Fer4_9,PF13187,1.7e-06,28.5
NP_416146.1,Complex1_51K,PF01512,3.3e-48,164.0
NP_416146.1,RnfC_N,PF13375,3.2e-32,111.1
NP_416146.1,Fer4_7,PF12838,1.7e-09,38.5
NP_416146.1,Fer4,PF00037,1.3e-08,34.9
NP_416146.1,SLBB,PF10531,2.9e-08,34.0
NP_416146.1,Fer4_8,PF13183,2.2e-07,31.9
NP_416146.1,Fer4_2,PF12797,1e-06,28.9
NP_416146.1,Fer4_17,PF13534,1.9e-06,28.9
NP_416146.1,Fer4_9,PF13187,2e-06,28.3
NP_416146.1,Fer4_10,PF13237,2.2e-06,28.1
NP_416146.1,Fer4_6,PF12837,3.1e-06,27.4
NP_416147.1,NQR2_RnfD_RnfE,PF03116,7.9e-120,400.4
NP_416148.1,FMN_bind,PF04205,1.9e-20,73.8
NP_416149.1,Rnf-Nqr,PF02508,3.3e-62,210.1
NP_416150.1,HhH-GPD,PF00730,1.4e-24,87.1
NP_416150.1,HHH,PF00633,1.7e-07,31.3
NP_416150.1,EndIII_4Fe-2S,PF10576,3.8e-05,24.4
NP_416151.1,PTR2,PF00854,1.1e-100,337.9
NP_416151.1,MFS_1,PF07690,7e-22,78.4
NP_416152.1,GST_C,PF00043,9.6e-20,71.2
NP_416152.1,GST_N_2,PF13409,9.9e-12,45.9
NP_416152.1,GST_N,PF02798,9.1e-10,39.3
NP_416152.1,GST_C_3,PF14497,1.8e-09,38.3
NP_416152.1,GST_C_2,PF13410,2.6e-09,37.7
NP_416152.1,GST_N_3,PF13417,2.6e-07,31.5
NP_416153.1,Phos_pyr_kin,PF08543,1.2e-15,58.2
NP_416153.1,PfkB,PF00294,6e-10,39.5
NP_416154.1,tRNA-synt_1b,PF00579,2.6e-95,319.7
NP_416154.1,SYY_C-terminal,PF22421,5.4e-28,97.3
NP_416154.1,S4,PF01479,7.8e-07,29.3
NP_416155.1,PNPOx_N,PF01243,1.5e-29,103.3
NP_416155.1,PNP_phzG_C,PF10590,1.4e-19,70.3
NP_416156.4,MliC,PF09864,3.3e-18,66.0
NP_416157.1,AnmK,PF03702,4.3e-182,605.7
NP_416159.2,MarR,PF01047,1.5e-16,60.6
NP_416159.2,MarR_2,PF12802,2.2e-12,47.6
NP_416159.2,HTH_27,PF13463,1.2e-07,32.5
NP_416160.1,DUF1656,PF07869,3.3e-14,53.3
NP_416161.4,Beta-barrel_AAEA,PF25963,2.1e-31,108.4
NP_416161.4,BSH_RND,PF25917,5.6e-26,90.8
NP_416161.4,HH_MFP_RND,PF25876,3.9e-22,78.9
NP_416161.4,HH_AAEA_pHBA,PF25878,3.4e-08,34.4
NP_416161.4,Biotin_lipoyl,PF00364,2.1e-06,28.1
NP_416162.1,FUSC,PF04632,1.5e-139,467.2
NP_416162.1,FUSC_2,PF13515,5.3e-17,62.7
NP_416163.1,Sod_Cu,PF00080,7.6e-33,114.3
NP_416165.2,DUF1289,PF06945,2e-19,69.7
NP_416166.3,TetR_C_13,PF16925,3.7e-10,40.7
NP_416166.3,TetR_N,PF00440,6.9e-10,39.1
NP_416167.1,Oxidored_FMN,PF00724,6.2e-86,289.3
NP_416168.1,Glyoxalase,PF00903,1.6e-28,100.1
NP_416168.1,Glyoxalase_4,PF13669,1.4e-08,35.6
NP_416168.1,GLOD4_C,PF21701,3e-07,31.2
NP_416168.1,Glyoxalase_6,PF18029,3.1e-05,25.2
NP_416169.1,RNase_T,PF00929,1.2e-23,85.0
NP_416170.1,DEAD_assoc,PF08494,1.7e-61,208.0
NP_416170.1,WHD_Lhr,PF19306,9.9e-47,159.1
NP_416170.1,WHD_2nd_Lhr,PF23236,1.8e-31,109.3
NP_416170.1,DEAD,PF00270,1.4e-30,106.8
NP_416170.1,WHD_3rd_Lhr,PF23235,2.9e-28,98.2
NP_416170.1,WHD_4th_Lhr,PF23234,7.8e-28,96.5
NP_416170.1,Helicase_C,PF00271,1.5e-13,51.6
NP_416170.1,ResIII,PF04851,5.9e-09,36.6
NP_416171.1,Glutaredoxin,PF00462,3.1e-20,72.7
NP_416172.1,NLPC_P60,PF00877,9.2e-37,125.8
NP_416173.1,Sod_Fe_C,PF02777,4.5e-41,139.6
NP_416173.1,Sod_Fe_N,PF00081,8.1e-35,119.7
NP_416174.1,MFS_1,PF07690,3e-36,125.6
NP_416174.1,MFS_4,PF06779,3.4e-07,30.6
NP_416174.1,Sugar_tr,PF00083,3.5e-05,23.5
NP_416175.1,Peripla_BP_3,PF13377,3e-39,135.4
NP_416175.1,Peripla_BP_1,PF00532,3.3e-35,122.5
NP_416175.1,Peripla_BP_4,PF13407,1.2e-20,74.8
NP_416175.1,LacI,PF00356,1e-18,67.4
NP_416176.1,LysR_substrate,PF03466,3.6e-29,102.2
NP_416176.1,HTH_1,PF00126,4.7e-21,75.1
NP_416178.1,CMAS,PF02353,1.9e-107,359.3
NP_416178.1,Methyltransf_25,PF13649,2e-17,64.3
NP_416178.1,Methyltransf_11,PF08241,3e-14,54.0
NP_416178.1,Methyltransf_23,PF13489,8.2e-12,45.7
NP_416178.1,Methyltransf_31,PF13847,8.3e-12,45.7
NP_416178.1,Methyltransf_12,PF08242,1.2e-09,39.3
NP_416178.1,FtsJ,PF01728,2.9e-07,31.2
NP_416178.1,PCMT,PF01135,8.6e-06,26.3
NP_416178.1,MTS,PF05175,2.7e-05,24.4
NP_416179.1,Lum_binding,PF00677,8.6e-50,167.3
NP_416181.1,AIDA,PF16168,1.2e-28,99.6
NP_416181.1,Pertactin,PF03212,4e-06,27.4
NP_416182.1,ydhR,PF08803,5.9e-42,142.1
NP_416183.1,NAD_binding_9,PF13454,3e-31,109.1
NP_416184.1,YdhT_N,PF27195,7.7e-31,106.1
NP_416185.1,Ni_hydr_CYTB,PF01292,1.1e-31,110.7
NP_416186.4,Fer4_11,PF13247,1.2e-21,77.4
NP_416186.4,Fer4_6,PF12837,1.8e-12,47.1
NP_416186.4,Fer4_7,PF12838,5.8e-12,46.5
NP_416186.4,Fer4_9,PF13187,2.4e-11,44.1
NP_416186.4,Fer4,PF00037,4.9e-10,39.4
NP_416186.4,Fer4_10,PF13237,3.4e-08,33.9
NP_416186.4,Fer4_2,PF12797,1.1e-07,31.9
NP_416187.1,YdhW_C,PF27264,4.6e-45,152.3
NP_416188.1,AFOR_N,PF02730,1.9e-67,227.4
NP_416188.1,AFOR_C,PF01314,2.7e-48,165.7
NP_416189.1,Fer4,PF00037,2.6e-16,59.3
NP_416189.1,Fer4_6,PF12837,6.7e-15,54.8
NP_416189.1,Fer4_7,PF12838,3.8e-14,53.5
NP_416189.1,Fer4_10,PF13237,1.9e-12,47.5
NP_416189.1,Fer4_2,PF12797,2e-12,46.8
NP_416189.1,Fer4_11,PF13247,7e-12,46.0
NP_416189.1,Fer4_4,PF12800,7.4e-12,45.1
NP_416189.1,Fer4_9,PF13187,2e-11,44.3
NP_416189.1,Fer4_21,PF14697,1.1e-08,35.7
NP_416189.1,LdpA_Fe-S-bd,PF25160,3.4e-08,33.7
NP_416189.1,Fer4_8,PF13183,3.7e-07,31.2
NP_416189.1,Fer4_3,PF12798,4.2e-06,27.8
NP_416189.1,Fer4_17,PF13534,2.5e-05,25.3
NP_416190.1,DUF2767,PF10965,6.5e-36,122.5
NP_416191.1,PK,PF00224,1.6e-145,484.9
NP_416191.1,PK_C,PF02887,6.7e-31,107.3
NP_416192.1,LPP,PF04728,3.9e-26,91.7
NP_416193.1,Ldt_C,PF17969,5.7e-26,91.6
NP_416193.1,YkuD,PF03734,6.1e-24,85.8
NP_416193.1,LysM,PF01476,1.5e-08,35.0
NP_416194.1,SufE,PF02657,2.1e-43,147.6
NP_416195.1,Aminotran_5,PF00266,3.7e-160,533.5
NP_416196.1,SUFBD_core,PF01458,1.9e-76,257.2
NP_416197.1,ABC_tran,PF00005,1.8e-21,77.8
NP_416198.2,SUFBD_core,PF01458,1e-77,261.3
NP_416198.2,SufBD_N,PF19295,1.2e-12,48.4
NP_416199.1,Fe-S_biosyn,PF01521,2e-19,70.4
NP_416200.2,YdiH,PF15930,6.5e-35,119.4
NP_416201.1,4HBT,PF03061,1.4e-18,67.5
NP_416202.1,FAD-oxidase_C,PF02913,2.5e-68,231.1
NP_416202.1,FAD_binding_4,PF01565,2.7e-38,131.4
NP_416202.1,Fer4_8,PF13183,2e-06,28.8
NP_416203.1,AI-2E_transport,PF01594,4.1e-65,220.9
NP_416204.2,Aca2_YdiL,PF08965,3.1e-61,205.4
NP_416205.1,MFS_1,PF07690,7.4e-32,111.2
NP_416206.6,MFS_1,PF07690,5.1e-33,115.0
NP_416207.1,Shikimate_dh_N,PF08501,4.9e-28,97.8
NP_416207.1,SDH_C,PF18317,6.8e-12,45.5
NP_416208.1,DHquinase_I,PF01487,5.4e-77,259.5
NP_416209.1,CoA_trans,PF01144,2.7e-50,171.3
NP_416210.4,Acyl-CoA_dh_1,PF00441,1.2e-46,159.1
NP_416210.4,Acyl-CoA_dh_M,PF02770,4e-24,85.2
NP_416210.4,Acyl-CoA_dh_N,PF02771,1.2e-18,68.1
NP_416210.4,Acyl-CoA_dh_2,PF08028,1.4e-17,64.9
NP_416211.1,HTH_18,PF12833,1.2e-20,74.2
NP_416211.1,Cupin_2,PF07883,5.1e-11,42.7
NP_416211.1,AraC_binding,PF02311,1.5e-10,41.5
NP_416211.1,HTH_AraC,PF00165,4.4e-07,30.5
NP_416212.1,ETF,PF01012,2.6e-35,122.5
NP_416213.1,ETF_alpha,PF00766,2.5e-28,98.4
NP_416213.1,ETF,PF01012,4.2e-21,76.1
NP_416214.1,ETF-QO_FixC_C,PF26311,4.8e-22,78.4
NP_416214.1,DAO,PF01266,6.4e-17,62.7
NP_416214.1,FAD_binding_3,PF01494,3.7e-14,53.3
NP_416214.1,FAD_oxidored,PF12831,1.9e-09,37.9
NP_416214.1,ETFQO_UQ-bd,PF21162,4e-09,37.5
NP_416214.1,Pyr_redox_2,PF07992,8.5e-08,32.6
NP_416214.1,FAD_binding_2,PF00890,3.9e-07,30.2
NP_416214.1,NAD_binding_8,PF13450,1.5e-06,29.0
NP_416214.1,Pyr_redox,PF00070,2e-06,28.8
NP_416216.5,AMP-binding,PF00501,3.1e-88,296.8
NP_416216.5,AMP-binding_C,PF13193,1.1e-18,68.5
NP_416217.1,PPDK_N,PF01326,2.3e-130,435.2
NP_416217.1,PEP-utilizers_C,PF02896,1.9e-59,201.8
NP_416217.1,PEP-utilizers,PF00391,8e-30,102.8
NP_416218.1,Kinase-PPPase,PF03618,1.7e-76,257.9
NP_416219.1,DAHP_synth_1,PF00793,2.2e-103,345.4
NP_416220.1,hemP,PF10636,2.2e-15,56.8
NP_416221.1,SelO,PF02696,1.6e-152,509.2
NP_416222.1,EAL,PF00563,2.7e-08,34.1
NP_416223.1,NLPC_P60,PF00877,8.5e-35,119.5
NP_416224.1,ABC_tran,PF00005,2.5e-23,83.8
NP_416224.1,AAA_21,PF13304,2.3e-08,34.9
NP_416225.1,GSHPx,PF00255,3.2e-47,159.2
NP_416226.1,FecCD,PF01032,2.5e-87,293.4
NP_416226.1,ABC-3,PF00950,0.00019,21.6
NP_416227.1,Bac_DNA_binding,PF00216,4.6e-31,107.5
NP_416227.1,HU-HIG,PF18291,1.6e-06,28.8
NP_416228.1,B3_4,PF03483,2.2e-75,252.7
NP_416228.1,tRNA_synthFbeta,PF17759,1.2e-61,208.5
NP_416228.1,FDX-ACB,PF03147,5.4e-30,104.3
NP_416228.1,tRNA_bind,PF01588,1.4e-26,92.9
NP_416228.1,B5,PF03484,1.1e-24,86.9
NP_416229.1,tRNA-synt_2d,PF01409,1.3e-107,359.4
NP_416229.1,Phe_tRNA-synt_N,PF02912,9.5e-28,96.6
NP_416230.1,PheM,PF28075,8.8e-09,35.6
NP_416231.1,Ribosomal_L20,PF00453,6e-48,162.0
NP_416232.3,Ribosomal_L35p,PF01632,4.1e-23,82.2
NP_416233.1,IF3_C,PF00707,7.6e-36,122.5
NP_416233.1,IF3_N,PF05198,1.4e-33,115.5
NP_416234.1,tRNA-synt_2b,PF00587,1.4e-63,214.8
NP_416234.1,HGTP_anticodon,PF03129,8.8e-26,90.5
NP_416234.1,TGS,PF02824,4.8e-16,59.1
NP_416234.1,tRNA_SAD,PF07973,1e-15,58.0
NP_416236.1,DUF481,PF04338,1.2e-58,199.2
NP_416237.3,PfkB,PF00294,4.6e-70,236.9
NP_416237.3,Phos_pyr_kin,PF08543,1.3e-08,35.2
NP_416238.1,GhoS,PF11080,4.2e-49,165.1
NP_416239.1,Fructosamin_kin,PF03881,1.4e-117,392.7
NP_416239.1,APH,PF01636,1.1e-18,68.5
NP_416240.1,YniB,PF14002,3.7e-75,252.0
NP_416241.1,Hydrolase,PF00702,7.6e-25,89.0
NP_416241.1,HAD_2,PF13419,2.5e-22,80.3
NP_416242.6,YdjM,PF04307,5.6e-35,121.0
NP_416243.1,SDF,PF00375,2.1e-107,360.1
NP_416245.2,CedA,PF10729,2e-45,153.4
NP_416247.1,YdjC,PF04794,3.7e-57,194.8
NP_416248.1,Glyco_hydro_4,PF02056,2.5e-77,259.2
NP_416248.1,Glyco_hydro_4C,PF11975,8.4e-45,153.9
NP_416249.1,HTH_18,PF12833,4.5e-20,72.3
NP_416249.1,HTH_AraC,PF00165,2.9e-19,69.3
NP_416249.1,Cupin_2,PF07883,2.4e-08,34.1
NP_416249.1,AraC_binding,PF02311,0.00014,22.1
NP_416250.1,PTS_IIA,PF02255,2.2e-32,111.6
NP_416251.1,PTS_EIIC,PF02378,8.4e-47,160.4
NP_416252.1,PTS_IIB,PF02302,1.1e-14,55.4
NP_416253.1,BamE,PF04355,4.5e-09,36.6
NP_416254.1,NAD_synthase,PF02540,3.2e-78,262.8
NP_416255.1,Cho_C,PF27115,1.2e-20,73.6
NP_416255.1,UvrC_M,PF27096,5.9e-20,72.2
NP_416256.2,HutD,PF05962,2e-45,155.8
NP_416257.1,LTXXQ,PF07813,2.8e-24,86.3
NP_416257.1,DUF4890,PF16231,1.5e-09,39.1
NP_416257.1,Metal_resist,PF13801,1.6e-07,32.1
NP_416258.1,AstE_AspA_cat,PF24827,2.6e-64,216.9
NP_416258.1,AstE_AspA_hybrid,PF04952,4e-22,78.6
NP_416259.1,AstB,PF04996,4.5e-210,698.6
NP_416260.1,Aldedh,PF00171,3.9e-119,398.8
NP_416261.1,AstA,PF04958,8.5e-140,465.7
NP_416262.1,Aminotran_3,PF00202,3.3e-129,431.7
NP_416262.1,Aminotran_1_2,PF00155,7e-06,26.1
NP_416263.1,Exo_endo_phos,PF03372,3.2e-38,132.2
NP_416264.4,VTT_dom,PF09335,7.3e-26,91.7
NP_416265.4,YdjY,PF27149,7e-72,241.3
NP_416266.1,VTT_dom,PF09335,1.5e-24,87.4
NP_416267.1,CMD,PF02627,2.7e-09,37.4
NP_416268.2,SBP_bac_8,PF13416,1.8e-14,54.7
NP_416268.2,SBP_bac_1,PF01547,1.5e-06,29.1
NP_416269.4,BPD_transp_1,PF00528,3.4e-07,30.7
NP_416270.1,ABC_tran,PF00005,2.3e-29,103.3
NP_416271.4,Rhodanese,PF00581,1.6e-31,109.3
NP_416272.2,CDP-OH_P_transf,PF01066,1.4e-10,42.4
NP_416273.1,NUDIX,PF00293,3.2e-23,82.8
NP_416273.1,NUDIX_4,PF14815,6.1e-20,71.7
NP_416274.1,DUF1496,PF07383,1.2e-25,89.4
NP_416275.1,ELFV_dehydrog,PF00208,7.2e-90,301.5
NP_416275.1,ELFV_dehydrog_N,PF02812,6.5e-49,165.5
NP_416276.4,DUF1266,PF06889,2.4e-26,93.6
NP_416277.1,Topoisom_bac,PF01131,7.9e-109,365.0
NP_416277.1,Toprim,PF01751,1.3e-15,57.9
NP_416278.1,AIRS,PF00586,7.2e-26,91.4
NP_416278.1,AIRS_C,PF02769,2.7e-23,83.5
NP_416279.1,Nitroreductase,PF00881,7.4e-25,88.6
NP_416280.1,Peptidase_S49,PF01343,5e-103,342.2
NP_416280.1,CLP_protease,PF00574,1.7e-05,25.3
NP_416281.1,Asparaginase,PF00710,1.1e-63,214.9
NP_416281.1,Asparaginase_C,PF17763,9e-34,116.5
NP_416282.4,Isochorismatase,PF00857,1.8e-34,119.9
NP_416283.1,MFS_1,PF07690,2e-38,132.8
NP_416283.1,Sugar_tr,PF00083,1.5e-35,123.5
NP_416284.1,DeoRC,PF00455,2.4e-49,168.0
NP_416284.1,HTH_DeoR,PF08220,2.2e-17,63.1
NP_416284.1,HTH_11,PF08279,2.5e-06,27.8
NP_416285.1,Aldo_ket_red,PF00248,1.7e-65,221.6
NP_416286.4,PfkB,PF00294,1.2e-73,248.7
NP_416287.1,F_bP_aldolase,PF01116,1.2e-87,294.6
NP_416288.1,ADH_zinc_N,PF00107,6.9e-29,101.0
NP_416288.1,ADH_N,PF08240,3e-28,98.7
NP_416288.1,Glu_dehyd_C,PF16912,3.6e-09,37.0
NP_416288.1,AlaDh_PNT_C,PF01262,4.7e-05,23.5
NP_416289.1,MFS_1,PF07690,9.9e-36,123.9
NP_416289.1,Sugar_tr,PF00083,1.2e-33,117.3
NP_416290.1,ADH_zinc_N,PF00107,1.9e-30,106.0
NP_416290.1,ADH_N,PF08240,1.8e-22,80.1
NP_416290.1,Glu_dehyd_C,PF16912,1.1e-14,55.0
NP_416290.1,ADH_zinc_N_2,PF13602,4.9e-06,28.1
NP_416291.4,DUF1315,PF07023,4.2e-26,91.4
NP_416292.1,SelR,PF01641,1.3e-52,177.2
NP_416293.1,Gp_dh_C,PF02800,3e-72,242.0
NP_416293.1,Gp_dh_N,PF00044,3.4e-43,146.6
NP_416294.4,Aldose_epim,PF01263,3.4e-47,161.9
NP_416295.1,Aldo_ket_red,PF00248,3.5e-56,191.0
NP_416296.1,MipA,PF06629,6e-55,187.4
NP_416297.1,AAA_PrkA,PF08298,1.5e-187,623.5
NP_416297.1,PrkA,PF06798,3.3e-69,234.0
NP_416298.1,DUF444,PF04285,4.4e-191,636.0
NP_416299.1,MASE4,PF17158,1.2e-47,162.9
NP_416299.1,GGDEF,PF00990,1e-44,152.7
NP_416300.2,GAPES1,PF17155,1.7e-116,389.1
NP_416300.2,GGDEF,PF00990,3.7e-40,137.9
NP_416301.1,tRNA_edit,PF04073,3.3e-27,95.6
NP_416302.2,YldA,PF23689,3.9e-21,75.2
NP_416303.1,DUF441,PF04284,1.1e-43,149.1
NP_416304.1,HTH_18,PF12833,1e-18,68.0
NP_416304.1,HTH_AraC,PF00165,3e-08,34.2
NP_416304.1,AraC_binding,PF02311,3.8e-05,24.0
NP_416305.1,MFS_1,PF07690,4.5e-26,92.2
NP_416306.2,DUF488-N3i,PF22752,1.6e-40,139.3
NP_416306.2,DUF488,PF04343,9.1e-32,110.8
NP_416306.2,DUF488-N3a,PF22751,5.4e-24,85.3
NP_416307.1,DUF333,PF03891,8.8e-21,74.6
NP_416308.4,GGDEF,PF00990,5e-41,140.7
NP_416308.4,GAF_2,PF13185,2.1e-10,41.5
NP_416308.4,GAF,PF01590,7.4e-09,36.8
NP_416309.1,Transgly_assoc,PF04226,1.8e-16,60.7
NP_416310.1,DUF1869,PF08956,5.2e-33,113.3
NP_416311.1,TehB-like,PF09313,5.4e-23,81.3
NP_416312.1,LysE,PF01810,3.9e-61,206.5
NP_416313.4,LysR_substrate,PF03466,5.5e-33,114.7
NP_416313.4,HTH_1,PF00126,3.6e-18,65.9
NP_416314.1,Iso_dh,PF00180,7.1e-88,295.8
NP_416315.1,BCCT,PF02028,9.7e-115,384.4
NP_416316.1,Ring_hydroxyl_A,PF00848,6.2e-23,82.4
NP_416316.1,Rieske,PF00355,8.3e-23,80.7
NP_416317.1,Fer2,PF00111,2e-14,53.9
NP_416317.1,DmmA-like_N,PF22290,1.2e-11,45.7
NP_416317.1,NAD_binding_1,PF00175,2.6e-08,35.1
NP_416317.1,NAD_binding_6,PF08030,0.00013,22.7
NP_416318.1,DNA_pol_A_exo1,PF01612,3e-53,180.7
NP_416318.1,RNAseD_HRDC_C,PF21293,3.6e-32,110.6
NP_416318.1,HRDC,PF00570,4.4e-16,59.2
NP_416319.1,AMP-binding,PF00501,5.2e-101,338.8
NP_416319.1,AMP-binding_C,PF13193,2.8e-19,70.4
NP_416320.1,Slp,PF03843,3.3e-45,153.8
NP_416321.1,TsaD,PF00814,2.2e-28,100.3
NP_416322.1,Helicase_C_2,PF13307,1.3e-42,146.3
NP_416322.1,DEAD,PF00270,3.3e-12,47.1
NP_416322.1,ResIII,PF04851,6.1e-08,33.3
NP_416322.1,DEAD_2,PF06733,8.1e-05,22.9
NP_416323.4,Ribonuc_L-PSP,PF01042,4.3e-31,108.0
NP_416324.2,DUF1889,PF08986,5.3e-28,97.5
NP_416325.1,UPF0181,PF03701,1.9e-29,101.6
NP_416326.1,Chorismate_bind,PF00425,9.5e-88,294.6
NP_416326.1,Anth_synt_I_N,PF04715,1.1e-27,97.5
NP_416327.1,NUDIX,PF00293,6.3e-16,59.2
NP_416328.1,SDH_alpha,PF03313,1.4e-91,307.4
NP_416328.1,SDH_beta,PF03315,2e-59,200.9
NP_416329.4,EAL,PF00563,2.9e-58,197.6
NP_416329.4,CSS-motif,PF12792,1.3e-42,146.1
NP_416330.1,TerC,PF03741,6e-46,157.0
NP_416330.1,CorC_HlyC,PF03471,4.1e-17,62.6
NP_416330.1,CBS,PF00571,1.2e-07,32.5
NP_416331.1,PTSIIB_sorb,PF03830,1.6e-55,188.1
NP_416331.1,EIIA-man,PF03610,5.8e-36,123.7
NP_416332.1,EII-Sor,PF03609,3.4e-79,266.2
NP_416333.4,EIID-AGA,PF03613,1.2e-110,369.5
NP_416334.1,DUF986,PF06173,4.8e-65,218.6
NP_416335.4,Mntp,PF02659,1.9e-55,187.4
NP_416336.1,Zn_ribbon_RlmA,PF21302,6.6e-26,90.6
NP_416336.1,Methyltransf_25,PF13649,2e-15,57.8
NP_416336.1,Methyltransf_31,PF13847,2.4e-15,57.2
NP_416336.1,Methyltransf_11,PF08241,1.7e-13,51.6
NP_416336.1,Methyltransf_12,PF08242,3.3e-09,37.9
NP_416336.1,Methyltransf_23,PF13489,3e-06,27.6
NP_416336.1,Methyltransf_4,PF02390,1.2e-05,25.5
NP_416336.1,MTS,PF05175,1.7e-05,25.0
NP_416336.1,Ubie_methyltran,PF01209,4.1e-05,23.6
NP_416337.1,CSD,PF00313,2.3e-33,114.5
NP_416338.1,DUF2527,PF10736,2.2e-26,91.9
NP_416339.1,YebO,PF13974,2.3e-36,124.5
NP_416340.1,MgrB,PF13998,2.5e-18,66.3
NP_416341.1,IclR_C,PF01614,1e-70,237.4
NP_416341.1,HTH_IclR,PF09339,4.4e-12,46.2
NP_416342.4,MFS_1,PF07690,5.5e-53,180.7
NP_416342.4,Sugar_tr,PF00083,3.7e-09,36.6
NP_416343.1,Peptidase_M48,PF01435,1.8e-39,136.1
NP_416344.1,TSP_NTD,PF17804,1.2e-60,205.6
NP_416344.1,Peptidase_S41,PF03572,1.5e-49,168.3
NP_416344.1,DUF3340,PF11818,3.2e-39,135.1
NP_416344.1,PDZ,PF00595,6.7e-12,46.2
NP_416346.4,GAF_2,PF13185,6.5e-13,49.6
NP_416346.4,GAF,PF01590,2.1e-12,48.3
NP_416347.1,PqiA,PF04403,6.1e-82,273.7
NP_416348.2,MlaD,PF02470,1.8e-84,278.6
NP_416349.2,Methyltr_RsmB-F,PF01189,1.4e-45,156.0
NP_416349.2,YebU_pre-PUA_dom,PF21150,1.3e-37,128.1
NP_416349.2,Methyltr_RsmF_N,PF17125,3e-28,98.6
NP_416349.2,Methyltranf_PUA,PF13636,8.5e-13,48.7
NP_416349.2,RsmF-B_ferredox,PF22458,9e-07,29.5
NP_416350.4,DUF1480,PF07351,2.6e-36,124.2
NP_416351.2,DUF1482,PF07358,5.7e-36,122.8
NP_416352.4,Metallophos,PF00149,1.7e-15,58.5
NP_416353.1,DUF2511,PF10709,2.2e-45,153.6
NP_416354.1,CopD,PF05425,8.1e-27,94.2
NP_416355.1,CopC,PF04234,1.2e-27,97.4
NP_416355.1,Big_5,PF13205,2.1e-05,25.7
NP_416356.1,DNA_pol3_theta,PF06440,1.1e-38,131.3
NP_416357.1,CN_hydrolase,PF00795,1.4e-28,100.5
NP_416358.1,RNase_T,PF00929,8.2e-17,62.8
NP_416358.1,ExoX-like_C,PF20600,1.9e-13,50.1
NP_416359.1,Peptidase_S9_N,PF02897,3.5e-126,421.9
NP_416359.1,Peptidase_S9,PF00326,4.4e-67,226.3
NP_416360.1,DUF533,PF04391,9.9e-44,149.6
NP_416361.2,YebF,PF13995,2.8e-44,149.6
NP_416362.1,YebG,PF07130,4.1e-34,116.9
NP_416363.1,ATP-grasp,PF02222,1.6e-60,204.4
NP_416363.1,PurT_C,PF21244,4.6e-29,100.3
NP_416363.1,Dala_Dala_lig_C,PF07478,3.2e-09,37.2
NP_416363.1,RS_preATP-grasp-like,PF22660,8.9e-09,36.2
NP_416363.1,CPSase_L_D2,PF02786,1.2e-06,28.8
NP_416363.1,ATP-grasp_3,PF02655,2.7e-06,28.2
NP_416364.1,Aldolase,PF01081,3e-94,314.6
NP_416365.1,ILVD_EDD_N,PF00920,2.7e-100,336.2
NP_416365.1,ILV_EDD_C,PF24877,3.9e-53,180.3
NP_416366.1,G6PD_C,PF02781,3.4e-122,407.7
NP_416366.1,G6PD_N,PF00479,6.9e-57,193.6
NP_416367.1,HTH_6,PF01418,3.5e-33,114.0
NP_416367.1,SIS,PF01380,3.6e-30,105.0
NP_416367.1,SIS_2,PF13580,1.2e-10,42.1
NP_416368.1,PK,PF00224,1.7e-125,419.1
NP_416368.1,PK_C,PF02887,1.9e-32,112.3
NP_416369.1,Lip_A_acyltrans,PF03279,8.5e-115,383.6
NP_416370.2,Csd3_N2,PF19425,3.4e-67,224.6
NP_416370.2,Peptidase_M23,PF01551,1.4e-35,122.0
NP_416370.2,OapA_N,PF08525,8.8e-10,38.7
NP_416370.2,LysM_OapA,PF04225,1.6e-09,38.3
NP_416370.2,NMB0315_dom_I,PF22310,8.4e-08,33.1
NP_416370.2,LysM,PF01476,1.4e-07,31.9
NP_416371.4,ZnuA,PF01297,4e-67,227.1
NP_416372.1,ABC_tran,PF00005,2.4e-29,103.3
NP_416372.1,AAA_21,PF13304,6.5e-11,43.3
NP_416373.1,ABC-3,PF00950,2.5e-90,303.1
NP_416373.1,FecCD,PF01032,1.9e-06,27.7
NP_416374.1,RuvB_N,PF05496,4.4e-82,274.1
NP_416374.1,AAA_lid_4,PF17864,1.5e-31,108.6
NP_416374.1,WHD_RuvB,PF05491,3.5e-24,85.1
NP_416374.1,AAA,PF00004,9.3e-22,78.5
NP_416374.1,AAA_5,PF07728,1.3e-08,35.6
NP_416374.1,Mg_chelatase,PF01078,0.00019,21.5
NP_416375.1,RuvA_N,PF01330,1.3e-24,86.6
NP_416375.1,RuvA_C,PF07499,2.5e-16,60.5
NP_416375.1,HHH_5,PF14520,6.8e-15,55.9
NP_416375.1,HHH,PF00633,1.7e-07,31.3
NP_416376.2,Peptidase_C92,PF05708,1.3e-45,156.1
NP_416377.1,RuvC,PF02075,6.3e-69,231.2
NP_416378.1,Transcrip_reg,PF01709,2.3e-62,210.0
NP_416378.1,TACO1_YebC_N,PF20772,4.7e-31,107.7
NP_416379.1,NUDIX,PF00293,2e-17,64.0
NP_416380.1,tRNA-synt_2,PF00152,3.4e-124,414.5
NP_416380.1,GAD,PF02938,1.7e-30,105.7
NP_416380.1,tRNA_anti-codon,PF01336,4.3e-18,65.6
NP_416381.2,Isochorismatase,PF00857,2.6e-40,138.9
NP_416382.1,DUF72,PF01904,5.2e-50,171.1
NP_416383.4,MAPEG,PF01124,1.6e-23,83.9
NP_416384.1,Methyltransf_25,PF13649,2e-15,57.8
NP_416384.1,Methyltransf_11,PF08241,2.4e-11,44.7
NP_416384.1,Methyltransf_12,PF08242,7.1e-11,43.3
NP_416384.1,Methyltransf_31,PF13847,1.1e-08,35.6
NP_416384.1,Methyltransf_2,PF00891,3e-08,33.9
NP_416384.1,Ubie_methyltran,PF01209,3.9e-05,23.7
NP_416385.1,Methyltransf_9,PF08003,3.6e-173,575.4
NP_416385.1,Methyltransf_23,PF13489,1.9e-09,38.1
NP_416385.1,Methyltransf_25,PF13649,6.7e-07,30.5
NP_416385.1,Methyltransf_31,PF13847,4.3e-07,30.4
NP_416385.1,Methyltransf_11,PF08241,1.1e-05,26.5
NP_416386.4,Molybdopterin,PF00384,1.9e-85,287.6
NP_416386.4,Molydop_binding,PF01568,2e-24,86.3
NP_416386.4,Molybdopterin_N,PF18364,5.5e-11,42.8
NP_416387.1,Cytochrom_NNT,PF03264,2.6e-69,233.0
NP_416387.1,Cytochrome_C7,PF14522,6e-09,36.2
NP_416387.1,Mtrc-MtrF_II-IV_dom,PF22113,1.4e-07,31.8
NP_416387.1,Paired_CXXCH_1,PF09699,1.2e-06,28.7
NP_416387.1,Cytochrom_c3_2,PF14537,5e-06,27.5
NP_416389.4,YecM,PF06185,1.9e-74,249.9
NP_416390.1,tRNA-synt_1d,PF00750,5.8e-181,601.6
NP_416390.1,DALR_1,PF05746,1.1e-37,129.2
NP_416390.1,Arg_tRNA_synt_N,PF03485,5.7e-23,81.9
NP_416391.4,LprI,PF07007,4.5e-18,66.2
NP_416392.1,FlhE,PF06366,2.3e-41,140.7
NP_416393.1,FHIPEP,PF00771,2.5e-270,899.2
NP_416394.1,Bac_export_2,PF01312,1.7e-128,429.2
NP_416395.1,CheZ,PF04344,4.8e-77,259.0
NP_416396.1,Response_reg,PF00072,1.1e-31,109.9
NP_416397.1,CheB_methylest,PF01339,9.6e-69,231.2
NP_416397.1,Response_reg,PF00072,1.3e-22,80.7
NP_416398.1,CheR,PF01739,6.4e-63,212.3
NP_416398.1,CheR_N,PF03705,4.8e-18,65.2
NP_416399.1,MCPsignal,PF00015,6.3e-56,189.5
NP_416399.1,TarH,PF02203,8.3e-42,143.6
NP_416399.1,HAMP,PF00672,1.9e-09,38.3
NP_416400.1,MCPsignal,PF00015,9.2e-63,211.7
NP_416400.1,TarH,PF02203,2.5e-41,142.1
NP_416400.1,HAMP,PF00672,1.8e-11,44.7
NP_416401.1,CheW,PF01584,3.6e-38,130.9
NP_416402.2,CheW,PF01584,7.5e-31,107.2
NP_416402.2,H-kinase_dim,PF02895,4.3e-21,75.7
NP_416402.2,HATPase_c,PF02518,2.5e-18,67.1
NP_416402.2,CheY-binding,PF09078,6e-17,62.0
NP_416403.1,MotB_plug,PF13677,7.4e-21,74.1
NP_416403.1,OmpA,PF00691,2.6e-12,47.6
NP_416404.1,MotA_N,PF20560,1.3e-32,112.5
NP_416404.1,MotA_ExbB,PF01618,8.3e-13,48.8
NP_416405.1,FlhC,PF05280,2.9e-85,285.0
NP_416406.4,FlhD,PF05247,7.8e-39,132.8
NP_416407.1,DDE_Tnp_IS1,PF03400,6.6e-78,260.0
NP_416408.1,HTH_Tnp_IS1,PF12759,5.2e-31,106.6
NP_416408.1,Zn_ribbon_InsA,PF03811,1.4e-21,76.4
NP_416409.1,Usp,PF00582,1.2e-16,62.1
NP_416410.1,Glyco_transf_20,PF00982,9.3e-156,519.8
NP_416411.1,Trehalose_PPase,PF02358,5.1e-57,193.3
NP_416411.1,Hydrolase_3,PF08282,0.00026,21.4
NP_416413.1,ABC_tran,PF00005,1.5e-56,191.4
NP_416413.1,AAA_21,PF13304,1.5e-12,48.7
NP_416414.1,Peripla_BP_1,PF00532,1.2e-95,320.8
NP_416414.1,Peripla_BP_4,PF13407,2.8e-19,70.2
NP_416415.1,Ferritin,PF00210,5.1e-27,95.1
NP_416416.2,DUF2766,PF10964,2e-46,156.6
NP_416417.1,YecR,PF13992,4.2e-32,110.8
NP_416418.1,Ferritin,PF00210,2.3e-37,128.7
NP_416419.1,DUF2492,PF10678,3.7e-37,127.0
NP_416420.1,Trp_Tyr_perm,PF03222,2.3e-147,491.8
NP_416420.1,Aa_trans,PF01490,3.5e-09,36.4
NP_416421.1,UPF0149,PF03695,3.8e-37,128.8
NP_416421.1,SEC-C,PF02810,2.5e-10,40.6
NP_416422.1,CDP-OH_P_transf,PF01066,6.6e-38,131.1
NP_416423.4,UvrC_RNaseH_dom,PF08459,1.5e-49,168.4
NP_416423.4,UvrC_RNaseH,PF22920,6.5e-37,126.6
NP_416423.4,UvrC_M,PF27096,1.2e-24,87.3
NP_416423.4,GIY-YIG,PF01541,1.3e-10,42.0
NP_416423.4,HHH,PF00633,7.2e-11,41.9
NP_416423.4,UVR,PF02151,3.9e-10,39.8
NP_416423.4,HHH_5,PF14520,1.1e-08,36.0
NP_416424.1,Response_reg,PF00072,1.2e-31,109.7
NP_416424.1,GerE,PF00196,5.9e-21,74.5
NP_416424.1,Sigma70_r4_2,PF08281,8.7e-06,25.9
NP_416425.1,DUF2594,PF10769,9.9e-38,128.6
NP_416426.1,Autoind_bind,PF03472,1.1e-34,119.8
NP_416426.1,GerE,PF00196,4.9e-23,81.1
NP_416427.1,ABC_tran,PF00005,1e-38,133.6
NP_416427.1,AAA_21,PF13304,2.4e-13,51.3
NP_416427.1,AAA_22,PF13401,7.2e-07,30.2
NP_416427.1,ABC_ATPase,PF09818,1.4e-05,24.9
NP_416428.1,BPD_transp_1,PF00528,1.2e-28,100.7
NP_416429.4,PALP,PF00291,1e-53,183.2
NP_416430.1,SBP_bac_3,PF00497,5.7e-46,156.1
NP_416430.1,Lig_chan-Glu_bd,PF10613,5.9e-11,43.1
NP_416431.2,Phage_int_SAM_1,PF02899,9e-15,55.3
NP_416432.3,Sigma70_r3,PF04539,1.3e-18,67.4
NP_416432.3,Sigma70_r4,PF04545,2.6e-17,62.7
NP_416432.3,Sigma70_r2,PF04542,7.4e-17,61.5
NP_416432.3,Sigma70_r4_2,PF08281,9.7e-11,41.7
NP_416433.1,Flagellin_N,PF00669,1.4e-45,155.4
NP_416433.1,Flagellin_C,PF00700,1.7e-31,108.9
NP_416433.1,FLIC_barrel,PF21504,1.1e-23,83.4
NP_416433.1,Flagellin_D3,PF08884,1.3e-11,45.3
NP_416434.1,FliD_C,PF07195,4.9e-70,236.3
NP_416434.1,FliD_N,PF02465,1.5e-22,80.6
NP_416435.1,FliS,PF02561,2.5e-34,118.6
NP_416436.1,FliT,PF05400,1.7e-21,77.2
NP_416437.1,Alpha-amylase,PF00128,7.8e-16,58.9
NP_416437.1,Glyco_hydro_70,PF02324,1.1e-09,37.6
NP_416438.1,YedD,PF13987,4.6e-28,98.1
NP_416439.1,Sulf_transp,PF04143,1.3e-50,173.3
NP_416440.1,TusA,PF01206,1e-20,73.9
NP_416442.1,Acetyltransf_1,PF00583,4.7e-14,53.2
NP_416442.1,Acetyltransf_7,PF13508,6.8e-09,36.6
NP_416447.1,FliE,PF02049,4.2e-27,94.7
NP_416448.1,YscJ_FliF,PF01514,9.8e-71,237.9
NP_416448.1,YscJ_FliF_C,PF08345,6.4e-48,163.5
NP_416449.1,FliG_C,PF01706,2e-39,134.8
NP_416449.1,FliG_N,PF14842,1.9e-32,112.6
NP_416449.1,FliG_M,PF14841,7.9e-28,97.1
NP_416449.1,MgtE_N,PF03448,1.2e-07,32.8
NP_416450.2,FliH,PF02108,2.2e-41,141.4
NP_416451.1,ATP-synt_ab,PF00006,5.6e-86,288.2
NP_416451.1,T3SS_ATPase_C,PF18269,1.7e-23,82.9
NP_416452.1,FliJ,PF02050,1.6e-40,139.0
NP_416453.1,Flg_hook,PF02120,2.8e-21,75.7
NP_416454.1,FliL,PF03748,2.4e-19,70.4
NP_416455.1,FliM,PF02154,1.2e-76,257.5
NP_416455.1,FliMN_C,PF01052,3.3e-16,59.6
NP_416456.1,FliMN_C,PF01052,1.6e-26,92.6
NP_416456.1,FliN_N,PF16973,6.4e-21,74.6
NP_416457.4,FliO,PF04347,2.8e-20,72.8
NP_416458.1,FliP,PF00813,5.4e-83,278.3
NP_416459.1,Bac_export_3,PF01313,3.1e-30,104.5
NP_416460.1,Bac_export_1,PF01311,1.2e-68,231.7
NP_416461.1,GerE,PF00196,2.8e-19,69.1
NP_416462.1,DSRB,PF10781,3.3e-34,116.9
NP_416463.4,DUF2525,PF10733,1.1e-30,106.5
NP_416464.1,Hydrolase_3,PF08282,1.1e-14,55.4
NP_416464.1,S6PP,PF05116,1.3e-07,32.0
NP_416465.2,CHASE7,PF17151,4.5e-95,317.2
NP_416465.2,GGDEF,PF00990,2.6e-47,161.1
NP_416466.1,DUF2158,PF09926,4.6e-07,30.1
NP_416467.1,DUF808,PF05661,6.7e-113,377.3
NP_416468.1,EamA,PF00892,5.4e-43,147.1
NP_416469.1,Vsr,PF03852,1.4e-39,134.4
NP_416470.1,DNA_methylase,PF00145,4.4e-77,260.3
NP_416470.1,DNA_meth_N,PF18284,1.5e-20,73.5
NP_416471.1,HD,PF01966,8.4e-17,62.1
NP_416472.3,DrpB,PF28000,2.7e-44,149.7
NP_416476.1,DJ-1_PfpI,PF01965,1.7e-06,28.5
NP_416477.1,HATPase_c,PF02518,9.7e-18,65.2
NP_416477.1,HisKA,PF00512,5.9e-11,42.9
NP_416478.2,Response_reg,PF00072,9.4e-28,97.2
NP_416478.2,Trans_reg_C,PF00486,5.7e-25,87.8
NP_416479.1,Transthyretin,PF00576,5.1e-39,133.8
NP_416480.1,Oxidored_molyb,PF00174,8.5e-33,113.9
NP_416481.1,Ferric_reduct,PF01794,1.7e-16,61.0
NP_416482.1,ZinT,PF09223,1.4e-85,286.3
NP_416483.4,Ni_hydr_CYTB,PF01292,3.2e-22,79.8
NP_416484.2,Peptidase_M90,PF06167,6.2e-60,203.4
NP_416485.5,Big_1,PF02369,2.4e-213,691.6
NP_416485.5,Invasin_D3,PF09134,7e-128,418.3
NP_416485.5,IAT_beta,PF11924,5e-113,377.9
NP_416485.5,CarboxypepD_reg,PF13620,1.6e-15,57.8
NP_416485.5,Invasin_D4,PF21764,4e-15,56.2
NP_416485.5,Big_3_5,PF16640,8.2e-14,52.5
NP_416485.5,MG4,PF17789,2.1e-10,41.2
NP_416485.5,Filamin,PF00630,3.3e-09,38.0
NP_416485.5,Ig_SMCHD1_6th,PF26198,5.8e-08,33.4
NP_416485.5,PKD,PF00801,2.4e-06,28.0
NP_416488.1,MFS_1,PF07690,6.1e-28,98.3
NP_416488.1,Sugar_tr,PF00083,2.5e-23,83.3
NP_416489.1,AMNp_N,PF10423,2.8e-51,173.9
NP_416489.1,PNP_UDP_1,PF01048,1.8e-21,77.2
NP_416490.1,Transcrip_reg,PF01709,2.2e-51,174.3
NP_416490.1,TACO1_YebC_N,PF20772,1.9e-25,89.7
NP_416491.3,MatE,PF01554,5.5e-56,189.3
NP_416492.1,LysR_substrate,PF03466,7.5e-45,153.5
NP_416492.1,HTH_1,PF00126,1.5e-12,47.9
NP_416493.1,LysR_substrate,PF03466,9.4e-33,113.9
NP_416493.1,HTH_1,PF00126,2.6e-21,75.9
NP_416494.1,YkuD,PF03734,3.9e-24,86.5
NP_416494.1,Ldt_C,PF17969,5.8e-24,85.1
NP_416495.1,DBI_PRT,PF02277,3.1e-120,401.9
NP_416496.1,CobS,PF02654,5.5e-56,190.6
NP_416497.1,CobU,PF02283,1.5e-64,217.2
NP_416498.2,DDE_Tnp_1,PF01609,2.2e-35,122.8
NP_416498.2,DUF772,PF05598,3.9e-25,88.8
NP_416500.1,rve_3,PF13683,1e-18,67.4
NP_416500.1,rve,PF00665,1.9e-16,60.8
NP_416500.1,HTH_21,PF13276,5.2e-11,43.2
NP_416505.2,YeeR_C,PF27347,2.1e-44,150.7
NP_416506.1,RadC,PF04002,6.7e-46,155.7
NP_416507.1,DUF987,PF06174,2.3e-40,137.2
NP_416508.1,CbeA_antitoxin,PF06154,3.6e-51,172.5
NP_416509.1,CbtA_toxin,PF06755,7e-34,116.2
NP_416511.4,DUF496,PF04363,2.5e-45,153.1
NP_416512.1,FUSC,PF04632,5e-16,59.0
NP_416512.1,FUSC_2,PF13515,1.5e-13,51.5
NP_416513.1,GyrI-like,PF06445,1.7e-32,113.4
NP_416513.1,Cass2,PF14526,2.3e-31,109.6
NP_416514.4,Peptidase_S11,PF00768,1e-104,349.8
NP_416514.4,PBP5_C,PF07943,2e-21,76.6
NP_416514.4,Beta-lactamase2,PF13354,2.8e-09,37.1
NP_416515.1,ExoI_SH3,PF08411,4.9e-58,195.8
NP_416515.1,ExoI_C,PF26016,4.1e-37,127.6
NP_416515.1,RNase_T,PF00929,3.4e-31,109.6
NP_416516.1,TusA,PF01206,1e-18,67.5
NP_416517.1,Sulf_transp,PF04143,4.8e-117,391.5
NP_416518.2,AA_permease,PF00324,4.3e-35,121.9
NP_416518.2,AA_permease_2,PF13520,1.3e-33,117.2
NP_416519.4,LysR_substrate,PF03466,4.6e-27,95.4
NP_416519.4,HTH_1,PF00126,1.5e-13,51.0
NP_416520.1,Epimerase,PF01370,2.8e-12,47.2
NP_416521.2,PhdYeFM_antitox,PF02604,6.7e-28,96.9
NP_416522.1,His_leader,PF08047,7.8e-10,38.9
NP_416523.1,HisG,PF01634,4.5e-50,170.3
NP_416523.1,HisG_C,PF08029,2e-24,86.1
NP_416524.1,Histidinol_dh,PF00815,1.6e-165,551.7
NP_416525.1,Aminotran_1_2,PF00155,8.8e-77,259.3
NP_416526.4,IGPD,PF00475,1.1e-62,211.0
NP_416526.4,Hydrolase_like,PF13242,2.7e-07,31.0
NP_416526.4,PNK3P,PF08645,6.9e-07,29.7
NP_416526.4,HAD_2,PF13419,2.8e-06,28.1
NP_416527.1,GATase,PF00117,2.2e-19,70.4
NP_416527.1,SNO,PF01174,3.1e-06,27.8
NP_416527.1,Peptidase_C26,PF07722,8.4e-05,23.0
NP_416528.2,His_biosynth,PF00977,1.9e-76,257.1
NP_416528.2,Dus,PF01207,0.00029,20.7
NP_416529.1,His_biosynth,PF00977,5.6e-76,255.6
NP_416529.1,Dus,PF01207,2.9e-07,30.5
NP_416530.1,PRA-CH,PF01502,1.9e-32,111.4
NP_416530.1,PRA-PH,PF01503,1.9e-25,89.6
NP_416531.4,Wzz,PF02706,4.9e-19,69.0
NP_416532.1,UDPG_MGDP_dh_N,PF03721,1.2e-32,113.6
NP_416532.1,UDPG_MGDP_dh,PF00984,1.4e-27,96.2
NP_416532.1,UDPG_MGDP_dh_C,PF03720,1.1e-10,42.4
NP_416533.1,6PGD,PF00393,9e-136,452.5
NP_416533.1,NAD_binding_2,PF03446,6.2e-51,173.2
NP_416535.2,DDE_Tnp_1,PF01609,8e-36,124.3
NP_416535.2,DUF772,PF05598,3.9e-25,88.8
NP_416536.1,Glycos_transf_1,PF00534,5.4e-32,111.3
NP_416536.1,Glyco_trans_1_4,PF13692,6.6e-14,53.0
NP_416537.1,Hexapep,PF00132,2e-12,46.8
NP_416537.1,Hexapep_2,PF14602,5.7e-07,29.7
NP_416538.1,Gtf3_C,PF26337,6.9e-39,134.0
NP_416538.1,Gtf3_N,PF26334,1.9e-09,38.0
NP_416540.1,GLF,PF03275,4.6e-85,285.0
NP_416540.1,NAD_binding_8,PF13450,5.9e-21,75.1
NP_416540.1,Amino_oxidase,PF01593,9.2e-08,32.4
NP_416540.1,Pyr_redox,PF00070,3.7e-05,24.8
NP_416541.1,Polysacc_synt,PF01943,1.1e-80,271.7
NP_416541.1,Polysacc_synt_3,PF13440,7.5e-08,32.6
NP_416542.1,dTDP_sugar_isom,PF00908,2.2e-72,242.8
NP_416543.1,NTP_transferase,PF00483,1.1e-83,281.2
NP_416543.1,NTP_transf_3,PF12804,4.8e-09,37.2
NP_416544.1,RmlD_sub_bind,PF04321,5.5e-109,364.3
NP_416544.1,Epimerase,PF01370,2.2e-17,63.9
NP_416544.1,GDP_Man_Dehyd,PF16363,2.2e-11,44.4
NP_416544.1,Polysacc_synt_2,PF02719,7.1e-08,32.6
NP_416544.1,NAD_binding_4,PF07993,5.1e-05,23.1
NP_416545.1,GDP_Man_Dehyd,PF16363,1.7e-91,307.7
NP_416545.1,Epimerase,PF01370,3.1e-72,243.4
NP_416545.1,3Beta_HSD,PF01073,1.7e-14,54.1
NP_416545.1,Polysacc_synt_2,PF02719,2.8e-14,53.6
NP_416545.1,RmlD_sub_bind,PF04321,2.2e-12,47.3
NP_416545.1,NAD_binding_4,PF07993,2.7e-11,43.7
NP_416546.1,NTP_transferase,PF00483,8.3e-25,88.4
NP_416547.1,WcaM,PF27800,3e-283,939.8
NP_416548.1,Glycos_transf_1,PF00534,6.6e-40,137.0
NP_416548.1,Glyco_trans_1_4,PF13692,3.5e-29,102.5
NP_416548.1,GT4-conflict,PF20706,1.2e-11,44.9
NP_416548.1,Glyco_transf_4,PF13439,8.4e-10,39.5
NP_416548.1,Glyco_trans_1_2,PF13524,5.3e-07,30.3
NP_416548.1,Glyco_trans_4_4,PF13579,7.2e-07,30.3
NP_416549.1,PS_pyruv_trans,PF04230,1.6e-41,143.7
NP_416550.1,Polysacc_synt,PF01943,3.7e-72,243.6
NP_416550.1,Polysacc_synt_3,PF13440,5e-68,230.1
NP_416551.1,Bac_transf,PF02397,3.9e-71,238.9
NP_416551.1,CoA_binding_3,PF13727,1.1e-49,169.4
NP_416552.1,PGM_PMM_I,PF02878,8.3e-34,116.8
NP_416552.1,PGM_PMM_III,PF02880,1.6e-28,99.7
NP_416552.1,PGM_PMM_II,PF02879,6e-23,81.9
NP_416552.1,PGM_PMM_IV,PF00408,4.6e-08,33.6
NP_416553.1,NTP_transferase,PF00483,1.4e-71,241.5
NP_416553.1,MannoseP_isomer,PF01050,3.1e-59,198.8
NP_416553.1,ManC_GMP_beta-helix,PF22640,1.8e-15,57.2
NP_416553.1,Cupin_2,PF07883,1.3e-11,44.6
NP_416553.1,NTP_transf_3,PF12804,3.6e-08,34.3
NP_416554.1,Glyco_trans_4_4,PF13579,5.5e-26,92.4
NP_416554.1,Glycos_transf_1,PF00534,8e-26,91.2
NP_416554.1,Glyco_transf_4,PF13439,4.5e-08,33.9
NP_416554.1,Glyco_trans_1_4,PF13692,1.3e-06,29.3
NP_416555.2,NUDIX,PF00293,1.7e-21,77.2
NP_416556.1,Epimerase,PF01370,7.4e-64,216.0
NP_416556.1,GDP_Man_Dehyd,PF16363,4.3e-18,66.5
NP_416556.1,RmlD_sub_bind,PF04321,1.8e-06,27.8
NP_416557.1,GDP_Man_Dehyd,PF16363,2.5e-156,520.8
NP_416557.1,Epimerase,PF01370,3.4e-79,266.2
NP_416557.1,RmlD_sub_bind,PF04321,6.6e-07,29.3
NP_416557.1,Polysacc_synt_2,PF02719,0.00028,20.8
NP_416558.1,Hexapep,PF00132,5.2e-13,48.7
NP_416559.1,Glycos_transf_2,PF00535,1e-13,52.1
NP_416560.1,WcaD,PF27321,2.2e-163,544.6
NP_416561.1,Glyco_transf_4,PF13439,9e-10,39.4
NP_416561.1,Glyco_trans_1_4,PF13692,7e-08,33.4
NP_416561.1,Glycos_transf_1,PF00534,1.9e-07,31.4
NP_416561.1,GT4-conflict,PF20706,1.9e-06,27.8
NP_416562.1,Hexapep,PF00132,3.4e-11,42.9
NP_416563.1,Glycos_transf_2,PF00535,1.5e-33,116.7
NP_416563.1,Glyco_tranf_2_2,PF10111,6.4e-07,29.7
NP_416564.4,GNVR,PF13807,4.3e-30,104.1
NP_416564.4,Wzz,PF02706,2.1e-22,79.8
NP_416564.4,WZC_N,PF23607,3.5e-22,79.5
NP_416564.4,AAA_31,PF13614,8e-13,49.2
NP_416564.4,CbiA,PF01656,6.4e-08,33.2
NP_416564.4,AAA_26,PF13500,3.2e-06,27.7
NP_416565.1,LMWPc,PF01451,2e-50,171.4
NP_416566.1,SLBB_2,PF22461,1.9e-51,172.7
NP_416566.1,Poly_export,PF02563,1.1e-27,96.6
NP_416566.1,Wza_C,PF18412,3.1e-16,59.4
NP_416566.1,SLBB,PF10531,1.1e-11,45.0
NP_416567.4,TerC,PF03741,1.7e-48,165.3
NP_416567.4,CorC_HlyC,PF03471,8e-22,77.6
NP_416567.4,CBS,PF00571,4.1e-15,56.4
NP_416568.1,AsmA,PF05170,1.6e-45,156.5
NP_416569.1,DCD,PF22769,5e-39,134.5
NP_416569.1,DCD_N,PF06559,4.1e-09,37.1
NP_416569.1,dUTPase,PF00692,0.00011,22.5
NP_416570.2,PRK,PF00485,2.4e-46,158.6
NP_416571.1,GGDEF,PF00990,1.2e-45,155.7
NP_416571.1,MASE1,PF05231,9.6e-36,124.0
NP_416571.1,PAS_3,PF08447,5.9e-26,91.2
NP_416571.1,PAS_4,PF08448,3.9e-24,85.6
NP_416571.1,PAS,PF00989,8.1e-24,84.4
NP_416571.1,PAS_9,PF13426,1.5e-21,77.2
NP_416571.1,EAL,PF00563,2.5e-20,73.5
NP_416571.1,PAS_8,PF13188,9.6e-11,41.8
NP_416572.1,AlkA_N,PF06029,8.6e-29,100.7
NP_416572.1,HhH-GPD,PF00730,3e-09,37.8
NP_416573.4,HSP70,PF00012,5.4e-24,84.9
NP_416573.4,MreB_Mbl,PF06723,3.6e-09,36.5
NP_416575.1,DUF2314,PF10077,2.4e-25,89.8
NP_416576.1,PP2C_2,PF13672,3e-52,177.9
NP_416577.1,VWA,PF00092,6.3e-10,40.1
NP_416577.1,VWA_2,PF13519,1.1e-06,29.8
NP_416578.2,Beta-barrel_RND,PF25944,1.6e-35,121.9
NP_416578.2,BSH_RND,PF25917,4.2e-31,107.2
NP_416578.2,RND-MFP_C,PF25967,1e-28,99.6
NP_416578.2,HH_MFP_RND,PF25876,4.4e-28,97.9
NP_416578.2,BSH_CzcB,PF25973,1.8e-07,31.6
NP_416578.2,Biotin_lipoyl,PF00364,6.2e-05,23.3
NP_416579.1,ACR_tran,PF00873,0.0,1255.2
NP_416579.1,SecD_SecF_C,PF02355,9.3e-06,25.8
NP_416580.1,ACR_tran,PF00873,0.0,1249.9
NP_416580.1,MMPL,PF03176,1.2e-10,41.4
NP_416580.1,SecD_SecF_C,PF02355,1.6e-09,38.0
NP_416581.1,MFS_1,PF07690,8.4e-59,199.8
NP_416581.1,MFS_3,PF05977,3.6e-08,32.9
NP_416582.1,HATPase_c,PF02518,8e-26,91.2
NP_416582.1,HAMP,PF00672,7.7e-17,61.9
NP_416582.1,HisKA,PF00512,1e-14,54.9
NP_416583.1,Response_reg,PF00072,2.3e-25,89.5
NP_416583.1,Trans_reg_C,PF00486,2.4e-24,85.8
NP_416584.4,DUF1508,PF07411,1.1e-44,150.6
NP_416585.1,Peptidase_U32,PF01136,3.8e-109,365.0
NP_416585.1,Peptidase_U32_C,PF16325,1.5e-23,83.4
NP_416586.1,Ogr_Delta,PF04606,5.3e-22,78.1
NP_416589.2,UCP007004,PF27694,9.8e-71,235.5
NP_416590.1,DAGK_cat,PF00781,3e-28,98.5
NP_416590.1,YegS_C,PF19279,2.9e-11,43.9
NP_416590.1,NAD_kinase,PF01513,1.8e-05,25.6
NP_416592.2,HTH_Tnp_1,PF01527,3.8e-10,40.4
NP_416593.1,rve,PF00665,8.8e-28,97.1
NP_416593.1,rve_2,PF13333,5.4e-22,78.2
NP_416593.1,HTH_21,PF13276,9.4e-12,45.6
NP_416593.1,rve_3,PF13683,2.3e-09,37.5
NP_416594.1,ADH_N,PF08240,2.2e-27,95.9
NP_416594.1,ADH_zinc_N,PF00107,5.4e-25,88.4
NP_416594.1,AlaDh_PNT_C,PF01262,7.4e-08,32.7
NP_416596.1,PTS_IIB,PF02302,2.2e-11,44.8
NP_416597.1,PTS_EIIA_2,PF00359,1.2e-21,77.8
NP_416598.1,GatZ_KbaZ-like,PF08013,1e-195,651.0
NP_416599.2,F_bP_aldolase,PF01116,9.7e-103,344.1
NP_416600.4,DeoC,PF01791,1.7e-72,244.4
NP_416601.1,Nuc_H_symport,PF03825,3.9e-184,612.8
NP_416601.1,MFS_1_like,PF12832,3.3e-33,115.9
NP_416601.1,MFS_1,PF07690,3.1e-18,66.4
NP_416602.1,ADP_ribosyl_GH,PF03747,7.3e-66,223.3
NP_416603.1,PfkB,PF00294,1.5e-57,195.8
NP_416604.1,UTRA,PF07702,3e-36,124.9
NP_416604.1,GntR,PF00392,3.4e-16,59.2
NP_416604.1,HTH_DeoR,PF08220,0.00024,21.4
NP_416605.2,Glyco_hydro_25,PF01183,1.1e-54,186.1
NP_416606.1,Phos_pyr_kin,PF08543,3.1e-96,322.1
NP_416606.1,PfkB,PF00294,4.6e-07,30.1
NP_416607.1,HK,PF02110,2.4e-109,365.0
NP_416607.1,Phos_pyr_kin,PF08543,1.1e-06,28.9
NP_416608.1,Trns_repr_metal,PF02583,4.1e-21,75.8
NP_416609.1,NicO,PF03824,2.4e-70,237.7
NP_416609.1,DsbD_2,PF13386,4.1e-07,30.7
NP_416610.4,RcnB,PF11776,1.2e-18,67.2
NP_416611.1,Fimbrial,PF00419,4.3e-24,86.2
NP_416612.1,Usher,PF00577,8.9e-197,655.8
NP_416612.1,PapC_N,PF13954,3.5e-34,118.5
NP_416612.1,PapC_C,PF13953,7.5e-08,32.7
NP_416613.1,PapD_N,PF00345,1.2e-40,138.9
NP_416613.1,PapD_C,PF02753,2.8e-09,37.7
NP_416614.1,Fimbrial,PF00419,8.4e-07,30.0
NP_416615.1,DUF2574,PF10836,1.8e-52,175.7
NP_416616.4,ParA,PF10609,6.6e-102,340.7
NP_416616.4,CbiA,PF01656,8.2e-11,42.5
NP_416616.4,AAA_31,PF13614,3.7e-10,40.6
NP_416616.4,MipZ,PF09140,9.1e-09,35.6
NP_416616.4,Fer4_NifH,PF00142,6e-08,33.1
NP_416617.1,tRNA-synt_1g,PF09334,1.3e-165,551.5
NP_416617.1,tRNA_bind,PF01588,8.2e-25,87.3
NP_416617.1,tRNA-synt_1,PF00133,3.1e-18,66.3
NP_416617.1,tRNA-synt_1e,PF01406,3.7e-14,53.4
NP_416617.1,Anticodon_3,PF19303,2.7e-08,34.4
NP_416617.1,tRNA-synt_1f,PF01921,1e-06,28.6
NP_416621.1,DUF4132,PF13569,1.9e-48,165.4
NP_416623.2,AAA_5,PF07728,1.3e-33,116.5
NP_416624.1,DUF5682,PF18934,2.8e-98,330.7
NP_416625.1,VWA_CoxE,PF05762,2.5e-72,243.5
NP_416625.1,VWA_2,PF13519,1.9e-08,35.4
NP_416627.2,DUF1307,PF06998,5.3e-46,156.3
NP_416628.1,DUF1456,PF07308,1.8e-51,172.8
NP_416629.4,Response_reg,PF00072,4.1e-26,91.9
NP_416629.4,LytTR,PF04397,5.6e-26,91.2
NP_416630.1,5TM-5TMR_LYT,PF07694,3.6e-59,199.7
NP_416630.1,His_kinase,PF06580,4.6e-27,94.7
NP_416630.1,GAF_2,PF13185,1.6e-07,32.2
NP_416630.1,HATPase_c,PF02518,3.2e-06,28.2
NP_416631.1,MlrA_C,PF22267,1.9e-33,115.2
NP_416631.1,MlrA_helical,PF22270,1.7e-31,108.7
NP_416631.1,MerR_1,PF13411,1.8e-18,67.0
NP_416631.1,MerR,PF00376,2.8e-12,46.8
NP_416632.1,BPD_transp_1,PF00528,3.9e-27,95.7
NP_416633.1,ABC_tran,PF00005,3.4e-33,115.7
NP_416633.1,AAA_21,PF13304,1.6e-08,35.5
NP_416633.1,CBS,PF00571,1.1e-05,26.3
NP_416634.1,BPD_transp_1,PF00528,5.1e-26,92.1
NP_416635.1,OpuAC,PF04069,6.9e-59,200.1
NP_416636.1,Glyco_hydro_3,PF00933,9e-105,351.2
NP_416636.1,Glyco_hydro_3_C,PF01915,7.9e-62,209.4
NP_416636.1,Fn3-like,PF14310,4.6e-25,88.1
NP_416637.1,Lact-deh-memb,PF09330,3.2e-150,500.0
NP_416637.1,FAD_binding_4,PF01565,1.7e-08,34.9
NP_416638.4,Peptidase_S11,PF00768,1.3e-89,300.4
NP_416638.4,Beta-lactamase2,PF13354,4.4e-10,39.7
NP_416639.2,Yip1,PF04893,1.6e-35,123.1
NP_416640.2,VTT_dom,PF09335,1.4e-15,58.5
NP_416641.1,adh_short_C2,PF13561,2.9e-59,201.1
NP_416641.1,adh_short,PF00106,3e-51,174.3
NP_416641.1,KR,PF08659,3.3e-09,37.5
NP_416645.1,Dus,PF01207,2.5e-99,332.9
NP_416646.1,LrgA,PF03788,2.8e-29,101.5
NP_416647.1,LrgB,PF04172,3.7e-82,275.5
NP_416648.1,dCMP_cyt_deam_2,PF08211,9.8e-48,162.2
NP_416648.1,dCMP_cyt_deam_1,PF00383,6.3e-17,61.9
NP_416649.1,DUF218,PF02698,5.4e-18,65.8
NP_416650.1,DUF2542,PF10808,1e-45,154.7
NP_416651.1,Fer4_20,PF14691,3.3e-34,117.7
NP_416651.1,Pyr_redox_2,PF07992,2.1e-25,90.4
NP_416651.1,Pyr_redox,PF00070,6.2e-15,56.1
NP_416651.1,NAD_binding_8,PF13450,1.1e-09,39.0
NP_416651.1,DAO,PF01266,6.2e-09,36.4
NP_416651.1,Pyr_redox_3,PF13738,6.4e-09,36.1
NP_416651.1,AlaDh_PNT_C,PF01262,4.9e-06,26.7
NP_416651.1,Amino_oxidase,PF01593,2.5e-05,24.4
NP_416651.1,FAD_binding_3,PF01494,2.9e-05,24.0
NP_416651.1,FAD_binding_2,PF00890,0.00015,21.7
NP_416652.4,DHO_dh,PF01180,4.7e-38,131.6
NP_416652.4,Fer4_21,PF14697,1.8e-15,57.4
NP_416652.4,Fer4_7,PF12838,3.9e-07,31.0
NP_416652.4,Dus,PF01207,2.1e-07,31.0
NP_416652.4,Fer4,PF00037,2.6e-07,30.8
NP_416653.1,BPD_transp_2,PF02653,3.4e-47,161.4
NP_416654.1,ABC_tran,PF00005,3.7e-51,173.9
NP_416654.1,AAA_21,PF13304,6.4e-11,43.3
NP_416655.1,Peripla_BP_4,PF13407,2.5e-65,221.2
NP_416655.1,Peripla_BP_1,PF00532,6.9e-10,39.5
NP_416656.1,Peripla_BP_3,PF13377,8.4e-32,111.1
NP_416656.1,LacI,PF00356,2.9e-22,78.7
NP_416656.1,Peripla_BP_1,PF00532,1.8e-20,74.1
NP_416656.1,Peripla_BP_4,PF13407,2.8e-19,70.3
NP_416657.1,DUF418,PF04235,2.7e-46,158.0
NP_416658.1,GTP_cyclohydroI,PF01227,1.9e-60,203.9
NP_416659.1,Esterase,PF00756,1.4e-75,254.9
NP_416659.1,Peptidase_S9,PF00326,4.6e-07,30.1
NP_416660.1,TonB_dep_Rec_b-barrel,PF00593,1.4e-63,216.9
NP_416660.1,Plug,PF07715,1e-33,116.6
NP_416660.1,OMP_b-brl_3,PF14905,4.9e-09,36.2
NP_416661.1,AA_permease,PF00324,1.6e-157,525.6
NP_416661.1,AA_permease_2,PF13520,5.8e-39,134.8
NP_416662.1,LysR_substrate,PF03466,6.3e-57,192.9
NP_416662.1,HTH_1,PF00126,1.8e-16,60.4
NP_416663.1,Cons_hypoth698,PF03601,1.2e-121,405.9
NP_416664.1,AP_endonuc_2,PF01261,1.9e-66,224.9
NP_416665.1,PfkB,PF00294,2.7e-68,231.1
NP_416665.1,HTH_24,PF13412,1.5e-10,41.0
NP_416666.1,Nucleos_tra2_C,PF07662,1.2e-71,241.3
NP_416666.1,Nucleos_tra2_N,PF01773,2.7e-22,79.6
NP_416666.1,Gate,PF07670,5.3e-15,56.3
NP_416667.1,IU_nuc_hydro,PF01156,1.5e-97,327.4
NP_416668.3,cNMP_binding,PF00027,3.2e-14,53.2
NP_416668.3,HTH_Crp_2,PF13545,3.5e-06,27.5
NP_416669.1,Nucleos_tra2_C,PF07662,2.6e-71,240.3
NP_416669.1,Nucleos_tra2_N,PF01773,4.3e-23,82.2
NP_416669.1,Gate,PF07670,4.8e-15,56.5
NP_416670.1,Indigoidine_A,PF04227,2.3e-131,438.0
NP_416671.1,PfkB,PF00294,8.4e-70,236.1
NP_416672.1,PTS_EIIB_BC_N,PF25554,1.7e-47,160.1
NP_416672.1,PTS_IIB,PF02302,8.1e-22,78.3
NP_416672.1,PTS_EIIC,PF02378,7.2e-21,75.2
NP_416673.1,PfkB,PF00294,8.1e-73,246.0
NP_416674.1,PTS_EIIA_2,PF00359,1.5e-32,113.1
NP_416674.1,PTS-HPr,PF00381,1.8e-26,92.6
NP_416675.1,MFS_1,PF07690,1.8e-44,152.7
NP_416676.4,Elong-fact-P_C,PF09285,8.4e-21,74.0
NP_416676.4,EFP_N,PF08207,2.4e-15,56.8
NP_416676.4,EFP,PF01132,4.7e-15,55.8
NP_416677.1,Mannitol_dh_C,PF08125,5.1e-75,251.7
NP_416677.1,Mannitol_dh,PF01232,2.4e-69,233.9
NP_416678.1,cobW,PF02492,2.5e-42,145.1
NP_416678.1,CobW_C,PF07683,3.4e-05,24.2
NP_416679.4,PAP2,PF01569,5.2e-10,39.7
NP_416680.1,NLPC_P60,PF00877,1.2e-37,128.7
NP_416681.1,EAL,PF00563,5.8e-71,239.2
NP_416681.1,CSS-motif,PF12792,2.6e-45,155.0
NP_416682.4,SBP_bac_5,PF00496,1.9e-65,222.0
NP_416683.1,BPD_transp_1,PF00528,3.7e-39,134.9
NP_416684.1,BPD_transp_1,PF00528,2.8e-30,106.0
NP_416685.1,ABC_tran,PF00005,1.1e-64,217.7
NP_416685.1,SMC_N,PF02463,1.3e-12,48.2
NP_416685.1,AAA_21,PF13304,2.9e-10,41.2
NP_416685.1,oligo_HPY,PF08352,2.1e-08,35.0
NP_416685.1,AAA_22,PF13401,1.5e-07,32.4
NP_416686.1,YejG,PF13989,6.4e-51,171.9
NP_416687.1,MFS_1,PF07690,1.7e-50,172.5
NP_416687.1,Sugar_tr,PF00083,1.2e-11,44.8
NP_416687.1,TRI12,PF06609,3.1e-06,26.5
NP_416688.1,PseudoU_synth_2,PF00849,7.8e-21,75.5
NP_416688.1,S4,PF01479,7.3e-10,39.0
NP_416689.1,ResIII,PF04851,1.3e-31,110.4
NP_416689.1,DEAD,PF00270,1.6e-15,57.8
NP_416689.1,Helicase_C,PF00271,9.1e-15,55.5
NP_416689.1,SWI2_SNF2,PF18766,2.8e-07,31.0
NP_416690.1,Ribosomal_L25p,PF01386,4.4e-25,88.5
NP_416691.1,NA37,PF04245,7.5e-113,377.7
NP_416692.1,DUF1414,PF07208,7.7e-25,87.2
NP_416693.1,DUF3413,PF11893,1.2e-106,356.1
NP_416693.1,Sulfatase,PF00884,1.1e-40,140.5
NP_416696.2,DDE_Tnp_1,PF01609,8e-36,124.3
NP_416696.2,DUF772,PF05598,3.9e-25,88.8
NP_416697.1,Response_reg,PF00072,1.9e-30,105.8
NP_416697.1,GerE,PF00196,2.6e-24,85.2
NP_416697.1,Sigma70_r4_2,PF08281,6.7e-07,29.4
NP_416697.1,HTH_24,PF13412,7.4e-06,26.0
NP_416698.1,TPR_CcmH_CycH,PF23914,1.5e-60,204.2
NP_416698.1,CcmH,PF03918,3.1e-50,169.7
NP_416698.1,TPR_2,PF07719,7.9e-08,32.4
NP_416698.1,TPR_14,PF13428,1.1e-05,26.2
NP_416699.1,Redoxin,PF08534,3.4e-25,89.1
NP_416699.1,AhpC-TSA,PF00578,7.9e-16,58.7
NP_416699.1,Thioredoxin_2,PF13098,7e-08,33.4
NP_416700.1,CcmF_C,PF16327,2.2e-123,412.2
NP_416700.1,Cytochrom_C_asm,PF01578,1.6e-55,188.6
NP_416701.1,CcmE,PF03100,7.6e-34,116.6
NP_416702.1,CcmD,PF04995,6.3e-17,62.0
NP_416703.1,Cytochrom_C_asm,PF01578,1.5e-43,149.5
NP_416703.1,HelC,PF27518,4.3e-13,49.6
NP_416704.1,CcmB,PF03379,2.5e-94,315.3
NP_416705.2,ABC_tran,PF00005,5.6e-36,124.7
NP_416705.2,AAA_21,PF13304,2.2e-11,44.8
NP_416706.1,Cytochrom_NNT,PF03264,1.3e-81,273.1
NP_416706.1,Cytochrom_c3_2,PF14537,2.2e-07,31.8
NP_416706.1,Cytochrom_CIII,PF02085,1.4e-06,29.1
NP_416706.1,Cytochrome_C7,PF14522,3.9e-06,27.2
NP_416706.1,Paired_CXXCH_1,PF09699,1.3e-05,25.4
NP_416707.4,NapB,PF03892,3.3e-44,150.7
NP_416708.1,Fer4_5,PF12801,2.9e-16,59.7
NP_416708.1,Fer4_10,PF13237,3.8e-08,33.7
NP_416708.1,Fer4_9,PF13187,4.6e-07,30.3
NP_416708.1,Fer4,PF00037,3.6e-07,30.3
NP_416708.1,Fer4_7,PF12838,5.1e-06,27.4
NP_416709.1,Fer4_7,PF12838,4e-14,53.4
NP_416709.1,Fer4_6,PF12837,1e-11,44.8
NP_416709.1,Fer4,PF00037,1.7e-10,40.8
NP_416709.1,Fer4_9,PF13187,1.1e-09,38.8
NP_416709.1,Fer4_10,PF13237,3.4e-09,37.1
NP_416709.1,LdpA_Fe-S-bd,PF25160,8.7e-08,32.4
NP_416709.1,Fer4_2,PF12797,4.9e-07,29.9
NP_416709.1,Fer4_17,PF13534,2.4e-06,28.6
NP_416709.1,Fer4_4,PF12800,4.1e-05,24.1
NP_416710.1,Molybdopterin,PF00384,6.3e-73,246.4
NP_416710.1,Molydop_binding,PF01568,1.9e-24,86.4
NP_416710.1,Molybdop_Fe4S4,PF04879,2.7e-20,72.7
NP_416711.1,NapD,PF03927,5e-27,94.4
NP_416712.1,Fer4_7,PF12838,5.5e-15,56.1
NP_416712.1,Fer4,PF00037,5.8e-14,51.8
NP_416712.1,Fer4_9,PF13187,6.2e-13,49.2
NP_416712.1,Fer4_10,PF13237,4.3e-10,40.0
NP_416712.1,Fer4_16,PF13484,1.1e-07,33.0
NP_416712.1,Fer4_2,PF12797,5e-07,29.8
NP_416712.1,Fer4_6,PF12837,7e-07,29.5
NP_416712.1,Fer4_3,PF12798,1.6e-06,29.1
NP_416712.1,Fer4_8,PF13183,2.1e-06,28.7
NP_416712.1,Fer4_4,PF12800,1.5e-06,28.6
NP_416713.1,Ecotin,PF03974,9.6e-51,171.5
NP_416714.1,Mqo,PF06039,8.9e-240,796.8
NP_416714.1,DAO,PF01266,1.1e-09,38.9
NP_416714.1,FAD_binding_3,PF01494,3.8e-05,23.7
NP_416715.1,ABC_tran,PF00005,1.2e-29,104.2
NP_416716.1,2OG-FeII_Oxy_2,PF13532,7.7e-60,203.0
NP_416717.1,DNA_binding_1,PF01035,8.2e-36,122.3
NP_416717.1,Ada_Zn_binding,PF02805,1.2e-32,112.3
NP_416717.1,HTH_AraC,PF00165,5.2e-20,71.7
NP_416717.1,Methyltransf_1N,PF02870,7.3e-18,65.5
NP_416717.1,HTH_18,PF12833,3.4e-17,63.1
NP_416718.1,ApbE,PF02424,4.3e-85,286.0
NP_416719.1,Porin_1,PF00267,8.8e-142,473.1
NP_416719.1,Porin_4,PF13609,2.3e-18,67.7
NP_416720.1,RcsD_ABL,PF16359,1.7e-42,144.4
NP_416720.1,Hpt,PF01627,8.6e-14,52.1
NP_416720.1,HATPase_c,PF02518,5.6e-12,46.7
NP_416721.1,Response_reg,PF00072,2.8e-21,76.3
NP_416721.1,GerE,PF00196,1.1e-11,44.7
NP_416722.2,RcsC,PF09456,6.6e-39,132.3
NP_416722.2,HATPase_c,PF02518,4.1e-32,111.5
NP_416722.2,Response_reg,PF00072,1e-29,103.5
NP_416722.2,HisKA,PF00512,8e-18,64.8
NP_416723.1,HATPase_c,PF02518,2.4e-25,89.7
NP_416723.1,PAS,PF00989,3.1e-23,82.5
NP_416723.1,HisKA,PF00512,3.9e-18,65.9
NP_416723.1,PAS_9,PF13426,2.4e-11,44.4
NP_416723.1,PAS_4,PF08448,2e-10,41.5
NP_416723.1,PAS_8,PF13188,5.2e-06,26.7
NP_416724.1,Sigma54_activat,PF00158,1.5e-75,253.1
NP_416724.1,Response_reg,PF00072,6e-32,110.7
NP_416724.1,AAA_lid_14,PF25601,1.3e-27,96.0
NP_416724.1,Sigma54_activ_2,PF14532,2.2e-18,67.5
NP_416724.1,HTH_8,PF02954,1.9e-14,53.7
NP_416724.1,AAA_5,PF07728,8.1e-07,29.7
NP_416724.1,AAA,PF00004,2.1e-05,25.5
NP_416725.1,CoA_trans,PF01144,4.6e-73,245.8
NP_416726.1,CoA_trans,PF01144,8.1e-44,150.2
NP_416727.1,SCFA_trans,PF02667,1.7e-233,776.2
NP_416728.1,Thiolase_N,PF00108,1.3e-105,353.1
NP_416728.1,Thiolase_C,PF02803,2e-54,183.0
NP_416729.1,DUF2135,PF09906,2.6e-18,66.4
NP_416730.1,DUF2300,PF10062,3.1e-91,302.7
NP_416730.1,SpoIID,PF08486,5.6e-06,27.5
NP_416732.4,DUF1175,PF06672,9.8e-58,195.9
NP_416733.4,DUF2138,PF09909,1.6e-291,968.5
NP_416734.1,DNA_topoisoIV,PF00521,1.4e-160,535.5
NP_416734.1,DNA_gyraseA_C,PF03989,1.1e-77,255.9
NP_416735.1,Methyltransf_23,PF13489,3e-25,89.4
NP_416735.1,Methyltransf_11,PF08241,8.6e-22,78.2
NP_416735.1,Methyltransf_25,PF13649,1.8e-19,70.8
NP_416735.1,Methyltransf_12,PF08242,5.5e-16,59.7
NP_416735.1,Methyltransf_31,PF13847,2.2e-15,57.3
NP_416735.1,Ubie_methyltran,PF01209,1.4e-09,38.2
NP_416735.1,CMAS,PF02353,3.9e-08,33.5
NP_416735.1,MTS,PF05175,2.1e-06,28.0
NP_416735.1,PrmA,PF06325,9.2e-06,25.9
NP_416735.1,NodS,PF05401,2e-05,25.1
NP_416735.1,Methyltransf_9,PF08003,1.6e-05,24.6
NP_416736.1,Autotransporter,PF03797,1.7e-34,120.3
NP_416736.1,AC_1,PF18883,2.6e-17,63.5
NP_416736.1,PATR,PF12951,1.5e-09,38.3
NP_416736.1,Chlam_PMP,PF02415,1.2e-09,38.0
NP_416737.1,Ribonuc_red_lgC,PF02867,6.2e-139,464.6
NP_416737.1,Ribonuc_red_lgN,PF00317,2.4e-15,56.9
NP_416737.1,ATP-cone,PF03477,3e-13,50.7
NP_416738.1,Ribonuc_red_sm,PF00268,1.6e-51,175.9
NP_416739.1,Fer2,PF00111,1.7e-12,47.7
NP_416740.1,Kdo,PF06293,1.5e-77,260.3
NP_416742.1,GDPD,PF03009,1.8e-65,222.1
NP_416743.1,MFS_1,PF07690,8.1e-51,173.6
NP_416744.1,DAO,PF01266,4.3e-59,201.4
NP_416744.1,Fer2_BFD,PF04324,8.4e-09,36.2
NP_416744.1,FAD_binding_2,PF00890,5.8e-08,32.9
NP_416744.1,FAD_binding_3,PF01494,6.7e-08,32.7
NP_416744.1,FAD_oxidored,PF12831,3e-06,27.4
NP_416745.1,FAD_binding_2,PF00890,3e-82,277.6
NP_416746.1,CCG,PF02754,3.7e-34,117.3
NP_416746.1,Fer4_8,PF13183,2.1e-11,44.8
NP_416746.1,Fer4_17,PF13534,2.8e-07,31.6
NP_416746.1,Fer4_7,PF12838,2.5e-06,28.4
NP_416746.1,Fer4,PF00037,2.2e-06,27.8
NP_416747.1,Transposase_31,PF04754,1.1e-87,293.5
NP_416747.1,HTH_Rpn_C,PF27070,1.6e-11,44.0
NP_416748.1,HpcH_HpaI,PF03328,1.6e-67,227.7
NP_416749.4,MFS_1,PF07690,2.8e-47,161.9
NP_416750.2,MR_MLE_C,PF13378,3.6e-37,128.7
NP_416750.2,MR_MLE_N,PF02746,4.4e-08,33.9
NP_416751.1,IclR_C,PF01614,1.1e-63,214.6
NP_416751.1,HTH_IclR,PF09339,2.3e-09,37.5
NP_416752.1,MoCF_biosynth,PF00994,5.3e-35,120.8
NP_416753.4,YfaZ,PF07437,4.8e-92,307.1
NP_416754.1,NUDIX,PF00293,8.8e-23,81.4
NP_416755.1,His_Phos_1,PF00300,6.9e-09,36.3
NP_416756.6,DegT_DnrJ_EryC1,PF01041,1.3e-139,466.0
NP_416756.6,Aminotran_1_2,PF00155,1.2e-09,38.5
NP_416756.6,Cys_Met_Meta_PP,PF01053,8.1e-09,35.1
NP_416756.6,Aminotran_5,PF00266,6.3e-06,26.0
NP_416757.1,Glycos_transf_2,PF00535,1.6e-35,123.1
NP_416757.1,Glyco_tranf_2_3,PF13641,1.3e-09,38.7
NP_416757.1,Glyco_tranf_2_2,PF10111,6.1e-08,33.1
NP_416758.1,Epimerase,PF01370,1.5e-46,159.3
NP_416758.1,GDP_Man_Dehyd,PF16363,1.6e-28,100.7
NP_416758.1,Formyl_trans_N,PF00551,3.2e-24,86.2
NP_416758.1,Formyl_trans_C,PF02911,5.5e-22,78.4
NP_416758.1,3Beta_HSD,PF01073,3.4e-05,23.6
NP_416759.1,Polysacc_deac_1,PF01522,3.8e-10,40.4
NP_416760.1,PMT,PF02366,2.7e-62,211.1
NP_416760.1,PMT_2,PF13231,3.1e-09,37.8
NP_416762.2,PmrD,PF11183,4.2e-21,75.6
NP_416763.1,AMP-binding,PF00501,6.6e-49,167.3
NP_416763.1,AMP-binding_C,PF13193,8.8e-07,30.3
NP_416764.1,MenC_N,PF21508,2.9e-41,140.1
NP_416764.1,MR_MLE_C,PF13378,3.5e-16,60.2
NP_416765.1,ECH_1,PF00378,5.5e-78,262.4
NP_416765.1,ECH_2,PF16113,1.6e-22,81.0
NP_416766.1,Abhydrolase_6,PF12697,8.7e-21,76.1
NP_416766.1,Abhydrolase_1,PF00561,6.5e-16,59.3
NP_416766.1,Hydrolase_4,PF12146,1.7e-07,31.4
NP_416767.1,TPP_enzyme_M_2,PF16582,8.8e-86,287.5
NP_416767.1,TPP_enzyme_N,PF02776,1.7e-21,76.8
NP_416767.1,TPP_enzyme_C,PF02775,5.6e-09,36.6
NP_416768.4,Chorismate_bind,PF00425,2.2e-64,218.1
NP_416769.1,DUF883_C,PF19029,3.1e-17,62.5
NP_416769.1,DUF883,PF05957,1.4e-09,38.3
NP_416770.1,Acetyltransf_10,PF13673,4.9e-17,62.7
NP_416770.1,Acetyltransf_1,PF00583,3.6e-10,40.7
NP_416770.1,Acetyltransf_7,PF13508,5.6e-09,36.9
NP_416771.4,Lactamase_B_2,PF12706,4.5e-16,59.6
NP_416771.4,Anti-Pycsar_Apyc1,PF23023,2.1e-10,41.4
NP_416771.4,Lactamase_B,PF00753,2.3e-07,31.5
NP_416772.1,ElaD_SseL-like_N,PF22103,2.9e-51,172.7
NP_416772.1,Peptidase_C48,PF02902,3e-32,112.8
NP_416772.1,ElaD-SseL-like_C,PF22102,2e-26,93.6
NP_416773.1,YfbK_C,PF12034,1.8e-66,224.3
NP_416773.1,vWF_A,PF12450,1.7e-33,115.1
NP_416773.1,VWA,PF00092,4e-22,79.8
NP_416773.1,VWA_2,PF13519,2.4e-13,51.2
NP_416773.1,VWA_3,PF13768,7.4e-12,46.2
NP_416774.2,Peptidase_M28,PF04389,1.6e-25,90.6
NP_416775.1,DUF1877,PF08974,3.2e-35,122.3
NP_416777.2,YfbO,PF27222,1.6e-38,132.2
NP_416779.2,Proton_antipo_M,PF00361,4e-92,309.1
NP_416780.1,Proton_antipo_M,PF00361,5.9e-70,236.4
NP_416781.1,Proton_antipo_M,PF00361,5.9e-98,328.3
NP_416781.1,Proton_antipo_N,PF00662,2.4e-21,75.9
NP_416782.1,Oxidored_q2,PF00420,5.3e-24,84.4
NP_416783.1,Oxidored_q3,PF00499,1e-37,129.6
NP_416784.1,Fer4,PF00037,3.2e-14,52.6
NP_416784.1,Fer4_7,PF12838,9.8e-12,45.7
NP_416784.1,Fer4_21,PF14697,3.8e-09,37.1
NP_416784.1,Fer4_16,PF13484,8.4e-09,36.7
NP_416784.1,Fer4_8,PF13183,1.1e-08,36.1
NP_416784.1,Fer4_2,PF12797,1.3e-07,31.7
NP_416784.1,Fer4_10,PF13237,1.7e-07,31.7
NP_416784.1,Fer4_9,PF13187,2.2e-07,31.4
NP_416784.1,Fer4_17,PF13534,3.5e-06,28.1
NP_416784.1,Fer4_6,PF12837,6e-06,26.5
NP_416784.1,Fer4_4,PF12800,1.3e-05,25.7
NP_416785.1,NADHdh,PF00146,6.1e-120,400.7
NP_416786.4,Fer4_Nqo3,PF22117,6.7e-27,94.1
NP_416786.4,Molybdopterin,PF00384,2e-17,63.9
NP_416786.4,NADH-G_4Fe-4S_3,PF10588,2.8e-16,59.4
NP_416786.4,Molybdop_Fe4S4,PF04879,2.1e-13,50.6
NP_416786.4,Fer2_4,PF13510,1.5e-12,48.0
NP_416786.4,Fer2,PF00111,2e-07,31.4
NP_416786.4,Molydop_binding,PF01568,3.3e-07,30.9
NP_416787.1,Complex1_51K,PF01512,1.5e-48,165.0
NP_416787.1,NADH_4Fe-4S,PF10589,1.5e-28,99.1
NP_416788.1,2Fe-2S_thioredx,PF01257,1.5e-52,177.9
NP_416789.2,Complex1_49kDa,PF00346,6e-104,347.5
NP_416789.2,Complex1_30kDa,PF00329,9.4e-43,146.3
NP_416790.1,Oxidored_q6,PF01058,6e-27,94.5
NP_416791.3,Oxidored_q4,PF00507,3.1e-31,108.1
NP_416792.1,LysR_substrate,PF03466,2.2e-26,93.1
NP_416792.1,HTH_1,PF00126,3.7e-18,65.8
NP_416793.1,Aminotran_1_2,PF00155,4.5e-50,171.4
NP_416793.1,DegT_DnrJ_EryC1,PF01041,6.8e-05,22.8
NP_416794.1,YfbR-like,PF12917,2.5e-77,259.3
NP_416794.1,HD_3,PF13023,9e-17,62.0
NP_416794.1,HD,PF01966,2.8e-10,41.1
NP_416795.1,CitMHS,PF03600,5e-96,322.3
NP_416795.1,TrkA_C,PF02080,1.2e-22,80.2
NP_416795.1,Na_sulph_symp,PF00939,9.8e-21,74.9
NP_416795.1,DctM,PF06808,2.4e-10,40.4
NP_416796.2,Hydrolase,PF00702,2.8e-29,103.4
NP_416796.2,HAD_2,PF13419,6e-23,82.4
NP_416796.2,HAD,PF12710,5.3e-10,40.6
NP_416796.2,Hydrolase_like,PF13242,4.9e-06,27.0
NP_416797.2,YfbU,PF03887,1.1e-71,240.9
NP_416798.1,DUF412,PF04217,3.1e-57,193.1
NP_416799.1,Acetate_kinase,PF00871,3.8e-188,625.6
NP_416800.1,PTA_PTB,PF01515,3e-131,438.1
NP_416800.1,AAA_26,PF13500,2.1e-34,119.7
NP_416800.1,DRTGG,PF07085,3.9e-27,94.7
NP_416801.2,DcuC,PF03606,3.1e-161,537.6
NP_416802.1,NUDIX,PF00293,7.4e-20,71.9
NP_416803.3,Metallophos_2,PF12850,2.2e-25,90.1
NP_416803.3,Metallophos,PF00149,2.2e-14,55.0
NP_416804.1,GST_C_4,PF14834,1.1e-80,267.9
NP_416804.1,GST_N_2,PF13409,2e-13,51.3
NP_416804.1,GST_N_3,PF13417,4.5e-12,46.7
NP_416804.1,GST_N,PF02798,5.1e-12,46.5
NP_416805.1,GST_N,PF02798,2.6e-14,53.9
NP_416805.1,GST_N_2,PF13409,8.9e-12,46.0
NP_416805.1,GST_C,PF00043,1e-09,39.1
NP_416805.1,GST_N_3,PF13417,3.3e-08,34.3
NP_416805.1,GST_C_2,PF13410,2.4e-06,28.2
NP_416805.1,GST_C_3,PF14497,1.4e-05,25.9
NP_416806.1,FolB,PF02152,2.7e-26,92.9
NP_416807.1,Epimerase,PF01370,1.2e-26,94.3
NP_416807.1,DUF1731,PF08338,9.7e-19,67.4
NP_416807.1,NAD_binding_10,PF13460,6.6e-10,39.7
NP_416807.1,GDP_Man_Dehyd,PF16363,7.6e-08,32.8
NP_416808.1,Transposase_31,PF04754,2.4e-90,302.2
NP_416808.1,HTH_Rpn_C,PF27070,2.5e-15,56.2
NP_416809.1,ABC_tran,PF00005,6.5e-36,124.5
NP_416809.1,AAA_21,PF13304,2.1e-12,48.2
NP_416810.1,BPD_transp_1,PF00528,8.4e-17,62.1
NP_416811.1,BPD_transp_1,PF00528,7.4e-27,94.9
NP_416812.1,SBP_bac_3,PF00497,3.2e-42,144.0
NP_416813.1,SBP_bac_3,PF00497,2e-41,141.4
NP_416814.1,Flavoprotein,PF02441,1.3e-42,145.7
NP_416815.1,GATase_6,PF13522,3.6e-15,56.7
NP_416815.1,GATase_7,PF13537,3.9e-12,46.9
NP_416815.1,Pribosyltran,PF00156,1.8e-07,31.2
NP_416815.1,GATase_4,PF13230,4.5e-05,23.1
NP_416816.1,Colicin_V,PF02674,6.6e-38,130.5
NP_416817.2,SPOR,PF05036,3e-12,47.3
NP_416818.1,Mur_ligase_C,PF02875,4.9e-24,86.2
NP_416818.1,Mur_ligase_M,PF08245,2.4e-09,38.0
NP_416819.1,Carboxyl_trans,PF01039,7.4e-21,74.9
NP_416819.1,Zn_ribbon_ACC,PF17848,8.2e-13,48.9
NP_416820.1,VTT_dom,PF09335,7e-25,88.5
NP_416821.1,PseudoU_synth_1,PF01416,1.5e-45,154.7
NP_416822.1,Semialdhyde_dhC,PF02774,3e-45,155.2
NP_416822.1,Semialdhyde_dh,PF01118,9.8e-29,100.8
NP_416823.1,2-Hacid_dh_C,PF02826,1.4e-31,109.9
NP_416823.1,DUF3410,PF11890,4.6e-27,94.2
NP_416823.1,2-Hacid_dh,PF00389,2.1e-18,66.9
NP_416824.1,Flk_N,PF27202,4.8e-44,149.0
NP_416825.1,MFS_1,PF07690,3.4e-36,125.4
NP_416826.1,ketoacyl-synt,PF00109,1.4e-38,133.5
NP_416826.1,Ketoacyl-synt_C,PF02801,1.8e-31,109.2
NP_416827.4,DAO,PF01266,4.7e-52,178.3
NP_416827.4,Methyltransf_30,PF05430,1.2e-50,171.2
NP_416828.1,YfcL,PF08891,1.3e-34,118.9
NP_416829.1,EpmC,PF04315,5.1e-82,274.0
NP_416830.1,TauE,PF01925,8.4e-49,166.9
NP_416831.1,Peptidase_M74,PF03411,2.6e-93,312.7
NP_416832.1,Chorismate_synt,PF01264,2.2e-142,474.2
NP_416833.4,MTS,PF05175,2.3e-16,60.4
NP_416833.4,Methyltransf_25,PF13649,7.7e-10,39.9
NP_416833.4,Methyltransf_31,PF13847,4.2e-09,36.9
NP_416833.4,PrmA,PF06325,1.2e-07,32.2
NP_416833.4,Methyltransf_12,PF08242,2.3e-07,32.0
NP_416833.4,TRM5-TYW2_MTfase,PF02475,2.2e-06,28.3
NP_416833.4,Methyltransf_15,PF09445,2.6e-06,27.7
NP_416833.4,Cons_hypoth95,PF03602,3.3e-05,24.2
NP_416833.4,Ubie_methyltran,PF01209,9.2e-05,22.5
NP_416834.1,Smr,PF01713,4.8e-23,81.6
NP_416835.2,DUF2544,PF11245,5.3e-138,459.0
NP_416836.1,Fimbrial,PF00419,1.6e-19,71.3
NP_416837.1,Fimbrial,PF00419,7.2e-13,49.7
NP_416838.1,Fimbrial,PF00419,5.8e-19,69.5
NP_416839.1,PapD_N,PF00345,2.3e-37,128.3
NP_416839.1,PapD_C,PF02753,1e-11,45.5
NP_416841.1,Fimbrial,PF00419,9.4e-16,59.1
NP_416842.1,His_Phos_1,PF00300,4.3e-07,30.4
NP_416843.1,3HCDH_N,PF02737,2e-61,207.6
NP_416843.1,ECH_1,PF00378,1.5e-43,149.6
NP_416843.1,3HCDH,PF00725,8.2e-37,126.2
NP_416843.1,ECH_2,PF16113,3.4e-28,99.7
NP_416844.1,Thiolase_N,PF00108,4e-58,197.4
NP_416844.1,Thiolase_C,PF02803,6.8e-35,120.0
NP_416844.1,ketoacyl-synt,PF00109,0.00029,21.1
NP_416845.2,DUF406,PF04175,1.2e-36,125.6
NP_416846.2,Toluene_X,PF03349,3.2e-168,560.2
NP_416848.1,MlaA,PF04333,3.3e-65,220.0
NP_416849.1,Form_Nir_trans,PF01226,4.7e-49,167.5
NP_416850.1,Phage_integrase,PF00589,5.4e-39,134.3
NP_416850.1,Phage_int_M,PF22022,5e-28,97.8
NP_416850.1,Arm-DNA-bind_3,PF13356,2.4e-25,89.0
NP_416850.1,Phage_int_SAM_3,PF14659,8.6e-07,29.7
NP_416851.1,GtrA_DPMS_TM,PF04138,2.4e-13,50.9
NP_416852.1,Glycos_transf_2,PF00535,3.2e-31,109.1
NP_416853.1,YfdI_N,PF27133,7.1e-12,45.3
NP_416855.1,Caudo_TAP,PF02413,2.1e-39,135.3
NP_416858.1,PerC,PF06069,9e-09,36.1
NP_416860.4,YfdP,PF27127,3.3e-26,92.1
NP_416861.1,DUF2303,PF10065,4.7e-93,311.9
NP_416863.1,DUF551,PF04448,0.0003,22.2
NP_416865.1,LysR_substrate,PF03466,2.2e-29,103.0
NP_416865.1,HTH_1,PF00126,6.1e-22,77.9
NP_416866.1,GntP_permease,PF02447,9.4e-167,555.8
NP_416867.1,PALP,PF00291,4.8e-47,161.3
NP_416868.1,MFS_1,PF07690,3.9e-52,177.9
NP_416868.1,TRI12,PF06609,1.1e-06,28.0
NP_416869.1,HH_EMRA,PF25885,1.7e-40,138.7
NP_416869.1,BSH_RND,PF25917,5.6e-11,42.7
NP_416869.1,Beta-barrel_AAEA,PF25963,1.9e-09,38.1
NP_416869.1,BSH_CzcB,PF25973,1.5e-08,35.0
NP_416869.1,Biotin_lipoyl,PF00364,9.1e-05,22.8
NP_416870.1,Response_reg,PF00072,1.7e-27,96.4
NP_416870.1,GerE,PF00196,3.1e-22,78.5
NP_416871.1,Response_reg,PF00072,1.9e-31,109.1
NP_416871.1,HATPase_c,PF02518,2.5e-27,96.1
NP_416871.1,SBP_bac_3,PF00497,4.5e-23,82.0
NP_416871.1,HisKA,PF00512,7.8e-17,61.7
NP_416871.1,Hpt,PF01627,3.6e-06,27.7
NP_416872.4,CoA_transf_3,PF02515,1.8e-114,383.3
NP_416873.1,Mem_trans,PF03547,2.7e-80,270.2
NP_416874.1,TPP_enzyme_M,PF00205,7e-35,120.3
NP_416874.1,TPP_enzyme_N,PF02776,1.4e-34,119.0
NP_416874.1,TPP_enzyme_C,PF02775,1.2e-26,93.9
NP_416875.1,CoA_transf_3,PF02515,4.8e-93,312.8
NP_416876.1,YfdX,PF10938,3.1e-44,151.2
NP_416878.1,DUF2545,PF10810,7.7e-41,138.7
NP_416879.4,Lip_A_acyltrans,PF03279,7e-122,406.8
NP_416880.1,Aminotran_1_2,PF00155,4.2e-65,220.9
NP_416881.1,5TM-5TMR_LYT,PF07694,8.5e-43,146.5
NP_416881.1,His_kinase,PF06580,1.9e-25,89.5
NP_416881.1,HATPase_c,PF02518,8.3e-11,42.9
NP_416881.1,GAF,PF01590,6.5e-07,30.5
NP_416882.1,LytTR,PF04397,2e-34,118.3
NP_416882.1,Response_reg,PF00072,2.2e-24,86.4
NP_416883.1,HTH_18,PF12833,1.7e-20,73.7
NP_416883.1,HTH_AraC,PF00165,6.1e-13,49.1
NP_416884.1,PEP-utilizers_C,PF02896,8.7e-111,370.4
NP_416884.1,PTS_EIIA_2,PF00359,1.6e-31,109.8
NP_416884.1,PTS-HPr,PF00381,2e-14,54.0
NP_416884.1,PEP-utilizers,PF00391,5.5e-14,52.1
NP_416884.1,PEP-utilisers_N,PF05524,1e-13,52.1
NP_416885.1,Peptidase_M42,PF05343,2.1e-85,286.9
NP_416885.1,Peptidase_M28,PF04389,0.00014,22.2
NP_416886.1,Peptidase_M24,PF00557,5e-73,245.9
NP_416886.1,Creatinase_N,PF01321,3.7e-20,73.3
NP_416887.1,PTS_EIIC,PF02378,6.9e-14,52.2
NP_416888.1,PTS_IIB,PF02302,2e-19,70.6
NP_416888.1,PTS_EIIB_BC_N,PF25554,1.1e-06,29.3
NP_416889.1,Glucokinase,PF02685,1.2e-128,429.2
NP_416890.1,Voltage_CLC,PF00654,4.6e-20,72.7
NP_416891.1,DUF2502,PF10697,3.4e-24,85.4
NP_416893.1,Nramp,PF01566,1.2e-138,463.0
NP_416894.1,Nucleos_tra2_C,PF07662,2.8e-62,210.7
NP_416894.1,Nucleos_tra2_N,PF01773,1.1e-20,74.5
NP_416894.1,Gate,PF07670,4.1e-15,56.7
NP_416895.2,DDE_Tnp_1,PF01609,1.8e-26,93.7
NP_416896.4,MASE1,PF05231,3.4e-67,227.3
NP_416896.4,EAL,PF00563,4.2e-59,200.4
NP_416897.2,YfeC-like,PF07037,3.4e-51,173.2
NP_416898.3,YfeC-like,PF07037,1.1e-63,213.5
NP_416898.3,HTH_17,PF12728,3.9e-07,30.8
NP_416899.1,tRNA-synt_1c,PF00749,2.6e-125,418.1
NP_416899.1,Anticodon_2,PF19269,4.1e-36,125.1
NP_416900.1,LysR_substrate,PF03466,3.6e-39,134.9
NP_416900.1,HTH_1,PF00126,1.2e-23,83.4
NP_416901.1,Nuc_H_symport,PF03825,9.8e-190,631.3
NP_416901.1,MFS_1_like,PF12832,6e-25,88.7
NP_416901.1,MFS_1,PF07690,4.3e-16,59.4
NP_416901.1,LacY_symp,PF01306,1.6e-07,31.1
NP_416902.1,PNP_UDP_1,PF01048,1.2e-44,153.1
NP_416903.1,Channel_Tsx,PF03502,1.9e-46,159.4
NP_416904.1,LysR_substrate,PF03466,2.2e-47,161.7
NP_416904.1,HTH_1,PF00126,8.7e-24,83.9
NP_416905.1,SBF_like,PF13593,2.6e-113,379.0
NP_416905.1,SBF,PF01758,6.7e-08,33.0
NP_416906.1,DNA_ligase_aden,PF01653,6.5e-111,370.4
NP_416906.1,OB_DNA_ligase,PF03120,8.2e-36,122.4
NP_416906.1,Nlig-Ia,PF22745,1.2e-30,105.7
NP_416906.1,HHH_2,PF12826,1.9e-23,82.9
NP_416906.1,BRCT,PF00533,2.8e-17,63.3
NP_416906.1,HHH_5,PF14520,2.7e-15,57.1
NP_416906.1,DNA_ligase_ZBD,PF03119,1.5e-11,44.5
NP_416906.1,HHH,PF00633,3.1e-06,27.3
NP_416906.1,PTCB-BRCT,PF12738,5.4e-06,26.9
NP_416907.1,ZipA_C,PF04354,2.6e-46,157.2
NP_416908.1,EI24,PF07264,5.6e-63,213.2
NP_416909.1,PALP,PF00291,1.3e-77,261.7
NP_416910.1,PTS-HPr,PF00381,5.5e-30,103.9
NP_416911.1,PEP-utilizers_C,PF02896,8.1e-133,442.7
NP_416911.1,PEP-utilisers_N,PF05524,1.6e-32,112.8
NP_416911.1,PEP-utilizers,PF00391,3.8e-24,84.6
NP_416912.1,PTS_EIIA_1,PF00358,2.4e-49,166.8
NP_416913.1,Phos_pyr_kin,PF08543,1.1e-25,91.1
NP_416913.1,PfkB,PF00294,1.1e-11,45.2
NP_416914.1,DUF5329,PF17263,5.4e-31,107.3
NP_416915.1,WGR,PF05406,7.7e-18,65.0
NP_416916.1,PALP,PF00291,1.5e-74,251.6
NP_416917.1,ABC_tran,PF00005,3.7e-41,141.5
NP_416917.1,AAA_21,PF13304,3.8e-10,40.8
NP_416919.1,BPD_transp_1,PF00528,8.9e-28,97.9
NP_416920.1,SBP_bac_11,PF13531,2.1e-36,126.4
NP_416920.1,SBP_bac_1,PF01547,3.6e-20,73.8
NP_416921.4,adh_short_C2,PF13561,1.6e-69,234.7
NP_416921.4,adh_short,PF00106,1.5e-58,198.1
NP_416921.4,KR,PF08659,3.5e-19,70.0
NP_416922.1,HTH_6,PF01418,2.1e-28,98.7
NP_416922.1,SIS,PF01380,1.3e-21,77.4
NP_416922.1,SIS_2,PF13580,7.1e-09,36.4
NP_416923.1,GKRP_SIS_N,PF22645,1.7e-18,67.0
NP_416923.1,GKRP-like_C,PF20741,5.9e-09,37.0
NP_416923.1,SIS,PF01380,5.7e-08,33.2
NP_416923.1,SIS_2,PF13580,1.1e-06,29.3
NP_416924.1,PTS_EIIC,PF02378,3.2e-48,165.0
NP_416924.1,PTS_EIIB,PF00367,7.5e-13,48.3
NP_416925.2,Beta-lactamase,PF00144,4.8e-69,233.6
NP_416926.4,Dyp_perox_C,PF20628,1.8e-64,217.0
NP_416926.4,Dyp_perox_N,PF04261,8.8e-38,130.2
NP_416927.1,DUF1131,PF06572,1.3e-84,282.8
NP_416928.4,DUF2919,PF11143,3.8e-49,167.4
NP_416929.4,Acetyltransf_1,PF00583,6.7e-21,75.3
NP_416929.4,Acetyltransf_7,PF13508,3.1e-15,56.9
NP_416929.4,Acetyltransf_10,PF13673,4.1e-10,40.3
NP_416929.4,Acetyltransf_9,PF13527,3e-08,34.3
NP_416929.4,FR47,PF08445,1.3e-07,32.1
NP_416929.4,Acetyltransf_6,PF13480,5.8e-06,27.1
NP_416930.1,Amidase_3,PF01520,6.9e-51,173.3
NP_416931.1,Coprogen_oxidas,PF01218,8.6e-135,448.7
NP_416932.1,HTH_18,PF12833,4.7e-20,72.3
NP_416932.1,HTH_AraC,PF00165,9.8e-19,67.6
NP_416933.4,EutK_C,PF16365,9.5e-26,90.1
NP_416933.4,BMC,PF00936,5.4e-22,78.1
NP_416934.1,BMC,PF00936,1.5e-16,60.7
NP_416935.1,EutC,PF05985,1.7e-81,273.6
NP_416936.4,EutB,PF06751,2.5e-205,683.0
NP_416937.2,Phage_int_M,PF22022,2.8e-29,101.8
NP_416937.2,Arm-DNA-bind_3,PF13356,4.2e-23,81.8
NP_416937.2,Phage_integrase,PF00589,4.2e-21,76.1
NP_416937.2,Phage_int_SAM_3,PF14659,5.5e-05,23.9
NP_416941.1,Sf6_terminase,PF20901,2.5e-09,37.7
NP_416946.1,EutA,PF06277,9.1e-180,599.2
NP_416947.1,EutH,PF04346,1.5e-135,452.5
NP_416948.4,ADH_Fe_C,PF25137,1.2e-69,234.5
NP_416948.4,Fe-ADH,PF00465,3.3e-44,151.0
NP_416948.4,Fe-ADH_2,PF13685,4.9e-10,40.2
NP_416949.1,FtsA,PF14450,1.3e-10,42.3
NP_416949.1,PilM_2,PF11104,8.9e-07,28.7
NP_416949.1,MreB_Mbl,PF06723,1.5e-06,27.9
NP_416950.1,Aldedh,PF00171,3.4e-31,108.9
NP_416951.1,EutN_CcmL,PF03319,1.9e-30,105.8
NP_416952.2,BMC,PF00936,2.6e-29,101.6
NP_416953.1,PTA_PTB,PF01515,2.8e-125,418.5
NP_416954.1,Cob_adeno_trans,PF01923,2.8e-13,50.8
NP_416955.1,EutQ,PF06249,5.8e-70,234.5
NP_416955.1,Cupin_3,PF05899,2.7e-08,34.0
NP_416956.1,PduV-EutP,PF10662,1.4e-29,103.4
NP_416956.1,MMR_HSR1,PF01926,0.00011,22.9
NP_416957.4,BMC,PF00936,7.2e-12,45.7
NP_416958.1,PTA_PTB,PF01515,2.8e-104,349.5
NP_416958.1,malic,PF00390,4.3e-32,112.0
NP_416958.1,Malic_M,PF03949,6.3e-20,72.1
NP_416959.1,TAL_FSA,PF00923,4.1e-98,328.8
NP_416960.1,Transketolase_N,PF00456,7e-173,574.8
NP_416960.1,Transket_pyr,PF02779,1.1e-55,188.5
NP_416960.1,Transketolase_C_1,PF22613,1e-41,142.3
NP_416960.1,Transketolase_C,PF02780,1.5e-21,77.2
NP_416961.1,DUF1176,PF06674,6.1e-109,365.1
NP_416962.1,NudK_N,PF27456,1.1e-15,57.6
NP_416962.1,NUDIX,PF00293,9.7e-11,42.4
NP_416963.1,Fer4_20,PF14691,7.1e-38,129.5
NP_416963.1,Pyr_redox_2,PF07992,1e-23,84.8
NP_416963.1,Pyr_redox,PF00070,4.6e-12,46.9
NP_416963.1,Fer4_6,PF12837,1.1e-10,41.5
NP_416963.1,Fer4_9,PF13187,1.5e-09,38.3
NP_416963.1,Fer4_11,PF13247,3.9e-09,37.2
NP_416963.1,NAD_binding_8,PF13450,1.7e-08,35.2
NP_416963.1,Pyr_redox_3,PF13738,3.5e-08,33.7
NP_416963.1,Fer4_7,PF12838,1.1e-07,32.8
NP_416963.1,Fer4_10,PF13237,4.6e-07,30.3
NP_416963.1,Fer4,PF00037,1.8e-06,28.1
NP_416963.1,FAD_binding_3,PF01494,3.1e-06,27.2
NP_416963.1,Fer4_2,PF12797,1.5e-05,25.3
NP_416963.1,NAD_binding_7,PF13241,0.00019,22.5
NP_416964.1,PilJ,PF13675,3e-21,76.2
NP_416964.1,HisKA_3,PF07730,5.5e-17,62.7
NP_416964.1,HATPase_c,PF02518,3.4e-14,53.8
NP_416964.1,HAMP,PF00672,4e-13,50.0
NP_416965.1,ACR_tran,PF00873,0.0,1445.4
NP_416965.1,MMPL,PF03176,1.7e-11,44.3
NP_416965.1,SecD_SecF_C,PF02355,2.8e-08,34.0
NP_416966.1,ArsC,PF03960,5.5e-22,78.5
NP_416967.1,Peptidase_M20,PF01546,1.3e-46,159.8
NP_416967.1,M20_dimer,PF07687,1.5e-28,99.5
NP_416968.2,Abhydrolase_2,PF02230,2.1e-59,201.6
NP_416968.2,DLH,PF01738,6.8e-11,42.8
NP_416968.2,Peptidase_S9,PF00326,5.5e-06,26.6
NP_416969.1,NAT10_TcmA_helicase,PF05127,1.7e-44,152.4
NP_416969.1,tRNA_bind_3,PF17176,1.9e-44,151.4
NP_416969.1,TmcA_N,PF08351,1.4e-39,135.7
NP_416969.1,GNAT_acetyltr_2,PF13718,2e-21,77.1
NP_416969.1,Acetyltransf_10,PF13673,6.1e-07,30.1
NP_416969.1,AAA_30,PF13604,4.2e-06,27.2
NP_416970.1,Zn_peptidase,PF04228,9.1e-150,498.6
NP_416971.1,SAICAR_synt,PF01259,5.4e-76,256.0
NP_416972.4,Lipoprotein_18,PF06804,1.6e-111,372.9
NP_416973.1,DHDPS,PF00701,5.8e-127,423.0
NP_416974.4,ACT_6,PF13740,1.7e-26,92.5
NP_416974.4,ACT,PF01842,7.6e-08,32.6
NP_416974.4,ACT_4,PF13291,3.6e-06,28.1
NP_416975.1,AhpC-TSA,PF00578,1.5e-41,141.8
NP_416975.1,Redoxin,PF08534,1.7e-26,93.4
NP_416975.1,SCO1-SenC,PF02630,8.8e-06,26.3
NP_416976.4,Fer4_7,PF12838,9.6e-14,52.2
NP_416976.4,Fer4_9,PF13187,3.5e-12,46.8
NP_416976.4,Fer4_16,PF13484,1.3e-11,45.6
NP_416976.4,Fer4,PF00037,9.6e-12,44.8
NP_416976.4,Fer4_10,PF13237,6.2e-11,42.6
NP_416976.4,Fer4_6,PF12837,3.3e-10,40.0
NP_416976.4,LdpA_Fe-S-bd,PF25160,1.9e-09,37.8
NP_416976.4,Fer4_11,PF13247,3.1e-07,31.1
NP_416976.4,Fer4_8,PF13183,2.8e-06,28.4
NP_416976.4,Fer4_3,PF12798,3.8e-06,27.9
NP_416976.4,Fer4_2,PF12797,9.3e-06,25.9
NP_416976.4,Fer4_4,PF12800,3.1e-05,24.5
NP_416976.4,Fer4_17,PF13534,0.00024,22.2
NP_416977.1,Proton_antipo_M,PF00361,2e-53,182.1
NP_416978.4,NADHdh,PF00146,1.1e-58,199.5
NP_416979.1,Proton_antipo_M,PF00361,3.6e-54,184.6
NP_416979.1,Proton_antipo_N,PF00662,1e-07,32.3
NP_416980.1,Oxidored_q2,PF00420,8.9e-18,64.4
NP_416981.1,Proton_antipo_M,PF00361,3.9e-56,191.0
NP_416981.1,Proton_antipo_N,PF00662,5.3e-06,26.8
NP_416982.1,Complex1_49kDa,PF00346,1.2e-37,130.0
NP_416982.1,Complex1_30kDa,PF00329,4.2e-24,86.0
NP_416982.1,NiFeSe_Hases,PF00374,1.7e-14,54.3
NP_416983.1,Fer4_7,PF12838,3.7e-13,50.3
NP_416983.1,Fer4,PF00037,1e-12,47.8
NP_416983.1,Fer4_9,PF13187,1.9e-08,34.8
NP_416984.1,Oxidored_q6,PF01058,5.3e-24,85.0
NP_416985.4,HycH,PF07450,1e-56,191.4
NP_416986.4,Sigma54_activat,PF00158,4.9e-75,251.4
NP_416986.4,AAA_lid_14,PF25601,5.4e-23,81.2
NP_416986.4,Sigma54_activ_2,PF14532,4.1e-18,66.6
NP_416986.4,GAF,PF01590,5.7e-13,50.1
NP_416986.4,GAF_2,PF13185,8.8e-12,46.0
NP_416986.4,AAA_5,PF07728,3.1e-07,31.1
NP_416986.4,Mg_chelatase,PF01078,9.4e-06,25.7
NP_416986.4,AAA,PF00004,0.0002,22.4
NP_416987.1,Form_Nir_trans,PF01226,2.3e-64,217.6
NP_416988.1,AI-2E_transport,PF01594,5.4e-88,296.1
NP_416989.1,Peptidase_M48,PF01435,1.6e-31,110.2
NP_416989.1,TPR_19,PF14559,6.8e-14,52.5
NP_416989.1,TPR_14,PF13428,2.5e-08,34.4
NP_416990.1,ArsC,PF03960,2.3e-26,92.5
NP_416990.1,Glutaredoxin,PF00462,2.2e-05,25.2
NP_416991.2,Hda_lid,PF22688,1.5e-29,102.4
NP_416991.2,Bac_DnaA,PF00308,1e-09,39.4
NP_416992.1,Xan_ur_permease,PF00860,1.9e-111,373.1
NP_416993.2,UPRTase,PF14681,8.6e-69,231.7
NP_416993.2,Pribosyltran,PF00156,1.7e-13,50.7
NP_416994.1,AIRS_C,PF02769,2.1e-42,145.5
NP_416994.1,AIRS,PF00586,1.8e-24,86.9
NP_416995.1,Formyl_trans_N,PF00551,3.6e-70,236.0
NP_416996.1,PP_kinase_C_1,PF17941,7e-74,247.5
NP_416996.1,PP_kinase_C,PF13090,6.3e-68,228.2
NP_416996.1,PP_kinase,PF02503,4.8e-46,157.3
NP_416996.1,PP_kinase_N,PF13089,6.9e-30,104.1
NP_416996.1,PLDc_2,PF13091,8.6e-15,55.3
NP_416997.1,Ppx-GppA,PF02541,8.8e-110,367.2
NP_416997.1,Ppx-GppA_III,PF21447,7.4e-64,215.4
NP_416998.1,MASE1,PF05231,5.2e-71,239.8
NP_416998.1,EAL,PF00563,4.2e-71,239.7
NP_416999.1,DUF2633,PF11119,4e-28,97.6
NP_417000.1,Gly-zipper_YMGG,PF13441,1.8e-07,31.6
NP_417000.1,Rick_17kDa_Anti,PF05433,2.6e-07,31.0
NP_417001.1,DUF5384,PF17358,8.3e-62,208.2
NP_417002.1,GATase,PF00117,4.2e-47,160.9
NP_417002.1,GMP_synt_C,PF00958,1.1e-43,147.8
NP_417002.1,NAD_synthase,PF02540,4.9e-09,36.3
NP_417002.1,Peptidase_C26,PF07722,2.1e-08,34.8
NP_417002.1,tRNA_Me_trans,PF03054,6.6e-06,26.5
NP_417003.1,IMPDH,PF00478,8e-163,541.9
NP_417003.1,CBS,PF00571,3.9e-19,69.3
NP_417003.1,NMO,PF03060,7.1e-11,42.7
NP_417003.1,FMN_dh,PF01070,8.3e-09,35.5
NP_417004.1,Exonuc_VII_L,PF02601,4.1e-117,391.8
NP_417004.1,tRNA_anti_2,PF13742,2.4e-35,121.3
NP_417004.1,tRNA_anti-codon,PF01336,1e-13,51.6
NP_417005.2,Zn_ribbon_6,PF07191,8.5e-29,100.0
NP_417006.2,MMR_HSR1,PF01926,1.3e-61,206.3
NP_417006.2,FeoB_N,PF02421,8.2e-31,107.2
NP_417006.2,KH_dom-like,PF14714,1.7e-27,96.1
NP_417006.2,GTP_EFTU,PF00009,1.8e-22,80.4
NP_417006.2,Dynamin_N,PF00350,4e-11,43.8
NP_417006.2,AIG1,PF04548,3e-09,37.1
NP_417006.2,RsgA_GTPase,PF03193,1.3e-08,35.4
NP_417006.2,Ras,PF00071,9.3e-06,25.9
NP_417006.2,cobW,PF02492,0.00013,22.3
NP_417007.1,PQQ_2,PF13360,1.4e-64,218.6
NP_417007.1,PQQ,PF01011,1.7e-14,54.0
NP_417007.1,Beta-prop_EMC1_N,PF25293,1.4e-12,48.3
NP_417008.1,TPR_21,PF09976,2.9e-51,174.5
NP_417009.1,tRNA-synt_His,PF13393,3.4e-40,138.7
NP_417009.1,tRNA-synt_2b,PF00587,2.6e-36,125.9
NP_417009.1,HGTP_anticodon,PF03129,9.6e-11,42.3
NP_417010.1,GcpE,PF04551,9.8e-109,363.2
NP_417010.1,GcpE_C,PF26540,1.2e-26,93.1
NP_417011.1,RodZ_C,PF13464,2.2e-24,85.8
NP_417011.1,HTH_25,PF13413,2.5e-14,53.4
NP_417011.1,HTH_3,PF01381,4.6e-08,33.6
NP_417011.1,HTH_31,PF13560,6.5e-08,33.4
NP_417012.1,RlmN_N,PF21016,3.6e-32,110.5
NP_417012.1,Radical_SAM,PF04055,6.2e-19,69.4
NP_417013.1,NDK,PF00334,3.5e-56,189.4
NP_417014.1,Transgly,PF00912,1.2e-51,175.2
NP_417014.1,BiPBP_C,PF06832,1.4e-17,63.9
NP_417014.1,Transpeptidase,PF00905,3.2e-12,46.9
NP_417015.1,A2M_bMG2,PF21142,3.5e-51,172.7
NP_417015.1,bMG1,PF17970,2.5e-48,163.0
NP_417015.1,bMG5,PF17972,6.2e-40,137.0
NP_417015.1,CUB_A2MG,PF21765,4.6e-27,94.8
NP_417015.1,bMG6,PF17962,6.2e-26,91.3
NP_417015.1,bMG3,PF11974,5.8e-25,87.8
NP_417015.1,MG2,PF01835,9.2e-24,84.2
NP_417015.1,bMG10,PF17973,1.9e-23,83.6
NP_417015.1,A2M_BRD,PF07703,5.5e-17,63.0
NP_417015.1,TED_complement,PF07678,4.7e-08,33.1
NP_417015.1,A2M,PF00207,1.2e-07,32.0
NP_417016.4,Rhodanese,PF00581,2.5e-33,115.1
NP_417017.4,SseB_C,PF14581,1.1e-31,109.8
NP_417017.4,SseB,PF07179,4.4e-27,95.3
NP_417018.4,Peptidase_M17,PF00883,2.8e-104,349.4
NP_417018.4,DUF3663,PF12404,1.2e-35,121.7
NP_417019.1,Fe-S_assembly,PF04384,4.7e-32,111.0
NP_417020.1,Fer2,PF00111,1.3e-15,57.6
NP_417020.1,Fer2_4,PF13510,0.0001,22.9
NP_417021.1,HSP70,PF00012,4.1e-209,696.3
NP_417021.1,MreB_Mbl,PF06723,2.7e-17,63.2
NP_417022.1,HSCB_C,PF07743,4.3e-18,66.0
NP_417023.1,Fe-S_biosyn,PF01521,1.4e-26,93.4
NP_417024.1,NifU_N,PF01592,2.7e-55,186.5
NP_417026.1,Rrf2,PF02082,2e-38,132.1
NP_417027.1,SpoU_methylase,PF00588,7e-28,98.1
NP_417028.1,Inositol_P,PF00459,1e-77,261.9
NP_417029.4,Hydrolase_4,PF12146,5.6e-19,69.0
NP_417029.4,Abhydrolase_1,PF00561,9.3e-17,62.1
NP_417029.4,Abhydrolase_6,PF12697,5.9e-09,37.5
NP_417029.4,Peptidase_S9,PF00326,9.1e-08,32.5
NP_417029.4,BD-FAE,PF20434,3.8e-07,30.4
NP_417029.4,FSH1,PF03959,0.00031,21.1
NP_417030.2,PRD,PF00874,9.7e-25,87.3
NP_417031.1,MFS_1_like,PF12832,3.8e-52,178.2
NP_417031.1,MFS_1,PF07690,3e-18,66.4
NP_417031.1,LacY_symp,PF01306,1.4e-12,47.8
NP_417032.1,LysR_substrate,PF03466,7.5e-47,160.0
NP_417032.1,HTH_1,PF00126,5.1e-24,84.6
NP_417033.1,Ring_hydroxyl_A,PF00848,1.3e-33,117.2
NP_417033.1,Rieske,PF00355,3.9e-19,68.9
NP_417034.1,Ring_hydroxyl_B,PF00866,2.8e-52,177.2
NP_417035.1,Rieske,PF00355,4e-19,68.9
NP_417035.1,Rieske_2,PF13806,1.8e-11,44.5
NP_417036.1,adh_short,PF00106,7.1e-40,137.2
NP_417036.1,adh_short_C2,PF13561,8.3e-31,107.9
NP_417036.1,KR,PF08659,8.5e-05,23.1
NP_417037.1,Pyr_redox_2,PF07992,2.4e-58,198.4
NP_417037.1,Reductase_C,PF14759,2.4e-21,76.6
NP_417037.1,Pyr_redox,PF00070,2.8e-18,66.8
NP_417037.1,NAD_binding_8,PF13450,2.6e-07,31.4
NP_417037.1,DAO,PF01266,2.1e-07,31.4
NP_417037.1,Lycopene_cycl,PF05834,9.4e-07,28.8
NP_417037.1,NAD_binding_7,PF13241,4.6e-06,27.7
NP_417037.1,NAD_binding_9,PF13454,1.9e-05,25.3
NP_417037.1,Lys_Orn_oxgnase,PF13434,7.3e-05,22.6
NP_417038.4,DoxX,PF07681,2.2e-20,73.6
NP_417038.4,SURF4,PF02077,8.1e-08,32.8
NP_417039.1,Aldose_epim,PF01263,3.6e-55,188.1
NP_417040.2,ADH_zinc_N,PF00107,1.6e-26,93.4
NP_417040.2,ADH_N,PF08240,5.7e-25,88.2
NP_417040.2,Glu_dehyd_C,PF16912,1e-09,38.8
NP_417040.2,ADH_zinc_N_2,PF13602,4.2e-06,28.3
NP_417041.1,BPD_transp_2,PF02653,2.7e-36,125.7
NP_417042.1,ABC_tran,PF00005,3.6e-59,199.9
NP_417042.1,AAA_21,PF13304,5.1e-09,37.1
NP_417043.1,Peripla_BP_4,PF13407,2.3e-33,116.4
NP_417043.1,Peripla_BP_1,PF00532,1.3e-16,61.6
NP_417044.4,DUF5107,PF17128,1.6e-55,188.8
NP_417044.4,TPR_16,PF13432,5.2e-15,56.1
NP_417044.4,TPR_2,PF07719,3.3e-11,43.0
NP_417044.4,TPR_14,PF13428,1.1e-10,41.7
NP_417044.4,TPR_1,PF00515,1.5e-10,41.0
NP_417044.4,TPR_8,PF13181,3e-06,27.5
NP_417045.4,ROK,PF00480,1.7e-32,113.7
NP_417046.1,SHMT,PF00464,3.6e-187,622.4
NP_417046.1,Aminotran_1_2,PF00155,5.3e-10,39.6
NP_417047.1,NAD_binding_1,PF00175,3.7e-19,70.0
NP_417047.1,Globin,PF00042,4.3e-18,66.5
NP_417047.1,FAD_binding_6,PF00970,4.4e-07,30.8
NP_417048.1,P-II,PF00543,1.4e-35,122.3
NP_417049.1,Sigma54_activat,PF00158,1.2e-73,246.9
NP_417049.1,Response_reg,PF00072,8.2e-32,110.3
NP_417049.1,AAA_lid_14,PF25601,6e-22,77.9
NP_417049.1,Sigma54_activ_2,PF14532,5.6e-18,66.2
NP_417049.1,AAA_5,PF07728,4.6e-06,27.3
NP_417050.1,Lipoprotein_20,PF13942,1.7e-80,269.7
NP_417051.2,HATPase_c,PF02518,1.1e-20,74.8
NP_417051.2,HisKA,PF00512,1.4e-17,64.0
NP_417051.2,HAMP,PF00672,2.3e-05,25.2
NP_417053.2,SLT,PF01464,5.1e-23,81.4
NP_417053.2,SBP_bac_3,PF00497,9.7e-21,74.5
NP_417054.2,dCMP_cyt_deam_1,PF00383,4.2e-32,110.7
NP_417054.2,MafB19-deam,PF14437,8.6e-32,110.4
NP_417055.4,HAD,PF12710,1.5e-14,55.4
NP_417056.2,SIS,PF01380,2.5e-32,112.0
NP_417056.2,HTH_6,PF01418,2.4e-30,104.9
NP_417057.1,Fer4_7,PF12838,5.8e-07,30.4
NP_417057.1,Fer4,PF00037,1.8e-06,28.1
NP_417058.1,ACPS,PF01648,4.8e-23,81.9
NP_417059.1,PdxJ,PF03740,6.5e-111,369.6
NP_417060.1,RecO_C,PF02565,5.1e-23,82.1
NP_417060.1,RecO_N,PF11967,5.4e-21,75.0
NP_417061.1,MMR_HSR1,PF01926,5e-26,91.6
NP_417061.1,KH_2,PF07650,2.7e-20,72.6
NP_417061.1,FeoB_N,PF02421,1.6e-13,51.1
NP_417061.1,GTP_EFTU,PF00009,5.4e-10,39.7
NP_417061.1,Dynamin_N,PF00350,2.9e-07,31.2
NP_417061.1,RsgA_GTPase,PF03193,4.3e-07,30.5
NP_417061.1,AIG1,PF04548,1.2e-06,28.5
NP_417061.1,PduV-EutP,PF10662,3.5e-05,24.2
NP_417062.1,Ribonucleas_3_3,PF14622,2.8e-34,118.6
NP_417062.1,Ribonuclease_3,PF00636,6.2e-24,85.3
NP_417062.1,dsrm,PF00035,1.7e-15,57.9
NP_417063.1,Peptidase_S26,PF10502,1.2e-51,175.6
NP_417064.1,GTP_EFTU,PF00009,6.4e-56,189.5
NP_417064.1,LepA_C,PF06421,7.6e-50,168.1
NP_417064.1,EFG_C,PF00679,8.5e-20,71.2
NP_417064.1,GTP_EFTU_D2,PF03144,3.4e-12,47.2
NP_417064.1,Ras,PF00071,0.00012,22.3
NP_417065.1,RseC_MucC,PF04246,2.9e-36,124.9
NP_417066.1,MucB_RseB,PF03888,5.4e-60,202.6
NP_417066.1,MucB_RseB_C,PF17188,7.7e-29,100.3
NP_417067.1,RseA_N,PF03872,2.4e-38,131.1
NP_417067.1,RseA_C,PF03873,1.3e-25,90.0
NP_417068.1,Sigma70_r4_2,PF08281,1.2e-19,70.3
NP_417068.1,Sigma70_r2,PF04542,2.3e-18,66.3
NP_417068.1,Sigma70_r4,PF04545,8.9e-11,41.7
NP_417068.1,Sigma70_ECF,PF07638,2.7e-08,34.5
NP_417069.1,FAD_binding_2,PF00890,5.9e-108,362.3
NP_417069.1,Succ_DH_flav_C,PF02910,3.9e-15,56.6
NP_417069.1,Pyr_redox_2,PF07992,6.6e-11,42.8
NP_417069.1,DAO,PF01266,8.9e-08,32.6
NP_417070.2,MTS,PF05175,9.3e-13,48.7
NP_417070.2,Methyltransf_25,PF13649,1.5e-08,35.8
NP_417070.2,Cons_hypoth95,PF03602,1.4e-07,32.0
NP_417070.2,Methyltransf_3,PF01596,1.3e-07,31.8
NP_417070.2,Methyltransf_31,PF13847,1e-06,29.2
NP_417070.2,UPF0020,PF01170,5.1e-06,26.9
NP_417070.2,PrmA,PF06325,1.5e-05,25.3
NP_417070.2,PRMT5,PF05185,4.4e-05,24.0
NP_417070.2,PCMT,PF01135,5.7e-05,23.6
NP_417070.2,Methyltransf_11,PF08241,9.8e-05,23.5
NP_417071.1,DEAD,PF00270,2.3e-48,164.7
NP_417071.1,Helicase_C,PF00271,1.6e-31,109.4
NP_417071.1,ResIII,PF04851,1.9e-09,38.2
NP_417072.4,LysR_substrate,PF03466,2.1e-45,155.3
NP_417072.4,HTH_1,PF00126,4e-17,62.5
NP_417073.1,LysE,PF01810,7.4e-15,55.5
NP_417074.1,Gly_radical,PF01228,2.3e-19,70.4
NP_417075.1,UDG,PF03167,2.2e-20,73.7
NP_417076.1,SpoU_methylase,PF00588,1e-31,110.6
NP_417076.1,SpoU_sub_bind,PF08032,5.6e-15,56.0
NP_417077.1,Thioredoxin,PF00085,1.7e-29,102.4
NP_417077.1,Thioredoxin_2,PF13098,2.2e-12,47.9
NP_417077.1,Zn_ribbon_Thio2,PF21352,1.8e-12,47.5
NP_417077.1,Thioredoxin_8,PF13905,1.4e-07,32.4
NP_417077.1,PedC-like,PF20207,3.3e-07,30.9
NP_417077.1,TraF,PF13728,3.4e-05,24.4
NP_417078.4,DTW,PF03942,2.1e-57,194.6
NP_417079.1,ATP-grasp_5,PF13549,2.4e-74,250.0
NP_417079.1,Succ_CoA_lig,PF13607,7.2e-46,156.0
NP_417079.1,CoA_binding_2,PF13380,7e-25,88.3
NP_417079.1,Acetyltransf_1,PF00583,1.2e-12,48.8
NP_417079.1,Acetyltransf_3,PF13302,2.1e-09,38.8
NP_417080.4,PLDc_2,PF13091,5.4e-24,85.1
NP_417080.4,PLDc,PF00614,3.4e-16,59.0
NP_417081.2,DUF2279,PF10043,1.2e-09,39.3
NP_417082.1,Sugar_tr,PF00083,1.2e-38,133.8
NP_417082.1,MFS_1,PF07690,8.9e-33,114.2
NP_417082.1,MFS_2,PF13347,6.5e-08,32.1
NP_417082.1,MFS_1_like,PF12832,1.8e-06,27.9
NP_417083.1,AAA_2,PF07724,4.5e-72,242.1
NP_417083.1,Clp_N,PF02861,4.3e-36,124.5
NP_417083.1,AAA_lid_9,PF17871,6.9e-35,119.7
NP_417083.1,ClpB_D2-small,PF10431,3.7e-29,101.2
NP_417083.1,AAA,PF00004,9.1e-27,94.7
NP_417083.1,AAA_5,PF07728,1.2e-18,68.0
NP_417083.1,AAA_16,PF13191,6.1e-12,47.0
NP_417083.1,AAA_22,PF13401,5e-11,43.6
NP_417083.1,Sigma54_activat,PF00158,2.6e-09,37.6
NP_417083.1,NBD_SMAX1,PF23569,2.8e-07,31.2
NP_417083.1,TniB,PF05621,7.4e-06,26.1
NP_417084.1,Cu-oxidase_4,PF02578,3.4e-83,279.3
NP_417085.1,PseudoU_synth_2,PF00849,2.5e-31,109.5
NP_417085.1,S4,PF01479,1.1e-13,51.2
NP_417086.1,YfiO,PF13525,6.4e-88,294.4
NP_417086.1,TPR_18,PF13512,1.9e-73,245.9
NP_417086.1,TPR_14,PF13428,5.7e-06,27.1
NP_417088.1,Ribosomal_S30AE,PF02482,5.6e-23,82.1
NP_417089.1,PheL,PF28163,2e-08,34.6
NP_417090.1,PDT,PF00800,2.2e-62,210.7
NP_417090.1,CM_2,PF01817,1.3e-19,70.8
NP_417091.1,CM_2,PF01817,5.8e-24,84.7
NP_417091.1,PDH_C,PF20463,6.1e-13,49.6
NP_417091.1,PDH_N,PF02153,2.4e-12,47.2
NP_417091.1,F420_oxidored,PF03807,0.00023,22.3
NP_417092.1,DAHP_synth_1,PF00793,4.4e-101,337.9
NP_417093.2,DUF2799,PF10973,1.6e-19,70.7
NP_417094.1,DUF4154,PF13689,2.3e-30,106.2
NP_417095.1,GGDEF,PF00990,1.6e-43,148.8
NP_417095.1,CHASE8,PF17152,1.6e-33,115.6
NP_417096.1,OmpA,PF00691,5.1e-18,65.9
NP_417097.1,Ribosomal_L19,PF01245,1.3e-50,170.6
NP_417098.1,tRNA_m1G_MT,PF01746,1e-100,336.4
NP_417099.4,RimM,PF01782,6.8e-28,97.3
NP_417099.4,PRC_RimM,PF24986,5.4e-12,45.8
NP_417099.4,PRC,PF05239,3.3e-11,43.6
NP_417100.1,Ribosomal_S16,PF00886,2.7e-26,91.8
NP_417101.1,SRP54,PF00448,3.4e-76,255.8
NP_417101.1,SRP_SPB,PF02978,3.9e-48,163.6
NP_417101.1,SRP54_N,PF02881,2.8e-23,82.5
NP_417101.1,CbiA,PF01656,3.5e-07,30.8
NP_417101.1,Zeta_toxin,PF06414,3.8e-05,23.8
NP_417102.4,Cytochrom_C_asm,PF01578,4.1e-48,164.4
NP_417104.1,GrpE,PF01025,5.2e-48,163.4
NP_417105.1,NAD_kinase_C,PF20143,2.1e-44,150.9
NP_417105.1,NAD_kinase,PF01513,6.7e-33,114.4
NP_417107.2,BamE,PF04355,1.9e-27,95.5
NP_417108.4,Ub-RnfH,PF03658,3.7e-35,120.7
NP_417109.1,Polyketide_cyc,PF03364,1.5e-38,132.5
NP_417109.1,Polyketide_cyc2,PF10604,1.2e-10,42.3
NP_417110.1,SmpB,PF01668,8.5e-58,194.9
NP_417111.1,Phage_integrase,PF00589,8.8e-38,130.4
NP_417111.1,Arm-DNA-bind_3,PF13356,4e-24,85.1
NP_417111.1,Phage_int_M,PF22022,1e-23,83.9
NP_417113.1,Phage_AlpA,PF05930,7.6e-24,83.9
NP_417114.1,DUF3987,PF13148,3.5e-111,372.5
NP_417115.1,YagK_YfjJ_C,PF11726,1.5e-47,162.4
NP_417115.1,REP_ORF2-G2P,PF23343,5.9e-07,30.3
NP_417116.1,DEAD,PF00270,8.8e-08,32.6
NP_417116.1,Helicase_C,PF00271,1.1e-05,26.2
NP_417117.1,Cap4_nuclease,PF14130,1.1e-55,189.5
NP_417117.1,HamA,PF08878,1.4e-26,94.5
NP_417118.1,GmrSD_C,PF07510,6.7e-06,26.6
NP_417119.1,RnlA-toxin_DBD,PF19034,1.5e-46,158.4
NP_417119.1,RnlA_toxin_N,PF19417,2e-28,99.1
NP_417119.1,RnlA_toxin,PF15935,9.2e-23,80.7
NP_417119.1,HEPN_RnaseLS,PF18869,3.4e-11,44.2
NP_417120.2,RnlB_antitoxin,PF15933,2e-29,102.2
NP_417122.1,DUF932,PF06067,1.8e-51,175.7
NP_417123.1,HTH_DeoR,PF08220,9.3e-06,25.9
NP_417123.1,WYL,PF13280,2.1e-05,25.0
NP_417123.1,HTH_psq,PF05225,0.00035,20.8
NP_417124.4,YfjS_YafY,PF20494,1.5e-68,228.6
NP_417125.1,YfjT,PF27224,3e-35,121.7
NP_417130.1,Antirestrict,PF03230,7.7e-40,135.6
NP_417131.1,RadC,PF04002,5.3e-47,159.3
NP_417132.1,CbeA_antitoxin,PF06154,3.2e-52,175.9
NP_417133.1,CbtA_toxin,PF06755,1.9e-36,124.4
NP_417134.2,AIDA,PF16168,1.6e-148,483.5
NP_417134.2,Autotransporter,PF03797,1.2e-45,156.9
NP_417134.2,Pertactin,PF03212,2.7e-45,153.8
NP_417145.4,CsiD,PF08943,4.3e-153,509.3
NP_417145.4,TauD,PF02668,5.1e-09,37.0
NP_417146.2,DAO,PF01266,2.8e-62,211.9
NP_417147.1,Aldedh,PF00171,5.6e-178,592.8
NP_417148.1,Aminotran_3,PF00202,2.1e-150,501.5
NP_417149.1,AA_permease,PF00324,7.4e-139,464.0
NP_417149.1,AA_permease_2,PF13520,1e-33,117.5
NP_417150.4,FCD,PF07729,4e-19,69.8
NP_417150.4,GntR,PF00392,1.9e-12,47.2
NP_417151.1,LysM,PF01476,7.9e-13,48.7
NP_417151.1,BON,PF04972,7.4e-11,42.8
NP_417152.1,Pmp3,PF01679,3.3e-19,69.2
NP_417153.1,HTH_5,PF01022,1.1e-13,51.3
NP_417153.1,MarR_2,PF12802,1.8e-09,38.2
NP_417153.1,HTH_24,PF13412,1.4e-08,34.8
NP_417153.1,HTH_20,PF12840,4.5e-07,30.4
NP_417153.1,MarR,PF01047,3.4e-06,27.4
NP_417154.1,Rhodanese,PF00581,3.4e-13,50.5
NP_417154.1,YgaP-like_TM,PF11127,5.3e-08,33.5
NP_417155.1,Histone_HNS_N,PF22470,1.3e-24,86.5
NP_417155.1,Histone_HNS,PF00816,6.8e-17,61.5
NP_417156.1,AlaE,PF06610,2.2e-66,222.9
NP_417157.1,DUF2002,PF09400,1.3e-64,215.6
NP_417158.4,DUF883,PF05957,3.1e-14,53.2
NP_417158.4,DUF883_C,PF19029,4.8e-14,52.3
NP_417159.1,Glutaredoxin,PF00462,1.2e-13,51.6
NP_417160.1,Flavodoxin_NdrI,PF07972,3.9e-48,163.1
NP_417161.1,Ribonuc_red_lgC,PF02867,7.3e-159,530.3
NP_417161.1,RNR_N,PF08343,5.6e-29,100.6
NP_417161.1,Ribonuc_red_lgN,PF00317,4.9e-17,62.4
NP_417162.1,Ribonuc_red_sm,PF00268,5.8e-90,302.1
NP_417163.1,ABC_tran,PF00005,9.3e-36,124.0
NP_417163.1,CBS,PF00571,4.1e-09,37.2
NP_417164.1,BPD_transp_1,PF00528,5.9e-28,98.4
NP_417165.1,OpuAC,PF04069,1.3e-52,179.6
NP_417167.1,AzlC,PF03591,1.1e-38,133.4
NP_417168.1,AzlD,PF05437,2.7e-11,44.0
NP_417169.1,MarR,PF01047,1.3e-16,60.8
NP_417169.1,MarR_2,PF12802,3.4e-10,40.5
NP_417170.1,HH_EMRA,PF25885,6.8e-50,169.0
NP_417170.1,BSH_RND,PF25917,6.2e-10,39.4
NP_417170.1,Beta-barrel_AAEA,PF25963,8.6e-07,29.5
NP_417171.1,MFS_1,PF07690,4.7e-55,187.5
NP_417171.1,OATP,PF03137,1e-06,27.9
NP_417172.1,LuxS,PF02664,9.1e-66,220.9
NP_417173.1,Glu_cys_ligase,PF04262,1.1e-169,564.6
NP_417174.1,VTT_dom,PF09335,5.1e-10,40.5
NP_417175.1,Hydrolase,PF00702,6.7e-30,105.5
NP_417175.1,HAD_2,PF13419,3.4e-28,99.5
NP_417175.1,HAD,PF12710,7.8e-07,30.3
NP_417176.1,CsrA,PF02599,2.5e-26,92.0
NP_417177.1,tRNA-synt_2c,PF01411,6e-242,804.7
NP_417177.1,DHHA1,PF02272,1.5e-23,83.7
NP_417177.1,tRNA_SAD,PF07973,3e-17,62.9
NP_417178.1,RecX_HTH2,PF02631,1.4e-14,54.6
NP_417178.1,RecX_HTH3,PF21981,3.8e-10,40.4
NP_417178.1,RecX_HTH1,PF21982,2.2e-08,34.5
NP_417179.1,RecA_N,PF00154,3.3e-142,473.1
NP_417179.1,RecA_C,PF21096,1.4e-25,89.7
NP_417179.1,ATPase,PF06745,1.6e-09,38.1
NP_417179.1,Rad51,PF08423,3.1e-09,37.1
NP_417179.1,MT3502_N,PF27531,5.9e-08,33.5
NP_417180.1,CinA,PF02464,7.3e-60,201.6
NP_417181.1,SLT_2,PF13406,2e-91,306.8
NP_417184.1,PTSIIA_gutA,PF03829,1.1e-38,132.1
NP_417185.1,adh_short,PF00106,1.5e-50,172.0
NP_417185.1,adh_short_C2,PF13561,1.5e-39,136.5
NP_417186.1,GutM,PF06923,1.6e-33,115.6
NP_417187.1,DeoRC,PF00455,3e-52,177.4
NP_417187.1,HTH_DeoR,PF08220,7.3e-22,77.5
NP_417187.1,HTH_11,PF08279,4e-08,33.6
NP_417188.4,SIS,PF01380,2.1e-30,105.8
NP_417188.4,CBS,PF00571,1.4e-12,48.3
NP_417189.2,Sigma54_activat,PF00158,2e-68,229.9
NP_417189.2,Sigma54_activ_2,PF14532,1.7e-20,74.3
NP_417189.2,AAA_lid_14,PF25601,4.5e-16,59.1
NP_417189.2,GAF,PF01590,1.2e-13,52.3
NP_417189.2,GAF_2,PF13185,4.5e-08,34.0
NP_417189.2,Mg_chelatase,PF01078,1.4e-07,31.7
NP_417189.2,AAA_5,PF07728,1e-05,26.1
NP_417189.2,MCM,PF00493,9.4e-06,25.5
NP_417189.2,AAA,PF00004,2.8e-05,25.2
NP_417190.1,Rubredoxin,PF00301,2.8e-21,75.9
NP_417190.1,Flavodoxin_1,PF00258,1.6e-19,71.1
NP_417190.1,ODP,PF19583,1e-17,65.3
NP_417190.1,Lactamase_B,PF00753,4e-14,53.6
NP_417190.1,Lactamase_B_2,PF12706,1.2e-06,28.8
NP_417191.1,Pyr_redox_2,PF07992,1.1e-54,186.5
NP_417191.1,Rbx_binding,PF18113,6.7e-20,71.2
NP_417191.1,Pyr_redox,PF00070,4.6e-18,66.1
NP_417191.1,Pyr_redox_3,PF13738,7.9e-14,52.2
NP_417191.1,DAO,PF01266,7.8e-10,39.4
NP_417191.1,Lys_Orn_oxgnase,PF13434,1e-07,32.0
NP_417191.1,NAD_binding_7,PF13241,3.7e-05,24.8
NP_417192.1,HypF_C_2,PF22521,2.5e-66,224.5
NP_417192.1,Sua5_yciO_yrdC,PF01300,5.2e-41,140.7
NP_417192.1,HypF_C,PF17788,1.1e-33,116.4
NP_417192.1,zf-HYPF,PF07503,3e-33,113.9
NP_417192.1,Acylphosphatase,PF00708,3.8e-16,59.7
NP_417193.1,Fer4_6,PF12837,4.7e-16,58.4
NP_417193.1,Fer4,PF00037,8.1e-13,48.2
NP_417193.1,Fer4_7,PF12838,4.8e-12,46.7
NP_417193.1,Fer4_2,PF12797,1.5e-11,44.1
NP_417193.1,Fer4_9,PF13187,7.5e-11,42.5
NP_417193.1,Fer4_11,PF13247,3e-10,40.8
NP_417193.1,Fer4_10,PF13237,4.5e-09,36.7
NP_417193.1,LdpA_Fe-S-bd,PF25160,5.1e-08,33.2
NP_417193.1,Fer4_4,PF12800,1.2e-06,29.0
NP_417193.1,Fer4_8,PF13183,2.7e-06,28.4
NP_417194.2,Peripla_BP_3,PF13377,1.5e-33,116.8
NP_417194.2,Peripla_BP_1,PF00532,6e-27,95.4
NP_417194.2,LacI,PF00356,3.6e-21,75.3
NP_417194.2,Peripla_BP_4,PF13407,3.2e-18,66.8
NP_417196.1,Glyco_hydro_1,PF00232,1e-134,450.1
NP_417197.1,HycI,PF01750,1.1e-30,106.7
NP_417198.1,HycH,PF07450,1.9e-59,200.2
NP_417199.1,Oxidored_q6,PF01058,8.9e-28,97.2
NP_417200.1,Fer4_7,PF12838,4.6e-13,50.0
NP_417200.1,Fer4,PF00037,2.3e-13,49.9
NP_417200.1,Fer4_9,PF13187,8.2e-12,45.6
NP_417200.1,Fer4_10,PF13237,9.9e-10,38.8
NP_417200.1,Fer4_6,PF12837,5.3e-07,29.9
NP_417200.1,Fer4_2,PF12797,5.1e-06,26.7
NP_417201.1,Complex1_49kDa,PF00346,1.3e-47,162.8
NP_417201.1,Complex1_30kDa,PF00329,2.8e-27,96.3
NP_417201.1,NiFeSe_Hases,PF00374,1.4e-13,51.2
NP_417202.1,NADHdh,PF00146,2.4e-53,182.0
NP_417203.1,Proton_antipo_M,PF00361,4.4e-39,135.0
NP_417204.1,Fer4_7,PF12838,2.3e-11,44.5
NP_417204.1,Fer4,PF00037,1.9e-11,43.8
NP_417204.1,Fer4_9,PF13187,5.6e-10,39.7
NP_417204.1,Fer4_11,PF13247,9.3e-09,36.0
NP_417204.1,Fer4_6,PF12837,1.1e-08,35.1
NP_417204.1,Fer4_16,PF13484,2.7e-08,35.0
NP_417204.1,Fer4_10,PF13237,2.6e-07,31.1
NP_417204.1,LdpA_Fe-S-bd,PF25160,1.1e-06,28.9
NP_417205.1,HycA_repressor,PF11046,2.4e-72,242.4
NP_417206.1,HypA,PF01155,3.5e-31,108.1
NP_417207.1,cobW,PF02492,2.9e-22,79.7
NP_417208.1,HupF_HypC,PF01455,4.3e-25,88.2
NP_417209.1,HypD,PF01924,2.7e-150,500.9
NP_417210.2,AIRS_C,PF02769,1.4e-27,97.4
NP_417210.2,AIRS,PF00586,2.4e-21,76.8
NP_417211.1,Sigma54_activat,PF00158,1.3e-72,243.5
NP_417211.1,AAA_lid_14,PF25601,2.9e-22,78.9
NP_417211.1,Sigma54_activ_2,PF14532,1.4e-19,71.3
NP_417211.1,GAF,PF01590,3.7e-18,66.9
NP_417211.1,GAF_2,PF13185,3e-10,41.0
NP_417211.1,GAF_3,PF13492,3.5e-10,41.0
NP_417211.1,AAA_5,PF07728,1.1e-07,32.5
NP_417211.1,AAA,PF00004,3.8e-05,24.7
NP_417212.1,YgbA_NO,PF11756,1.2e-42,145.2
NP_417213.1,MutS_V,PF00488,1e-89,300.1
NP_417213.1,MutS_III,PF05192,1.3e-50,173.1
NP_417213.1,MutS_I,PF01624,2.2e-43,147.7
NP_417213.1,MutS_II,PF05188,5e-38,131.1
NP_417213.1,MutS_IV,PF05190,2.2e-30,105.3
NP_417213.1,MutS_C,PF27441,5.2e-15,55.5
NP_417214.1,Metallophos,PF00149,4.4e-18,67.0
NP_417215.2,DeoRC,PF00455,2.8e-51,174.2
NP_417215.2,HTH_DeoR,PF08220,3.1e-16,59.5
NP_417215.2,HTH_11,PF08279,9.7e-09,35.6
NP_417216.1,NAD_binding_2,PF03446,2.6e-39,135.4
NP_417216.1,NAD_binding_11,PF14833,1.4e-34,119.5
NP_417217.1,SBD_N,PF07005,7.6e-77,258.8
NP_417217.1,NBD_C,PF17042,1.9e-30,107.2
NP_417218.1,Aldolase_II,PF00596,3.3e-50,171.1
NP_417219.1,AP_endonuc_2,PF01261,4.1e-49,168.1
NP_417220.1,GntP_permease,PF02447,2.1e-154,515.1
NP_417220.1,CitMHS,PF03600,6.7e-11,42.4
NP_417221.1,Sigma70_r2,PF04542,3.2e-23,81.9
NP_417221.1,Sigma70_r3,PF04539,1.4e-22,80.1
NP_417221.1,Sigma70_r4,PF04545,6.3e-17,61.4
NP_417221.1,Sigma70_r1_2,PF00140,3.9e-12,46.5
NP_417222.1,Peptidase_M23,PF01551,4.9e-33,113.8
NP_417222.1,LysM,PF01476,3.1e-12,46.8
NP_417223.1,PCMT,PF01135,3.3e-83,279.2
NP_417223.1,RrnaAD,PF00398,8.4e-07,29.0
NP_417223.1,Methyltransf_25,PF13649,2.9e-06,28.5
NP_417224.1,SurE,PF01975,1.1e-60,205.2
NP_417225.1,TruD,PF01142,3.5e-61,207.9
NP_417226.1,YgbB,PF02542,3.9e-69,232.5
NP_417227.1,IspD,PF01128,2.7e-95,318.9
NP_417227.1,NTP_transf_3,PF12804,1.1e-14,55.6
NP_417228.1,DivIC,PF04977,4.6e-30,103.8
NP_417229.1,DUF3561,PF12084,1.8e-53,179.7
NP_417230.1,APS_kinase,PF01583,8.5e-71,237.5
NP_417230.1,AAA_33,PF13671,9.7e-08,33.0
NP_417231.1,GTP_EFTU,PF00009,2.2e-45,155.2
NP_417231.1,GTP-eEF1A_C,PF22594,4.8e-21,75.7
NP_417231.1,MMR_HSR1,PF01926,7.3e-07,29.9
NP_417232.1,PAPS_reduct,PF01507,7.5e-61,205.8
NP_417233.1,Peptidase_M28,PF04389,3.6e-32,112.2
NP_417233.1,Peptidase_M42,PF05343,1.8e-05,24.5
NP_417234.2,Cas_Cas2CT1978,PF09707,7.1e-38,129.2
NP_417235.1,Cas_Cas1,PF01867,2.9e-16,60.1
NP_417236.1,CRISPR_assoc,PF08798,1.3e-44,153.7
NP_417237.2,Cas_Cas5d,PF09704,1.8e-39,136.6
NP_417238.1,Cas_CT1975,PF09344,8.4e-101,338.6
NP_417239.1,CRISPR_Cse2,PF09485,2e-09,38.6
NP_417240.1,CRISPR_Cse1,PF09481,2.9e-91,307.6
NP_417241.1,Cas3_HD,PF18019,1.2e-44,153.4
NP_417241.1,Cas3-like_C_2,PF22590,8e-37,126.4
NP_417241.1,DEAD,PF00270,8.9e-13,48.9
NP_417241.1,ResIII,PF04851,4.5e-08,33.8
NP_417241.1,Helicase_C,PF00271,3.1e-06,28.0
NP_417242.1,PAPS_reduct,PF01507,6.2e-59,199.5
NP_417243.1,NIR_SIR,PF01077,1.2e-48,165.2
NP_417243.1,NIR_SIR_ferr,PF03460,4.9e-27,94.1
NP_417244.1,Flavodoxin_1,PF00258,1.9e-33,116.2
NP_417244.1,FAD_binding_1,PF00667,6.5e-28,98.4
NP_417244.1,NAD_binding_1,PF00175,1.4e-21,77.8
NP_417245.1,PTPS,PF01242,2.8e-36,124.7
NP_417246.4,DAO,PF01266,8.8e-17,62.3
NP_417246.4,FAD_binding_2,PF00890,9.3e-10,38.8
NP_417246.4,FAD_binding_3,PF01494,5.6e-09,36.3
NP_417246.4,FAD_oxidored,PF12831,9e-09,35.7
NP_417246.4,Pyr_redox_2,PF07992,1.7e-08,34.8
NP_417246.4,NAD_binding_8,PF13450,1.3e-07,32.4
NP_417246.4,GIDA,PF01134,3.7e-07,30.2
NP_417246.4,ETFQO_UQ-bd,PF21162,1.2e-06,29.5
NP_417246.4,Lycopene_cycl,PF05834,1.8e-05,24.6
NP_417246.4,Trp_halogenase,PF04820,9.8e-05,22.0
NP_417248.1,G3P_antiterm,PF04309,7.8e-61,205.1
NP_417249.4,ETF_alpha,PF00766,7.5e-18,64.9
NP_417249.4,ETF,PF01012,4.1e-07,30.6
NP_417250.4,ETF,PF01012,4e-16,59.9
NP_417251.2,Sugar_tr,PF00083,3.1e-52,178.6
NP_417251.2,MFS_1,PF07690,6.9e-40,137.6
NP_417254.4,adh_short_C2,PF13561,1.4e-52,179.2
NP_417254.4,adh_short,PF00106,1.5e-51,175.2
NP_417254.4,KR,PF08659,5.2e-12,46.6
NP_417255.1,MFS_1,PF07690,3.3e-25,89.3
NP_417256.1,FGGY_C,PF02782,9.3e-23,81.7
NP_417256.1,FGGY_N,PF00370,5.7e-19,69.3
NP_417257.1,Radical_SAM,PF04055,9.5e-07,29.7
NP_417258.4,TPM_phosphatase,PF04536,8.5e-39,132.9
NP_417259.1,Enolase_C,PF00113,2.3e-144,480.7
NP_417259.1,Enolase_N,PF03952,1.1e-58,197.7
NP_417260.1,CTP_synth_N,PF06418,4.3e-127,423.6
NP_417260.1,GATase,PF00117,1e-43,149.8
NP_417260.1,Peptidase_C26,PF07722,3.5e-08,34.1
NP_417261.1,MazG,PF03819,6.1e-39,132.7
NP_417261.1,PRA-PH,PF01503,5.2e-08,33.8
NP_417262.1,PemK_toxin,PF02452,2.2e-23,83.2
NP_417263.1,MazE_antitoxin,PF04014,3.3e-14,53.2
NP_417264.1,HD_4,PF13328,3.7e-43,147.5
NP_417264.1,RelA_SpoT,PF04607,1.4e-42,145.1
NP_417264.1,RelA_RIS,PF28438,2.3e-23,82.3
NP_417264.1,TGS,PF02824,1.9e-22,79.6
NP_417264.1,ACT_4,PF13291,9e-18,65.3
NP_417264.1,RelA_AH,PF19296,2e-17,63.4
NP_417264.1,ACT,PF01842,2.8e-10,40.4
NP_417264.1,ACT_AHAS_ss,PF22629,5.6e-06,27.0
NP_417265.1,tRNA_U5-meth_tr,PF05958,9.7e-29,101.1
NP_417265.1,TRAM,PF01938,8.2e-16,58.2
NP_417265.1,Methyltransf_31,PF13847,1.1e-14,55.0
NP_417265.1,Methyltransf_25,PF13649,1.3e-08,35.9
NP_417265.1,TRM5-TYW2_MTfase,PF02475,9e-08,32.8
NP_417265.1,PCMT,PF01135,1.2e-07,32.3
NP_417265.1,RrnaAD,PF00398,1.7e-06,28.0
NP_417265.1,Methyltransf_11,PF08241,3e-05,25.2
NP_417266.1,sCache_4,PF09984,1.2e-51,174.9
NP_417266.1,HATPase_c,PF02518,2.9e-30,105.5
NP_417266.1,Response_reg,PF00072,3.8e-30,104.9
NP_417266.1,HisKA,PF00512,2.4e-22,79.3
NP_417266.1,Hpt,PF01627,1.3e-14,54.8
NP_417266.1,HAMP,PF00672,2.6e-08,34.6
NP_417267.1,MR_MLE_C,PF13378,3.9e-46,158.1
NP_417268.1,MR_MLE_C,PF13378,6.4e-49,167.2
NP_417268.1,MR_MLE_N,PF02746,2.1e-08,34.9
NP_417269.1,MFS_1,PF07690,3e-57,194.7
NP_417270.1,Flavodoxin_1,PF00258,4.4e-28,98.8
NP_417271.1,PseudoU_synth_2,PF00849,4.2e-30,105.6
NP_417272.1,DUF446,PF04287,1.3e-34,118.7
NP_417273.1,Syd,PF07348,4e-73,245.3
NP_417274.1,QueF_N,PF14819,3.9e-50,169.5
NP_417274.1,QueF,PF14489,3.8e-30,104.5
NP_417275.1,PpnN_C,PF11892,1.7e-55,186.9
NP_417275.1,DUF4478,PF14793,2.7e-46,156.6
NP_417275.1,Lysine_decarbox,PF03641,1.6e-28,100.1
NP_417277.1,SDH_alpha,PF03313,5.4e-92,308.7
NP_417277.1,SDH_beta,PF03315,5.9e-59,199.4
NP_417278.4,5_3_exonuc_N,PF02739,6e-29,101.4
NP_417278.4,5_3_exonuc,PF01367,1.1e-27,96.9
NP_417279.2,ADH_Fe_C,PF25137,3.6e-73,246.0
NP_417279.2,Fe-ADH,PF00465,1.5e-47,161.9
NP_417279.2,Fe-ADH_2,PF13685,2.9e-12,47.4
NP_417280.1,Aldolase_II,PF00596,2.7e-55,187.7
NP_417281.1,MFS_1,PF07690,5.5e-23,82.0
NP_417281.1,Sugar_tr,PF00083,3.7e-06,26.7
NP_417282.1,Fucose_iso_N2,PF07882,2.5e-87,291.8
NP_417282.1,Fucose_iso_N1,PF07881,1.6e-82,276.0
NP_417282.1,Fucose_iso_C,PF02952,7.3e-50,169.0
NP_417283.2,FGGY_N,PF00370,3.9e-91,305.6
NP_417283.2,FGGY_C,PF02782,1.2e-21,78.1
NP_417284.1,RbsD_FucU,PF05025,4e-35,121.9
NP_417285.1,DeoRC,PF00455,1.8e-45,155.3
NP_417285.1,HTH_DeoR,PF08220,7.3e-23,80.7
NP_417285.1,HTH_11,PF08279,2.8e-09,37.3
NP_417285.1,GntR,PF00392,3.1e-06,27.3
NP_417285.1,HTH_Mga,PF08280,3.8e-05,24.2
NP_417286.1,RLMM_N,PF21239,3.6e-38,130.1
NP_417286.1,RlmM_FDX,PF18125,2.3e-29,102.3
NP_417286.1,FtsJ,PF01728,5.3e-12,46.6
NP_417287.1,DUF423,PF04241,2.1e-23,82.9
NP_417288.1,LysR_substrate,PF03466,9.9e-41,140.0
NP_417288.1,HTH_1,PF00126,2.8e-23,82.2
NP_417289.2,DUF903,PF06004,7.8e-24,83.9
NP_417290.1,Aminotran_5,PF00266,2e-145,485.0
NP_417291.1,SufE,PF02657,2.1e-38,131.4
NP_417292.1,ThiF,PF00899,8.7e-39,133.7
NP_417293.1,MltA,PF03562,1e-37,130.3
NP_417293.1,3D,PF06725,8.5e-25,87.3
NP_417294.4,Amidase_3,PF01520,4.4e-51,174.0
NP_417294.4,AMIN,PF11741,2.6e-21,76.2
NP_417295.1,AA_kinase,PF00696,8.7e-38,130.9
NP_417295.1,Acetyltransf_1,PF00583,2.1e-11,44.7
NP_417295.1,Acetyltransf_7,PF13508,8.9e-10,39.4
NP_417296.1,AAA_19,PF13245,1.8e-35,122.7
NP_417296.1,RecD_N,PF21185,1.4e-29,103.1
NP_417296.1,AAA_30,PF13604,2.9e-29,102.8
NP_417296.1,NAT10_TcmA_helicase,PF05127,1.3e-15,58.3
NP_417296.1,UvrD_C_2,PF13538,5.4e-13,49.2
NP_417296.1,Viral_helicase1,PF01443,4.2e-10,40.4
NP_417296.1,AAA_11,PF13086,8.5e-10,39.4
NP_417296.1,AAA_22,PF13401,1.5e-07,32.4
NP_417296.1,UvrD-helicase,PF00580,1.5e-07,32.0
NP_417296.1,SLFN-g3_helicase,PF09848,1.8e-05,24.8
NP_417297.1,UvrD-helicase,PF00580,1.3e-52,179.8
NP_417297.1,UvrD_C,PF13361,5.2e-19,69.5
NP_417297.1,AAA_19,PF13245,2.6e-11,44.4
NP_417297.1,UvrD_C_2,PF13538,6.1e-07,29.8
NP_417297.1,PDDEXK_1,PF12705,7.7e-06,26.6
NP_417298.1,Peptidase_M16_M,PF16187,6.1e-56,190.2
NP_417298.1,Peptidase_M16_C,PF05193,8e-51,173.1
NP_417298.1,Peptidase_M16,PF00675,1.1e-38,133.0
NP_417298.1,PqqF-like_C_4,PF22456,3.7e-30,104.6
NP_417299.1,Exonuc_V_gamma,PF04257,8e-117,390.5
NP_417299.1,RecC_4th,PF27451,6.1e-68,229.4
NP_417299.1,RecC_C,PF17946,2.2e-64,217.6
NP_417300.1,T2SSppdC,PF12528,9.6e-31,107.0
NP_417300.1,N_methyl,PF07963,1.4e-06,28.2
NP_417301.4,DUF2509,PF10713,1.2e-40,139.1
NP_417302.1,PpdB,PF27121,2.8e-30,105.9
NP_417302.1,N_methyl,PF07963,2.3e-08,33.9
NP_417303.1,N_methyl,PF07963,5e-07,29.6
NP_417304.1,Thymidylat_synt,PF00303,5.6e-132,439.4
NP_417305.1,LGT,PF01790,1.9e-79,267.0
NP_417306.1,PEP-utilizers_C,PF02896,1.1e-115,386.5
NP_417306.1,PEP-utilisers_N,PF05524,9.1e-26,91.0
NP_417306.1,GAF,PF01590,1.2e-17,65.3
NP_417306.1,PEP-utilizers,PF00391,1.5e-15,57.1
NP_417306.1,GAF_2,PF13185,3.2e-14,53.9
NP_417306.1,GAF_3,PF13492,3e-07,31.5
NP_417307.1,NUDIX,PF00293,5.3e-26,91.8
NP_417308.1,MutH,PF02976,4.2e-38,130.0
NP_417309.1,TerC,PF03741,3.6e-49,167.5
NP_417310.1,DUF903,PF06004,1.9e-24,85.9
NP_417311.1,Aldo_ket_red,PF00248,2.6e-70,237.4
NP_417312.1,MFS_1,PF07690,5.8e-17,62.2
NP_417313.1,AMP-binding,PF00501,2.6e-55,188.4
NP_417313.1,Acyltransferase,PF01553,1e-24,87.4
NP_417314.1,Peripla_BP_3,PF13377,1e-33,117.4
NP_417314.1,Peripla_BP_1,PF00532,8.5e-28,98.2
NP_417314.1,LacI,PF00356,1.8e-22,79.4
NP_417314.1,Peripla_BP_4,PF13407,1.8e-13,51.2
NP_417315.1,Orn_Arg_deC_N,PF02784,1e-67,228.7
NP_417315.1,Orn_DAP_Arg_deC,PF00278,1.1e-24,87.1
NP_417316.1,LysR_substrate,PF03466,9.5e-44,149.9
NP_417316.1,HTH_1,PF00126,1.5e-17,63.9
NP_417317.1,Asp_Glu_race,PF01177,8.7e-42,143.9
NP_417318.1,Sugar_tr,PF00083,1.3e-136,456.6
NP_417318.1,MFS_1,PF07690,8.5e-38,130.7
NP_417318.1,TRI12,PF06609,2e-09,37.1
NP_417319.1,adh_short,PF00106,6.8e-58,196.0
NP_417319.1,adh_short_C2,PF13561,1.2e-54,186.0
NP_417319.1,KR,PF08659,2.6e-05,24.8
NP_417320.1,KduI,PF04962,8.1e-39,134.1
NP_417321.2,Thiolase_N,PF00108,3.1e-104,348.5
NP_417321.2,Thiolase_C,PF02803,5.4e-53,178.4
NP_417321.2,ketoacyl-synt,PF00109,4.6e-07,30.3
NP_417322.1,Trp_Tyr_perm,PF03222,3.5e-11,43.4
NP_417323.2,EcpR_N,PF27348,6.3e-52,175.5
NP_417323.2,GerE,PF00196,4.2e-05,23.7
NP_417323.2,Terminase_5,PF06056,0.00036,21.0
NP_417324.1,Trans_reg_C,PF00486,2.4e-09,37.7
NP_417325.4,YqeJ_C,PF27292,1.5e-56,190.5
NP_417328.1,TPR_3,PF07720,3.6e-23,81.6
NP_417329.1,Trans_reg_C,PF00486,2.3e-12,47.4
NP_417337.1,rve_3,PF13683,1e-18,67.4
NP_417337.1,rve,PF00665,1.9e-16,60.8
NP_417337.1,HTH_21,PF13276,5.2e-11,43.2
NP_417338.3,HTH_Tnp_1,PF01527,4.6e-18,65.8
NP_417341.4,Peptidase_M23,PF01551,9.7e-33,112.8
NP_417341.4,LysM,PF01476,1.8e-17,63.6
NP_417342.1,MoCoBD_1,PF02738,2.3e-75,253.4
NP_417342.1,MoCoBD_2,PF20256,2e-72,244.7
NP_417342.1,Ald_Xan_dh_C,PF01315,1.3e-33,116.2
NP_417343.1,FAD_binding_5,PF00941,1.2e-51,175.5
NP_417343.1,CO_deh_flav_C,PF03450,3.6e-28,98.3
NP_417344.1,Fer2_2,PF01799,1.2e-25,90.1
NP_417344.1,Fer2,PF00111,3.4e-08,33.9
NP_417345.1,Sigma54_activat,PF00158,9e-71,237.6
NP_417345.1,AAA_lid_14,PF25601,2.9e-21,75.7
NP_417345.1,Sigma54_activ_2,PF14532,6.2e-18,66.0
NP_417345.1,HTH_8,PF02954,1.3e-13,51.0
NP_417345.1,HTH_50,PF18024,4.5e-08,33.3
NP_417345.1,PAS_8,PF13188,4e-07,30.3
NP_417345.1,AAA_5,PF07728,5.8e-06,26.9
NP_417345.1,PAS,PF00989,3.6e-05,24.3
NP_417345.1,Mg_chelatase,PF01078,0.00014,21.9
NP_417347.1,PALP,PF00291,2.9e-45,155.4
NP_417348.1,Peptidase_M20,PF01546,1.2e-20,74.9
NP_417348.1,M20_dimer,PF07687,1.3e-16,61.0
NP_417349.4,Amidohydro_1,PF01979,6.3e-19,69.0
NP_417349.4,Amidohydro_3,PF07969,3e-12,47.4
NP_417350.1,AA_kinase,PF00696,1.6e-26,94.1
NP_417351.1,XdhC_C,PF13478,7.4e-34,117.6
NP_417351.1,XdhC_CoxI,PF02625,1.4e-19,70.3
NP_417351.1,3HCDH_N,PF02737,0.00012,22.6
NP_417352.2,YqeC,PF19842,4.1e-42,144.5
NP_417353.1,NTP_transf_3,PF12804,3.7e-28,99.3
NP_417354.1,Pyr_redox_2,PF07992,3.4e-42,145.4
NP_417354.1,Fer4_20,PF14691,5.3e-17,62.2
NP_417354.1,Pyr_redox_3,PF13738,7.2e-12,45.8
NP_417354.1,NAD_binding_8,PF13450,9.3e-09,36.0
NP_417354.1,Pyr_redox,PF00070,1.1e-08,36.0
NP_417354.1,Thi4,PF01946,6e-06,26.3
NP_417354.1,FAD_binding_3,PF01494,2.8e-05,24.1
NP_417354.1,FAD_binding_2,PF00890,7.9e-05,22.6
NP_417355.4,Amidohydro_1,PF01979,2.7e-56,191.9
NP_417356.1,FAD_binding_5,PF00941,7.6e-20,72.0
NP_417357.1,MoCoBD_1,PF02738,8.5e-72,241.7
NP_417357.1,MoCoBD_2,PF20256,7.7e-68,229.6
NP_417357.1,Ald_Xan_dh_C,PF01315,3e-31,108.6
NP_417357.1,Fer2_2,PF01799,3.7e-12,46.8
NP_417358.2,Xan_ur_permease,PF00860,2e-110,369.8
NP_417359.1,Amidohydro_1,PF01979,1.3e-79,268.5
NP_417359.1,Amidohydro_3,PF07969,9.6e-18,65.5
NP_417362.4,Fer4_9,PF13187,2.9e-14,53.4
NP_417362.4,Fer4_7,PF12838,3.3e-13,50.4
NP_417362.4,Fer4,PF00037,3.1e-13,49.5
NP_417362.4,Fer4_11,PF13247,1.1e-12,48.5
NP_417362.4,Fer4_6,PF12837,5.8e-12,45.5
NP_417362.4,Fer4_10,PF13237,1.9e-10,41.1
NP_417362.4,Fer4_16,PF13484,1.1e-07,33.0
NP_417362.4,LdpA_Fe-S-bd,PF25160,5.6e-08,33.0
NP_417362.4,Fer4_2,PF12797,7.5e-08,32.4
NP_417362.4,Fer4_8,PF13183,3.3e-07,31.3
NP_417362.4,Fer4_4,PF12800,2e-06,28.2
NP_417363.2,Fer4_20,PF14691,5.1e-37,126.7
NP_417363.2,Pyr_redox_2,PF07992,1.7e-26,93.9
NP_417363.2,Pyr_redox,PF00070,7.7e-12,46.1
NP_417363.2,Fer4_11,PF13247,1.4e-11,45.1
NP_417363.2,Fer4_7,PF12838,7.2e-11,43.0
NP_417363.2,NAD_binding_8,PF13450,2e-08,34.9
NP_417363.2,Fer4_6,PF12837,3.5e-08,33.6
NP_417363.2,LdpA_Fe-S-bd,PF25160,1.2e-06,28.7
NP_417363.2,Fer4,PF00037,2e-06,27.9
NP_417363.2,Fer4_9,PF13187,3.7e-06,27.5
NP_417363.2,FAD_binding_3,PF01494,4.5e-06,26.7
NP_417363.2,Fer4_10,PF13237,1.3e-05,25.7
NP_417363.2,AlaDh_PNT_C,PF01262,2.2e-05,24.6
NP_417364.2,Xan_ur_permease,PF00860,6.8e-124,414.1
NP_417365.1,NUDIX,PF00293,9e-21,74.9
NP_417366.1,tRNA-synt_2,PF00152,1.7e-95,320.2
NP_417366.1,tRNA_anti-codon,PF01336,1.1e-16,61.1
NP_417366.1,tRNA-synt_2d,PF01409,0.00014,22.0
NP_417367.1,PCRF,PF03462,2.1e-61,207.7
NP_417367.1,RF-1,PF00472,6.1e-42,142.8
NP_417368.1,DHH,PF01368,9.5e-29,100.8
NP_417368.1,RecJ_OB,PF17768,3.9e-22,78.9
NP_417368.1,DHHA1,PF02272,3.5e-20,72.9
NP_417369.1,Thioredoxin_2,PF13098,4.5e-26,92.1
NP_417369.1,DsbC_N,PF10411,2.2e-22,79.0
NP_417369.1,DSBA,PF01323,3.3e-07,30.8
NP_417370.1,Phage_integrase,PF00589,1e-59,201.8
NP_417370.1,Phage_int_SAM_1,PF02899,4.7e-26,91.5
NP_417371.1,Flavodoxin_1,PF00258,2.3e-24,86.8
NP_417372.1,Cpta_toxin,PF07254,1.1e-49,168.5
NP_417373.1,Sdh5,PF03937,5.4e-26,90.9
NP_417374.1,YgfZ_barrel,PF21130,1.5e-35,121.7
NP_417375.1,HlyIII,PF03006,7.3e-39,134.3
NP_417376.1,ASCH,PF04266,1.7e-21,77.5
NP_417377.1,Glyco_hydro_1,PF00232,1.1e-135,453.3
NP_417378.1,adh_short_C2,PF13561,1.7e-56,192.0
NP_417378.1,adh_short,PF00106,9e-52,176.0
NP_417378.1,KR,PF08659,1.5e-16,61.5
NP_417379.1,GDC-P,PF02347,5.1e-207,688.5
NP_417379.1,GcvP2_C,PF21478,3.6e-59,198.6
NP_417379.1,Beta_elim_lyase,PF01212,3.1e-06,27.3
NP_417380.1,GCV_H,PF01597,1.7e-50,170.6
NP_417381.1,GCV_T,PF01571,8.5e-70,235.4
NP_417381.1,GCV_T_C,PF08669,5.5e-14,52.4
NP_417382.1,FAD_binding_3,PF01494,2.1e-32,113.3
NP_417382.1,DAO,PF01266,9.9e-07,29.2
NP_417382.1,SE,PF08491,0.00025,20.8
NP_417383.1,FAD_binding_3,PF01494,9.2e-23,81.6
NP_417383.1,Lycopene_cycl,PF05834,2.6e-06,27.4
NP_417384.1,Peptidase_M24,PF00557,1.2e-67,228.3
NP_417384.1,AMP_N,PF05195,2.4e-38,131.1
NP_417385.4,UPF0149,PF03695,1.3e-44,153.1
NP_417386.1,ZapA,PF05164,3e-22,79.3
NP_417387.3,5-FTHF_cyc-lig,PF01812,2.8e-45,155.1
NP_417388.1,2-Hacid_dh_C,PF02826,2.3e-49,167.7
NP_417388.1,2-Hacid_dh,PF00389,2.1e-38,131.6
NP_417388.1,ACT_AHAS_ss,PF22629,1e-17,64.6
NP_417388.1,ACT,PF01842,4.3e-08,33.4
NP_417388.1,NAD_binding_2,PF03446,0.00021,21.9
NP_417389.1,Rib_5-P_isom_A,PF06026,6.3e-61,205.5
NP_417391.1,HTH_1,PF00126,2.4e-18,66.4
NP_417391.1,LysR_substrate,PF03466,1.1e-12,48.3
NP_417392.1,MM_CoA_mutase,PF01642,1.4e-248,826.1
NP_417392.1,B12-binding,PF02310,3.8e-20,72.5
NP_417393.1,MeaB,PF03308,3.2e-126,420.5
NP_417393.1,cobW,PF02492,1.5e-05,25.2
NP_417394.4,ECH_1,PF00378,6.6e-47,160.5
NP_417394.4,ECH_2,PF16113,2.2e-23,83.9
NP_417395.1,AcetylCoA_hydro,PF02550,5.1e-74,249.2
NP_417395.1,AcetylCoA_hyd_C,PF13336,2.6e-41,141.7
NP_417396.4,HTH_1,PF00126,2.3e-15,56.9
NP_417396.4,LysR_substrate,PF03466,3e-12,46.9
NP_417397.1,SIMPL,PF04402,1.3e-50,173.1
NP_417398.1,LysE,PF01810,2.5e-55,187.6
NP_417399.1,MS_channel_2nd,PF00924,4.3e-22,78.6
NP_417399.1,MS_channel_3rd,PF21082,1.3e-21,77.4
NP_417399.1,MS_channel_1st_1,PF05552,2.4e-13,50.3
NP_417399.1,MS_channel_1st,PF21088,1.1e-08,35.4
NP_417400.1,F_bP_aldolase,PF01116,2.5e-84,283.7
NP_417401.1,PGK,PF00162,1.8e-141,472.1
NP_417402.1,Gp_dh_C,PF02800,5.6e-56,189.1
NP_417402.1,Gp_dh_N,PF00044,5.3e-37,126.7
NP_417404.1,MtlR,PF05068,1.1e-54,185.3
NP_417405.1,FBPase_glpX,PF03320,1.6e-121,405.6
NP_417408.1,PTS_EIIC,PF02378,4e-28,99.0
NP_417408.1,PTS_IIB,PF02302,6.7e-13,49.7
NP_417409.1,PTS_EIIA_2,PF00359,3.2e-29,102.3
NP_417411.2,Peptidase_M48,PF01435,3.1e-26,92.9
NP_417412.1,Arginase,PF00491,5.5e-90,302.2
NP_417413.1,Orn_Arg_deC_N,PF02784,5e-62,210.1
NP_417413.1,Arg_decarb_HB,PF17810,1.5e-25,89.9
NP_417413.1,Arg_decarbox_C,PF17944,3.4e-17,63.3
NP_417414.2,YqgB,PF11036,4.4e-33,113.3
NP_417415.1,YqgC,PF17430,2.2e-39,133.9
NP_417417.1,S-AdoMet_synt_C,PF02773,1.2e-70,236.4
NP_417417.1,S-AdoMet_synt_M,PF02772,1.3e-49,167.9
NP_417417.1,S-AdoMet_synt_N,PF00438,4.7e-45,152.7
NP_417418.1,Sugar_tr,PF00083,4e-145,484.8
NP_417418.1,MFS_1,PF07690,9.2e-42,143.8
NP_417418.1,TRI12,PF06609,4.2e-09,36.0
NP_417419.1,SprT-like,PF10263,1.3e-23,83.5
NP_417419.1,Zn_ribbon_SprT,PF17283,5.5e-09,36.5
NP_417420.1,Endonuclease_1,PF04231,1.7e-49,169.2
NP_417421.4,Methyltrans_RNA,PF04452,4.5e-55,186.3
NP_417421.4,PUA_4,PF20260,3.1e-15,56.6
NP_417422.1,GSH-S_ATP,PF02955,6.6e-81,270.5
NP_417422.1,GSH-S_N,PF02951,2.8e-48,163.5
NP_417422.1,RimK,PF08443,2.4e-11,44.2
NP_417422.1,ATPgrasp_YheCD,PF14398,5.2e-07,29.8
NP_417423.4,DUF179,PF02622,4.2e-52,176.8
NP_417424.1,RuvX,PF03652,1.7e-46,158.5
NP_417425.2,T2SSE,PF00437,5.5e-50,170.7
NP_417426.1,Ala_racemase_N,PF01168,8.6e-23,81.8
NP_417427.1,CCB3_YggT,PF02325,4.5e-42,142.8
NP_417428.2,DUF167,PF02594,5.7e-25,87.9
NP_417429.1,Ham1p_like,PF01725,3.5e-66,223.3
NP_417430.1,Radical_SAM,PF04055,1.1e-26,94.6
NP_417430.1,HemN_C,PF06969,5.5e-07,30.1
NP_417431.1,DUF1202,PF06717,1.5e-197,655.7
NP_417432.1,Asparaginase,PF00710,1.7e-68,230.5
NP_417432.1,Asparaginase_C,PF17763,3.8e-34,117.7
NP_417433.1,DUF2884,PF11101,1.2e-20,74.7
NP_417434.4,YggL_50S_bp,PF04320,6.9e-41,139.9
NP_417435.1,Methyltransf_4,PF02390,1.9e-63,213.6
NP_417436.1,HhH-GPD,PF00730,7.9e-28,97.5
NP_417436.1,NUDIX_4,PF14815,1.5e-26,93.0
NP_417436.1,HHH,PF00633,8.6e-08,32.2
NP_417436.1,EndIII_4Fe-2S,PF10576,0.00028,21.7
NP_417437.1,Iron_traffic,PF04362,2.5e-40,136.7
NP_417438.2,Mltc_N,PF11873,3.7e-73,245.2
NP_417438.2,SLT,PF01464,2.3e-33,114.8
NP_417439.4,Nuc_H_symport,PF03825,1.1e-188,627.8
NP_417439.4,MFS_1_like,PF12832,9.6e-26,91.4
NP_417439.4,MFS_1,PF07690,1.8e-14,54.0
NP_417440.4,OKR_DC_1,PF01276,4.9e-202,671.8
NP_417440.4,OKR_DC_1_C,PF03711,5.5e-46,156.7
NP_417440.4,OKR_DC_1_N,PF03709,1.2e-15,58.3
NP_417441.1,DUF554,PF04474,7.7e-68,228.8
NP_417442.1,T2SSM,PF04612,2e-46,158.7
NP_417445.1,T2SSS_2,PF16549,2.1e-16,60.5
NP_417446.4,A24_N_bact,PF06750,3.2e-34,117.4
NP_417446.4,Peptidase_A24,PF01478,1.7e-24,86.8
NP_417449.1,Lactate_perm,PF02652,2.9e-207,690.2
NP_417450.1,MS_TIM-barrel,PF01274,6.9e-78,261.7
NP_417450.1,MSG_insertion,PF20658,3.9e-32,110.9
NP_417450.1,MS_C,PF20659,7.6e-29,101.1
NP_417450.1,MS_N,PF20656,3.4e-22,78.3
NP_417451.1,HbpS-like,PF03928,6.6e-36,123.8
NP_417453.1,FAD-oxidase_C,PF02913,3.4e-71,240.4
NP_417453.1,FAD_binding_4,PF01565,3.6e-36,124.5
NP_417454.1,FCD,PF07729,9.8e-23,81.5
NP_417454.1,GntR,PF00392,1e-13,51.3
NP_417456.2,DDE_Tnp_1,PF01609,8e-36,124.3
NP_417456.2,DUF772,PF05598,3.9e-25,88.8
NP_417461.1,PHO4,PF01384,5.3e-93,312.5
NP_417462.1,GSP_synth,PF03738,1.7e-64,218.9
NP_417462.1,CHAP,PF05257,8.9e-11,42.7
NP_417463.4,GST_C_2,PF13410,5.9e-09,36.5
NP_417463.4,GST_C,PF00043,5.3e-07,30.4
NP_417463.4,GST_N_2,PF13409,2e-06,28.9
NP_417463.4,GST_N,PF02798,4.1e-06,27.6
NP_417463.4,GST_C_3,PF14497,8.6e-06,26.5
NP_417464.1,HupF_HypC,PF01455,3.7e-23,82.1
NP_417465.1,HypA,PF01155,2e-33,115.3
NP_417466.1,NiFe-hyd_HybE,PF11939,2.9e-49,167.4
NP_417467.1,HycI,PF01750,2.3e-38,131.6
NP_417468.1,NiFeSe_Hases,PF00374,1.7e-215,717.4
NP_417468.1,HoxH,PF27537,7.3e-07,29.8
NP_417469.1,NrfD,PF03916,2.7e-18,67.2
NP_417470.1,Fer4_11,PF13247,2.1e-22,79.8
NP_417470.1,Fer4_9,PF13187,1e-11,45.2
NP_417470.1,Fer4_10,PF13237,5.4e-10,39.6
NP_417470.1,Fer4_7,PF12838,1.4e-09,38.8
NP_417470.1,Fer4,PF00037,2.3e-09,37.2
NP_417470.1,Fer4_2,PF12797,8.4e-09,35.4
NP_417470.1,Fer4_6,PF12837,3.4e-07,30.5
NP_417471.1,Oxidored_q6,PF01058,2.2e-29,102.4
NP_417471.1,NiFe_hyd_SSU_C,PF14720,1.1e-25,90.4
NP_417472.1,DUF2623,PF11115,4.6e-43,145.9
NP_417474.1,Aldo_ket_red,PF00248,6.3e-86,288.6
NP_417475.1,UPF0114,PF03350,3.5e-38,131.1
NP_417476.1,adh_short_C2,PF13561,3.2e-57,194.4
NP_417476.1,adh_short,PF00106,4.6e-44,150.8
NP_417476.1,SDR,PF23441,4e-08,33.5
NP_417476.1,KR,PF08659,1.1e-07,32.6
NP_417478.1,ExbD,PF02472,1.4e-30,106.5
NP_417479.1,MotA_ExbB,PF01618,1.4e-32,112.7
NP_417481.1,Cys_Met_Meta_PP,PF01053,5.9e-129,430.5
NP_417482.1,VTT_dom,PF09335,1.5e-18,68.0
NP_417483.2,AraC_N,PF06719,1.7e-40,138.7
NP_417483.2,HTH_18,PF12833,3.6e-23,82.3
NP_417483.2,HTH_AraC,PF00165,1.1e-18,67.4
NP_417484.1,Fe-ADH,PF00465,9e-40,136.6
NP_417484.1,ADH_Fe_C,PF25137,7.6e-27,94.8
NP_417484.1,Fe-ADH_2,PF13685,4.5e-07,30.6
NP_417485.4,Aldo_ket_red,PF00248,3.3e-56,191.1
NP_417487.1,LPP,PF04728,1.7e-12,48.0
NP_417489.1,Cu-oxidase_3,PF07732,2e-28,99.5
NP_417489.1,Cu-oxidase_2,PF07731,7.6e-13,49.0
NP_417490.1,Acyltransferase,PF01553,1.1e-38,132.6
NP_417491.1,DNA_topoisoIV,PF00521,2.9e-137,458.7
NP_417491.1,DNA_gyraseA_C,PF03989,9.4e-14,51.2
NP_417492.1,SBP_bac_5,PF00496,2.4e-84,284.1
NP_417493.1,MqsA_antitoxin,PF15731,8e-56,188.3
NP_417494.1,MqsR_toxin,PF15723,6.1e-35,120.1
NP_417496.1,BOF,PF04076,9.3e-48,161.2
NP_417497.1,Trans_reg_C,PF00486,6e-24,84.5
NP_417497.1,Response_reg,PF00072,3.1e-23,82.6
NP_417498.1,HATPase_c,PF02518,1.9e-21,77.2
NP_417498.1,HisKA,PF00512,9.2e-13,48.6
NP_417498.1,HAMP_PhoQ,PF26769,8.9e-10,39.0
NP_417498.1,2CSK_N,PF08521,1.9e-08,35.1
NP_417499.1,DUF2645,PF10840,1.1e-25,90.7
NP_417500.1,Flavodoxin_2,PF02525,1.1e-36,127.1
NP_417501.1,ABM,PF03992,1e-17,64.6
NP_417502.1,DNA_gyraseB,PF00204,5.4e-41,140.6
NP_417502.1,DNA_gyraseB_C,PF00986,7.6e-25,87.5
NP_417502.1,HATPase_c,PF02518,3.5e-14,53.8
NP_417502.1,Toprim,PF01751,2e-12,47.7
NP_417503.1,UPF0227,PF05728,9.2e-78,261.0
NP_417504.1,Metallophos,PF00149,1.2e-22,81.9
NP_417504.1,Metallophos_2,PF12850,2.7e-06,28.1
NP_417505.1,DUF1249,PF06853,1.2e-41,141.9
NP_417506.1,NUDIX,PF00293,2.5e-11,44.3
NP_417507.2,OEP,PF02321,2.7e-92,308.2
NP_417509.3,DUF1190,PF06693,3.2e-55,187.4
NP_417510.1,GSP_synth,PF03738,9.5e-164,545.5
NP_417511.3,LigB,PF02900,2.3e-18,66.8
NP_417512.1,Zip,PF02535,2.1e-38,133.0
NP_417513.1,DHBP_synthase,PF00926,6.4e-84,280.8
NP_417514.4,BMFP,PF04380,1.6e-27,96.3
NP_417515.1,Fimbrial,PF00419,9.9e-22,78.5
NP_417516.3,HTH_Tnp_1,PF01527,4.6e-18,65.8
NP_417517.1,rve_3,PF13683,1e-18,67.4
NP_417517.1,rve,PF00665,1.9e-16,60.8
NP_417517.1,HTH_21,PF13276,5.2e-11,43.2
NP_417519.4,PapD_N,PF00345,6.6e-36,123.6
NP_417519.4,PapD_C,PF02753,1.7e-07,32.0
NP_417521.1,GlgS,PF08971,4.5e-46,155.3
NP_417522.1,YqiJ_N,PF21001,4.5e-16,59.6
NP_417522.1,YqiJ_OB,PF07290,2.4e-14,53.7
NP_417523.1,Flot,PF15975,7.1e-41,139.8
NP_417523.1,Band_7,PF01145,2.3e-18,67.4
NP_417524.1,PfkB,PF00294,5.4e-58,197.3
NP_417524.1,CTP_transf_like,PF01467,2.8e-19,70.2
NP_417524.1,Phos_pyr_kin,PF08543,4.5e-08,33.4
NP_417525.1,GlnE,PF03710,3.5e-210,695.5
NP_417525.1,GlnD_UR_UTase,PF08335,1.8e-42,145.3
NP_417526.1,CYTH,PF01928,3.9e-40,138.2
NP_417526.1,CHAD,PF05235,2.2e-22,80.7
NP_417527.1,SH3_3,PF08239,1.8e-07,31.8
NP_417528.1,PolyA_pol,PF01743,4.1e-19,69.8
NP_417528.1,PolyA_pol_RNAbd,PF12627,9.8e-15,54.7
NP_417528.1,HD,PF01966,2.7e-14,54.1
NP_417529.1,BacA,PF02673,1.2e-87,294.5
NP_417530.2,FolB,PF02152,1.8e-33,115.9
NP_417531.1,G3P_acyltransf,PF02660,3.2e-54,184.0
NP_417532.1,LysR_substrate,PF03466,1.3e-33,116.8
NP_417532.1,HTH_1,PF00126,4.6e-16,59.1
NP_417533.1,Fumerase,PF05681,6.4e-84,282.0
NP_417534.1,Fumerase_C,PF05683,1.1e-39,136.5
NP_417535.1,Na_sulph_symp,PF00939,3.7e-195,650.0
NP_417535.1,CitMHS,PF03600,1.2e-22,81.1
NP_417536.1,TsaD,PF00814,1.4e-100,336.9
NP_417536.1,HypF_C_2,PF22521,8.9e-09,36.0
NP_417537.1,Ribosomal_S21,PF01165,4.4e-22,78.1
NP_417538.1,DNAG_N,PF08275,2e-44,151.3
NP_417538.1,Zn_ribbon_DnaG,PF01807,1.8e-41,140.5
NP_417538.1,DnaG_DnaB_bind,PF08278,8e-32,110.8
NP_417538.1,Toprim_2,PF13155,2.9e-18,66.6
NP_417538.1,Toprim_4,PF13662,1e-15,58.3
NP_417538.1,DnaB_bind,PF10410,1.5e-15,57.8
NP_417538.1,Toprim,PF01751,1.8e-15,57.5
NP_417538.1,Toprim_3,PF13362,1.1e-06,29.6
NP_417539.1,Sigma70_ner,PF04546,1e-75,254.9
NP_417539.1,Sigma70_r1_1,PF03979,9.7e-30,102.9
NP_417539.1,Sigma70_r3,PF04539,3.6e-29,101.3
NP_417539.1,Sigma70_r2,PF04542,5.3e-24,84.4
NP_417539.1,Sigma70_r4,PF04545,2.1e-18,66.1
NP_417539.1,Sigma70_r1_2,PF00140,5.6e-13,49.2
NP_417540.1,UDG,PF03167,1.2e-23,84.3
NP_417541.1,FAD_binding_9,PF08021,8.6e-37,126.6
NP_417541.1,SIP,PF04954,9e-26,91.3
NP_417542.1,PadR,PF03551,2.8e-15,56.6
NP_417543.1,MCPsignal,PF00015,3.9e-47,160.9
NP_417543.1,PAS_3,PF08447,3.5e-18,66.2
NP_417543.1,PAS_9,PF13426,1.5e-07,32.2
NP_417543.1,PAS,PF00989,2.5e-07,31.3
NP_417543.1,HAMP,PF00672,1.3e-05,26.0
NP_417544.5,Aminotran_3,PF00202,8.2e-102,341.5
NP_417545.1,tRNA_bind,PF01588,2e-33,114.9
NP_417546.1,Peripla_BP_3,PF13377,3.1e-31,109.3
NP_417546.1,LacI,PF00356,2.4e-17,63.0
NP_417546.1,Peripla_BP_1,PF00532,1.5e-07,31.8
NP_417548.1,DUF386,PF04074,9.1e-26,91.2
NP_417550.1,YgjJ,PF27458,9.8e-176,583.8
NP_417551.1,YgjK_N,PF21152,1.7e-132,441.1
NP_417551.1,MGH1-like_GH,PF22422,1.4e-77,262.3
NP_417551.1,Trehalase,PF01204,1.5e-11,44.5
NP_417551.1,Glyco_hydro_63,PF03200,6.7e-08,32.3
NP_417551.1,Bac_rhamnosid6H,PF17389,1.8e-06,28.1
NP_417552.1,Oxidored_FMN,PF00724,1.9e-115,386.4
NP_417552.1,Pyr_redox_2,PF07992,1.9e-25,90.4
NP_417552.1,DAO,PF01266,2.8e-10,40.8
NP_417552.1,NAD_binding_8,PF13450,4.3e-09,37.1
NP_417552.1,Pyr_redox,PF00070,1.3e-07,32.6
NP_417552.1,FAD_binding_2,PF00890,3.8e-05,23.6
NP_417553.1,HTH_3,PF01381,1.6e-07,31.8
NP_417554.1,HigB_toxin,PF09907,3.4e-22,79.1
NP_417555.4,RLMG_N,PF26049,7e-76,254.7
NP_417555.4,MTS,PF05175,1.8e-59,200.7
NP_417555.4,Methyltransf_12,PF08242,7.3e-10,40.0
NP_417555.4,Methyltransf_25,PF13649,3.4e-09,37.8
NP_417555.4,Methyltransf_31,PF13847,3.3e-09,37.2
NP_417555.4,PrmA,PF06325,1.9e-05,24.9
NP_417556.2,YgjP-like,PF01863,9.9e-11,42.6
NP_417557.1,DUF218,PF02698,3.8e-20,72.7
NP_417558.2,GFO_IDH_MocA,PF01408,4.6e-31,108.6
NP_417558.2,GFO_IDH_MocA_C3,PF22725,4.8e-11,43.3
NP_417560.1,SDF,PF00375,2.5e-64,218.3
NP_417561.1,Imp-YgjV,PF10688,3.6e-64,215.8
NP_417562.1,GD_AH_C,PF20629,2.1e-97,325.8
NP_417562.1,GD_AH_second,PF04295,3.3e-47,160.6
NP_417562.1,SAF,PF08666,7.9e-12,46.1
NP_417563.1,UxaC,PF02614,4.7e-216,718.6
NP_417564.2,MFS_1,PF07690,3.5e-57,194.5
NP_417565.2,GntR,PF00392,1.3e-22,79.7
NP_417565.2,FCD,PF07729,7.9e-21,75.4
NP_417566.1,VTT_dom,PF09335,2.1e-21,77.3
NP_417567.1,SecD-TM1,PF13721,2.2e-18,67.2
NP_417568.2,DUF1090,PF06476,2.1e-34,118.4
NP_417569.1,DUF883_C,PF19029,1.6e-15,57.0
NP_417569.1,DUF883,PF05957,4.5e-13,49.5
NP_417570.1,Phage_holin_3_6,PF07332,2.5e-21,76.5
NP_417571.1,YqjK,PF13997,8.5e-25,87.6
NP_417572.2,DoxX,PF07681,1.5e-21,77.4
NP_417573.1,GST_C_2,PF13410,5.6e-15,55.8
NP_417573.1,GST_N_2,PF13409,5.1e-12,46.8
NP_417573.1,GST_C,PF00043,1.1e-06,29.3
NP_417573.1,GST_C_3,PF14497,7.4e-06,26.7
NP_417574.1,DUF805,PF05656,3.6e-35,121.4
NP_417575.1,DUF805,PF05656,3.5e-32,111.8
NP_417576.1,LysR_substrate,PF03466,2.3e-19,70.2
NP_417576.1,HTH_1,PF00126,4.7e-17,62.3
NP_417577.1,Pirin,PF02678,8.5e-25,87.5
NP_417577.1,Pirin_C_2,PF17954,5.6e-17,62.3
NP_417583.4,Ribonuc_L-PSP,PF01042,8.7e-45,152.2
NP_417585.2,Acetate_kinase,PF00871,1.5e-175,584.1
NP_417586.1,Trp_Tyr_perm,PF03222,2.3e-08,34.2
NP_417587.1,PALP,PF00291,1.1e-80,271.7
NP_417588.1,LysR_substrate,PF03466,1.3e-33,116.8
NP_417588.1,HTH_1,PF00126,2.6e-19,69.5
NP_417590.2,UCP004546,PF27690,3.8e-129,428.4
NP_417593.4,Gly_kinase,PF02595,6.1e-158,526.2
NP_417594.3,NAD_binding_2,PF03446,8.2e-55,185.8
NP_417594.3,NAD_binding_11,PF14833,7.4e-41,139.8
NP_417594.3,F420_oxidored,PF03807,2.8e-10,41.2
NP_417594.3,2-Hacid_dh_C,PF02826,3.1e-08,33.8
NP_417594.3,3HCDH_N,PF02737,8.4e-05,23.1
NP_417595.1,HpcH_HpaI,PF03328,1.4e-61,208.2
NP_417596.1,MFS_1,PF07690,1.5e-54,185.8
NP_417596.1,Sugar_tr,PF00083,5.5e-06,26.1
NP_417597.1,GD_AH_C,PF20629,2.9e-94,315.6
NP_417597.1,GD_AH_second,PF04295,1.3e-36,126.3
NP_417597.1,SAF,PF08666,5.8e-10,40.2
NP_417598.1,PrlF_antitoxin,PF15937,6.9e-42,142.2
NP_417599.1,Toxin_YhaV,PF11663,8.9e-54,181.8
NP_417600.1,DeoRC,PF00455,3.7e-55,186.8
NP_417600.1,HTH_DeoR,PF08220,2.2e-21,76.0
NP_417600.1,HTH_11,PF08279,2.7e-09,37.4
NP_417601.1,GatZ_KbaZ-like,PF08013,3.6e-203,675.5
NP_417602.4,PTSIIB_sorb,PF03830,4.3e-50,170.5
NP_417605.1,SIS,PF01380,6.7e-43,146.2
NP_417606.1,F_bP_aldolase,PF01116,5.6e-99,331.7
NP_417607.1,PTSIIB_sorb,PF03830,8.6e-49,166.2
NP_417608.1,EII-Sor,PF03609,3.4e-68,230.2
NP_417609.1,EIID-AGA,PF03613,3.8e-92,308.9
NP_417610.1,Glucosamine_iso,PF01182,2.5e-20,73.9
NP_417611.1,Fimbrial,PF00419,2.2e-28,100.1
NP_417612.1,PapD_N,PF00345,2.5e-41,141.1
NP_417612.1,PapD_C,PF02753,5.7e-12,46.3
NP_417613.1,Usher,PF00577,5.1e-216,719.3
NP_417613.1,PapC_N,PF13954,5.2e-46,156.8
NP_417613.1,PapC_C,PF13953,4.1e-19,68.8
NP_417614.1,Fimbrial,PF00419,5.1e-31,108.6
NP_417615.1,TP_methylase,PF00590,7.2e-34,118.2
NP_417615.1,RsmI_C,PF23016,8.7e-18,64.5
NP_417616.1,LppC,PF04348,6.5e-135,451.5
NP_417617.1,UPF0102,PF02021,3.4e-25,88.8
NP_417618.1,SIS_2,PF13580,1.4e-29,103.5
NP_417618.1,SIS,PF01380,8.3e-07,29.5
NP_417619.1,BON,PF04972,2.3e-35,121.3
NP_417620.1,ArsP_1,PF03773,4.8e-40,138.1
NP_417621.2,NAD_binding_10,PF13460,2.6e-08,34.5
NP_417621.2,Semialdhyde_dh,PF01118,4.2e-07,31.0
NP_417621.2,Epimerase,PF01370,8.1e-07,29.3
NP_417621.2,NAD_binding_4,PF07993,0.0001,22.1
NP_417622.2,DJ-1_PfpI,PF01965,1.2e-57,194.9
NP_417624.1,GIY-YIG,PF01541,4.2e-16,59.6
NP_417625.1,Acetyltransf_1,PF00583,9.3e-12,45.8
NP_417625.1,Acetyltransf_7,PF13508,4.9e-11,43.5
NP_417625.1,Acetyltransf_9,PF13527,8.6e-08,32.8
NP_417626.1,SCP2,PF02036,8.7e-20,71.5
NP_417626.1,Alkyl_sulf_C,PF14864,5.7e-06,27.1
NP_417627.1,Peptidase_U32,PF01136,5.3e-68,229.9
NP_417628.2,Peptidase_U32,PF01136,4.4e-14,52.9
NP_417629.1,Bac_luciferase,PF00296,2.2e-40,139.5
NP_417630.1,Trp_Tyr_perm,PF03222,1.4e-157,525.4
NP_417631.2,DEAD,PF00270,3.6e-52,177.0
NP_417631.2,Helicase_C,PF00271,2.4e-32,112.0
NP_417631.2,DbpA,PF03880,2.2e-21,76.3
NP_417631.2,DeaD_dimer,PF25399,7.4e-18,64.9
NP_417631.2,DeaD_C,PF12343,1e-11,45.6
NP_417631.2,ResIII,PF04851,5.5e-06,27.0
NP_417632.1,TPR_2,PF07719,2.1e-16,59.2
NP_417632.1,TPR_1,PF00515,1.3e-14,53.9
NP_417632.1,TPR_11,PF13414,9.8e-10,38.6
NP_417632.1,TPR_16,PF13432,3.3e-09,37.6
NP_417632.1,TPR_8,PF13181,2.5e-09,37.1
NP_417632.1,TPR_14,PF13428,6.8e-09,36.1
NP_417632.1,TPR_19,PF14559,8.2e-07,29.8
NP_417633.4,RNase_PH,PF01138,2.3e-57,193.6
NP_417633.4,PNPase,PF03726,9.8e-28,97.0
NP_417633.4,S1,PF00575,7.6e-24,84.5
NP_417633.4,RNase_PH_C,PF03725,2e-21,76.3
NP_417633.4,KH_1,PF00013,8e-11,42.1
NP_417634.1,Ribosomal_S15,PF00312,2.2e-38,130.9
NP_417635.1,TruB_N,PF01509,3e-57,193.8
NP_417635.1,TruB-C_2,PF09157,5.3e-20,71.7
NP_417635.1,TruB_C_2,PF16198,6.1e-19,68.5
NP_417636.1,RBFA,PF02033,2.3e-36,124.8
NP_417637.1,IF-2,PF11987,2.3e-43,147.4
NP_417637.1,GTP_EFTU,PF00009,2.4e-39,135.5
NP_417637.1,EF-G_D2,PF22042,3.6e-29,101.3
NP_417637.1,IF2_N,PF04760,4.5e-26,91.0
NP_417637.1,IF2_assoc,PF08364,2.6e-17,63.4
NP_417637.1,GTP_EFTU_D2,PF03144,1.9e-12,48.0
NP_417637.1,MMR_HSR1,PF01926,9e-11,42.5
NP_417637.1,Arf,PF00025,1.6e-05,25.0
NP_417637.1,Ras,PF00071,2.1e-05,24.7
NP_417638.1,NusA_N,PF08529,2.2e-39,135.0
NP_417638.1,KH_NusA_1st,PF13184,2.8e-32,111.3
NP_417638.1,KH_NusA_2nd,PF26594,8.8e-23,80.5
NP_417638.1,HHH_5,PF14520,3.7e-16,59.9
NP_417638.1,S1,PF00575,3.1e-05,24.8
NP_417639.6,RimP_N,PF02576,6.4e-29,100.8
NP_417639.6,DUF150_C,PF17384,1.1e-23,83.8
NP_417640.1,Arginosuc_syn_C,PF20979,2.2e-30,106.5
NP_417640.1,Arginosuc_synth,PF00764,1.8e-18,67.7
NP_417641.4,Sulfatase,PF00884,2.4e-56,191.8
NP_417642.1,SecG,PF03840,2e-22,79.7
NP_417643.1,PGM_PMM_I,PF02878,1.2e-46,158.4
NP_417643.1,PGM_PMM_III,PF02880,5.5e-36,123.8
NP_417643.1,PGM_PMM_II,PF02879,1.1e-19,71.5
NP_417643.1,PGM_PMM_IV,PF00408,1.2e-19,70.7
NP_417644.4,Pterin_bind,PF00809,8.6e-94,314.3
NP_417645.1,Peptidase_M41,PF01434,1.6e-73,247.3
NP_417645.1,AAA,PF00004,9.3e-48,162.6
NP_417645.1,FtsH_ext,PF06480,6.5e-21,75.1
NP_417645.1,AAA_lid_3,PF17862,6.4e-12,45.4
NP_417645.1,AAA_5,PF07728,1.9e-06,28.5
NP_417645.1,TIP49,PF06068,9.8e-06,25.6
NP_417646.1,FtsJ,PF01728,8.1e-61,205.7
NP_417647.1,CRS1_YhbY,PF01985,3.3e-29,101.6
NP_417648.4,GreA_GreB_N,PF03449,2.4e-32,111.6
NP_417648.4,GreA_GreB,PF01272,8.1e-30,103.2
NP_417649.1,Peptidase_S13,PF02113,1.2e-180,601.7
NP_417649.1,Beta-lactamase2,PF13354,8.6e-07,29.0
NP_417650.1,GTP1_OBG,PF01018,4.2e-62,208.9
NP_417650.1,MMR_HSR1,PF01926,8.3e-25,87.7
NP_417650.1,FeoB_N,PF02421,8.7e-08,32.4
NP_417651.1,EamA,PF00892,9.8e-47,159.2
NP_417652.1,Ribosomal_L27,PF01016,4.3e-39,133.0
NP_417653.1,Ribosomal_L21p,PF00829,1.2e-36,125.6
NP_417654.1,polyprenyl_synt,PF00348,2.1e-82,276.7
NP_417655.1,HTH_35,PF13693,1.3e-34,118.6
NP_417656.1,EPSP_synthase,PF00275,1.5e-140,469.3
NP_417657.2,BolA,PF01722,1.9e-13,51.1
NP_417658.4,STAS_2,PF13466,6.4e-16,58.9
NP_417658.4,STAS,PF01740,2e-06,28.1
NP_417659.1,MlaC,PF05494,6.6e-51,173.0
NP_417660.1,MlaD,PF02470,8.4e-21,74.6
NP_417661.1,MlaE,PF02405,2.8e-71,240.1
NP_417662.1,ABC_tran,PF00005,1.8e-30,106.9
NP_417662.1,AAA_21,PF13304,2.5e-06,28.3
NP_417663.1,Na_Ca_ex,PF01699,1.2e-65,220.7
NP_417664.1,SIS,PF01380,3.3e-37,127.8
NP_417664.1,CBS,PF00571,3.1e-14,53.6
NP_417665.1,Hydrolase_3,PF08282,3.5e-12,47.2
NP_417666.1,LptC,PF06835,1.4e-55,188.1
NP_417667.1,LptD_N,PF03968,3.4e-35,121.3
NP_417668.1,ABC_tran,PF00005,5.1e-36,124.9
NP_417668.1,BCA_ABC_TP_C,PF12399,6.9e-09,35.7
NP_417669.1,Sigma54_DBD,PF04552,1.2e-70,237.0
NP_417669.1,Sigma54_CBD,PF04963,5.2e-64,216.0
NP_417669.1,Sigma54_AID,PF00309,5.1e-17,62.0
NP_417670.1,Ribosomal_S30AE,PF02482,1.2e-27,97.0
NP_417671.1,PTS_EIIA_2,PF00359,1.6e-36,126.0
NP_417672.1,RapZ-like_N,PF03668,4.9e-73,244.7
NP_417672.1,PapZ_C,PF22740,1.2e-47,161.7
NP_417673.1,PTS-HPr,PF00381,1.8e-25,89.4
NP_417674.1,YrbL-PhoP_reg,PF10707,2.2e-67,226.9
NP_417675.1,Transgly,PF00912,2.9e-54,183.8
NP_417678.1,Radical_SAM_C,PF16199,2.3e-20,73.1
NP_417678.1,Radical_SAM,PF04055,5.8e-19,69.4
NP_417679.2,GATase_2,PF00310,4.6e-178,592.8
NP_417679.2,Glu_synthase,PF01645,1.9e-157,524.8
NP_417679.2,Glu_syn_central,PF04898,4.3e-108,361.6
NP_417679.2,GXGXG,PF01493,4.1e-99,331.5
NP_417680.1,Fer4_20,PF14691,6.7e-40,136.0
NP_417680.1,Pyr_redox_2,PF07992,5.4e-26,92.3
NP_417680.1,Pyr_redox,PF00070,9.3e-14,52.3
NP_417680.1,Pyr_redox_3,PF13738,4.9e-12,46.3
NP_417680.1,NAD_binding_8,PF13450,1.7e-08,35.2
NP_417680.1,DAO,PF01266,3.1e-07,30.8
NP_417680.1,FAD_binding_3,PF01494,1.2e-06,28.6
NP_417680.1,NAD_binding_7,PF13241,3.5e-06,28.1
NP_417680.1,Thi4,PF01946,2.6e-06,27.4
NP_417680.1,FMO-like,PF00743,3.5e-05,23.1
NP_417680.1,F420_oxidored,PF03807,0.00014,23.0
NP_417680.1,FAD_binding_2,PF00890,0.00031,20.6
NP_417681.1,DUF1120,PF06551,9.4e-46,155.3
NP_417682.1,PapD_N,PF00345,1.4e-24,87.0
NP_417683.1,Usher,PF00577,9.9e-151,503.9
NP_417683.1,PapC_C,PF13953,1.5e-12,47.8
NP_417683.1,PapC_N,PF13954,1.2e-09,38.9
NP_417685.2,DDE_Tnp_1,PF01609,8e-36,124.3
NP_417685.2,DUF772,PF05598,3.9e-25,88.8
NP_417686.1,DUF1120,PF06551,1.5e-47,161.1
NP_417687.1,YhcG_C,PF06250,1.5e-57,194.4
NP_417687.1,DUF1016_N,PF17761,1.5e-37,129.3
NP_417688.1,DUF386,PF04074,1.6e-41,142.3
NP_417689.4,ROK,PF00480,1.1e-97,327.7
NP_417690.1,NanE,PF04131,4.1e-96,320.3
NP_417691.4,MFS_1,PF07690,1e-40,140.4
NP_417691.4,Sugar_tr,PF00083,7.5e-21,75.1
NP_417692.1,DHDPS,PF00701,6e-114,380.2
NP_417693.3,FCD,PF07729,1.1e-20,74.9
NP_417693.3,GntR,PF00392,9.5e-21,73.8
NP_417694.1,DcuC,PF03606,3.4e-142,474.8
NP_417695.1,SspB,PF04386,4.3e-47,160.6
NP_417696.1,GST_N,PF02798,9.8e-24,84.1
NP_417696.1,GST_N_2,PF13409,1.6e-16,61.3
NP_417696.1,GST_C,PF00043,1.6e-15,57.7
NP_417696.1,GST_N_3,PF13417,1.1e-14,55.1
NP_417696.1,GST_C_2,PF13410,7.1e-07,29.8
NP_417697.1,Ribosomal_S9,PF00380,8.1e-51,172.2
NP_417698.1,Ribosomal_L13,PF00572,1.7e-47,161.0
NP_417699.1,AFG1_ATPase,PF03969,1.1e-175,584.5
NP_417700.2,ZapG-like,PF06295,5.7e-49,165.8
NP_417701.1,Trypsin_2,PF13365,1.9e-32,113.6
NP_417701.1,PDZ,PF00595,1.2e-30,106.3
NP_417701.1,PDZ_2,PF13180,3.7e-25,88.6
NP_417701.1,Trypsin,PF00089,2.4e-20,73.9
NP_417701.1,PDZ_6,PF17820,7e-20,71.1
NP_417701.1,DUF6288,PF19805,5.3e-07,29.7
NP_417702.1,Trypsin_2,PF13365,1.6e-29,104.1
NP_417702.1,Trypsin,PF00089,1.1e-20,75.0
NP_417702.1,PDZ_2,PF13180,2.5e-14,53.9
NP_417702.1,PDZ_6,PF17820,6.4e-11,42.4
NP_417702.1,PDZ,PF00595,1.4e-10,42.0
NP_417703.1,Ldh_1_C,PF02866,1.6e-51,175.3
NP_417703.1,Ldh_1_N,PF00056,7.7e-46,156.2
NP_417704.1,Arg_repressor,PF01316,7.9e-26,90.2
NP_417704.1,Arg_repressor_C,PF02863,9.3e-23,80.4
NP_417705.2,YdgH_BhsA-like,PF07338,7.5e-23,80.9
NP_417706.1,Barstar,PF01337,3.2e-09,37.2
NP_417707.1,FUSC,PF04632,1.2e-163,546.8
NP_417707.1,FUSC_2,PF13515,4.3e-15,56.5
NP_417708.1,Beta-barrel_AAEA,PF25963,1.5e-47,160.2
NP_417708.1,HH_AAEA_pHBA,PF25878,3.6e-38,130.5
NP_417708.1,BSH_RND,PF25917,4.9e-15,55.7
NP_417708.1,BSH_CzcB,PF25973,1.5e-08,35.0
NP_417708.1,BSH_CusB,PF25919,1.9e-08,34.6
NP_417709.2,DUF1656,PF07869,2e-20,73.1
NP_417710.1,LysR_substrate,PF03466,7.1e-39,133.9
NP_417710.1,HTH_1,PF00126,6.7e-20,71.4
NP_417711.1,PmbA_TldD_3rd,PF19289,3e-68,229.9
NP_417711.1,PmbA_TldD_2nd,PF19290,1.4e-21,77.5
NP_417711.1,PmbA_TldD_1st,PF01523,2.1e-13,50.8
NP_417713.2,RNase_E_G,PF10150,4e-106,354.9
NP_417713.2,RNase_E_G_Thio,PF20833,7e-08,33.1
NP_417713.2,S1,PF00575,8.2e-07,29.9
NP_417714.1,Maf,PF02545,1.7e-64,217.6
NP_417715.1,MreD,PF04093,1.4e-49,168.8
NP_417716.1,MreC,PF04085,4e-44,150.5
NP_417717.2,MreB_Mbl,PF06723,8.4e-150,498.7
NP_417717.2,HSP70,PF00012,3.2e-13,49.4
NP_417717.2,FtsA,PF14450,4.9e-12,46.9
NP_417717.2,Actin,PF00022,1.8e-10,40.6
NP_417717.2,PilM_2,PF11104,1.6e-08,34.5
NP_417718.1,GAPES4,PF17157,1.4e-36,125.4
NP_417718.1,EAL,PF00563,1.5e-35,123.3
NP_417718.1,GGDEF,PF00990,3.9e-33,115.1
NP_417719.1,ADH_zinc_N,PF00107,4.2e-15,56.4
NP_417719.1,ADH_N,PF08240,1.2e-11,45.4
NP_417721.1,Biotin_lipoyl,PF00364,4.7e-25,87.8
NP_417722.1,CPSase_L_D2,PF02786,1.8e-85,286.4
NP_417722.1,Biotin_carb_N,PF00289,3.2e-45,153.7
NP_417722.1,Biotin_carb_C,PF02785,1.7e-38,131.6
NP_417722.1,ATP-grasp,PF02222,1.3e-07,32.0
NP_417722.1,Dala_Dala_lig_C,PF07478,2.3e-07,31.1
NP_417722.1,ATP-grasp_3,PF02655,8e-07,29.9
NP_417723.1,DUF997,PF06196,1.5e-28,99.1
NP_417724.4,SSF,PF00474,1.3e-145,485.9
NP_417725.1,PrmA,PF06325,8.1e-112,374.1
NP_417725.1,MTS,PF05175,2.6e-10,40.7
NP_417725.1,Methyltransf_31,PF13847,3.3e-10,40.5
NP_417725.1,Methyltransf_25,PF13649,3e-08,34.8
NP_417725.1,Methyltransf_12,PF08242,1.1e-07,33.1
NP_417725.1,Methyltransf_23,PF13489,2.8e-07,31.0
NP_417725.1,Methyltransf_11,PF08241,9.4e-06,26.8
NP_417726.1,Dus,PF01207,4.9e-120,400.9
NP_417726.1,His_biosynth,PF00977,1.4e-05,25.3
NP_417727.1,Fis_N,PF27465,3.4e-20,72.8
NP_417727.1,HTH_8,PF02954,8.2e-15,54.9
NP_417728.4,N6_N4_Mtase,PF01555,2.7e-64,217.7
NP_417728.4,Cons_hypoth95,PF03602,1.1e-05,25.8
NP_417729.1,DUF2556,PF10831,2.7e-36,123.9
NP_417730.1,TetR_C_2,PF08361,1.2e-51,174.4
NP_417730.1,TetR_N,PF00440,4.6e-18,65.3
NP_417730.1,TetR_C_4,PF08359,7.8e-06,26.7
NP_417731.1,Beta-barrel_RND,PF25944,4.1e-36,123.8
NP_417731.1,BSH_RND,PF25917,1.8e-31,108.4
NP_417731.1,HH_MFP_RND,PF25876,2.7e-27,95.4
NP_417731.1,RND-MFP_C,PF25967,9.7e-27,93.3
NP_417731.1,Beta-barrel_RND_2,PF25954,5.8e-05,23.8
NP_417732.1,ACR_tran,PF00873,0.0,1444.6
NP_417732.1,SecD_SecF_C,PF02355,8.5e-08,32.4
NP_417732.1,MMPL,PF03176,5.4e-05,22.9
NP_417736.2,BPD_transp_1,PF00528,2e-24,86.9
NP_417737.1,ABC_tran,PF00005,1.6e-39,136.2
NP_417737.1,AAA_21,PF13304,2e-09,38.5
NP_417738.4,Hexapep,PF00132,2.4e-19,68.7
NP_417738.4,Hexapep_2,PF14602,3.8e-07,30.3
NP_417739.1,DUF1488,PF07369,8.8e-34,116.0
NP_417740.1,Shikimate_dh_N,PF08501,5e-23,81.7
NP_417740.1,Shikimate_DH,PF01488,3.8e-10,40.6
NP_417740.1,SDH_C,PF18317,1.9e-09,37.6
NP_417741.1,Sua5_yciO_yrdC,PF01300,2.8e-46,157.8
NP_417743.1,DUF494,PF04361,2.9e-59,199.9
NP_417745.1,Pep_deformylase,PF01327,2.1e-52,177.5
NP_417746.1,Formyl_trans_N,PF00551,1.1e-58,198.6
NP_417746.1,Formyl_trans_C,PF02911,6.1e-33,113.6
NP_417747.1,Methyltr_RsmB-F,PF01189,6e-82,274.7
NP_417747.1,RsmF-B_ferredox,PF22458,3.9e-31,107.6
NP_417747.1,NusB,PF01029,7.1e-29,101.5
NP_417747.1,Methyltransf_31,PF13847,6.3e-07,29.9
NP_417747.1,Methyltransf_25,PF13649,8.1e-06,27.0
NP_417747.1,FtsJ,PF01728,9.3e-06,26.3
NP_417748.1,TrkA_N,PF02254,4.6e-58,195.2
NP_417748.1,TrkA_C,PF02080,4.6e-22,78.3
NP_417748.1,F420_oxidored,PF03807,9.8e-13,49.1
NP_417748.1,NAD_binding_7,PF13241,4.9e-11,43.7
NP_417748.1,Shikimate_DH,PF01488,8.5e-11,42.7
NP_417748.1,Sacchrp_dh_NADP,PF03435,1.1e-09,39.3
NP_417748.1,ApbA,PF02558,7.8e-08,32.7
NP_417748.1,NAD_binding_2,PF03446,2.5e-06,28.2
NP_417748.1,AlaDh_PNT_C,PF01262,2.1e-06,27.9
NP_417748.1,3HCDH_N,PF02737,5e-06,27.1
NP_417748.1,NAD_Gly3P_dh_N,PF01210,2.4e-05,24.9
NP_417749.1,MscL,PF01741,2.4e-47,161.0
NP_417751.1,MerR_1,PF13411,5e-22,78.4
NP_417751.1,MerR-DNA-bind,PF09278,9.5e-22,78.0
NP_417751.1,MerR,PF00376,1.5e-13,50.9
NP_417752.1,DJC28_CD,PF09350,3.6e-24,85.2
NP_417753.1,Ribosomal_L17,PF01196,1.1e-39,135.8
NP_417754.1,RNA_pol_A_bac,PF01000,2.2e-35,122.0
NP_417754.1,RNA_pol_L,PF01193,1.3e-25,89.4
NP_417754.1,RNA_pol_A_CTD,PF03118,3.4e-24,84.9
NP_417755.1,Ribosomal_S4,PF00163,1.7e-31,109.3
NP_417755.1,S4,PF01479,3.8e-19,68.8
NP_417756.1,Ribosomal_S11,PF00411,1e-54,184.2
NP_417757.1,Ribosomal_S13,PF00416,2.1e-35,122.5
NP_417758.1,Ribosomal_L36,PF00444,2.6e-21,76.0
NP_417759.1,SecY,PF00344,2e-121,405.7
NP_417760.1,Ribosomal_L27A,PF00828,6.6e-13,49.5
NP_417761.1,Ribosomal_L30,PF00327,4.3e-22,78.3
NP_417762.1,Ribosomal_S5_C,PF03719,2.1e-30,104.5
NP_417762.1,Ribosomal_S5,PF00333,6.1e-30,103.6
NP_417763.1,Ribosomal_L18p,PF00861,1.4e-39,135.6
NP_417764.1,Ribosomal_L6,PF00347,9.6e-43,145.4
NP_417765.1,Ribosomal_S8,PF00410,3.5e-49,166.6
NP_417766.1,Ribosomal_S14,PF00253,1.2e-26,92.8
NP_417767.1,Ribosomal_L5_C,PF00673,8.4e-42,141.8
NP_417767.1,Ribosomal_L5,PF00281,1.3e-28,99.6
NP_417768.1,ribosomal_L24,PF17136,1e-25,90.4
NP_417768.1,KOW,PF00467,4.1e-06,27.0
NP_417769.1,Ribosomal_L14,PF00238,2.9e-55,185.9
NP_417770.1,Ribosomal_S17,PF00366,3.6e-35,120.5
NP_417771.1,Ribosomal_L29,PF00831,3.5e-23,81.9
NP_417772.1,Ribosomal_L16,PF00252,5.5e-51,172.5
NP_417773.1,Ribosomal_S3_C,PF00189,1.2e-40,138.4
NP_417773.1,KH_2,PF07650,6.4e-20,71.4
NP_417774.1,Ribosomal_L22,PF00237,1.3e-41,141.5
NP_417775.1,Ribosomal_S19,PF00203,3e-38,130.1
NP_417776.1,Ribosomal_L2_C,PF03947,4.7e-57,192.1
NP_417776.1,Ribosomal_L2_N,PF00181,3.2e-37,127.1
NP_417777.1,Ribosomal_L23,PF00276,1.5e-32,112.4
NP_417778.1,Ribosomal_L4,PF00573,1e-71,241.2
NP_417779.1,Ribosomal_L3,PF00297,6.7e-14,52.3
NP_417780.1,Ribosomal_S10,PF00338,2.3e-35,121.4
NP_417782.1,GspA_C39-like,PF21327,1.2e-18,67.9
NP_417782.1,PG_binding_1,PF01471,2.2e-09,38.0
NP_417782.1,AAA_22,PF13401,1.7e-07,32.2
NP_417783.1,T2SSC,PF11356,1.2e-07,32.3
NP_417784.4,Secretin,PF00263,7.7e-51,172.6
NP_417784.4,Secretin_N,PF03958,5.4e-50,168.1
NP_417784.4,type_II_gspD_N0,PF21305,1.5e-24,86.2
NP_417785.1,T2SSE,PF00437,4.5e-164,546.1
NP_417785.1,AAA_23,PF13476,6.5e-07,30.8
NP_417786.1,T2SSF,PF00482,1.2e-59,200.4
NP_417786.1,T2SSF_N,PF28597,7e-13,48.7
NP_417787.1,T2SSG,PF08334,9.7e-38,129.1
NP_417787.1,N_methyl,PF07963,1e-09,38.2
NP_417788.1,GspH,PF12019,1.5e-09,38.9
NP_417788.1,N_methyl,PF07963,3.8e-08,33.1
NP_417789.4,T2SSI,PF02501,5.5e-13,49.4
NP_417789.4,N_methyl,PF07963,1e-06,28.7
NP_417790.1,T2SSJ,PF11612,2.8e-15,57.4
NP_417790.1,N_methyl,PF07963,4.4e-09,36.1
NP_417791.1,T2SSK_1st,PF21687,3.9e-31,108.5
NP_417791.1,T2SSK,PF03934,8.3e-13,49.1
NP_417792.2,T2SSL,PF05134,2.4e-87,292.7
NP_417792.2,GspL_C,PF12693,2.4e-43,148.3
NP_417793.2,T2SSM,PF04612,3.3e-38,132.0
NP_417794.1,Peptidase_A24,PF01478,2.5e-30,105.6
NP_417795.1,Ferritin,PF00210,3.1e-38,131.5
NP_417796.1,Fer2_BFD,PF04324,9e-16,58.5
NP_417797.1,CBM_5_12,PF02839,1.2e-11,45.0
NP_417797.1,Glyco_hydro_18,PF00704,3.8e-10,40.5
NP_417798.1,GTP_EFTU,PF00009,1e-63,214.9
NP_417798.1,GTP_EFTU_D3,PF03143,2.7e-40,137.5
NP_417798.1,GTP_EFTU_D2,PF03144,5.5e-20,72.2
NP_417799.1,GTP_EFTU,PF00009,1.8e-64,217.4
NP_417799.1,EFG_IV,PF03764,2.7e-46,156.9
NP_417799.1,EFG_III,PF14492,1.6e-33,115.2
NP_417799.1,EFG_C,PF00679,3.1e-29,101.4
NP_417799.1,GTP_EFTU_D2,PF03144,1.2e-18,67.9
NP_417799.1,EF-G_D2,PF22042,2.3e-17,63.4
NP_417800.1,Ribosomal_S7,PF00177,3.1e-63,212.4
NP_417801.1,Ribosom_S12_S23,PF00164,6e-42,142.4
NP_417802.1,DsrH,PF04077,1.9e-29,102.2
NP_417803.1,DsrE,PF02635,2.2e-28,99.3
NP_417804.1,DsrE,PF02635,4.8e-28,98.2
NP_417805.4,PAS_6,PF08348,1.4e-39,135.4
NP_417805.4,HTH_22,PF13309,4.6e-19,68.8
NP_417806.1,FKBP_C,PF00254,2.3e-34,118.2
NP_417806.1,FKBP_N,PF01346,3.2e-21,76.6
NP_417807.1,SlyX,PF04102,8.3e-23,81.4
NP_417808.1,FKBP_C,PF00254,1.3e-08,35.6
NP_417809.1,Na_H_Exchanger,PF00999,6.2e-64,216.8
NP_417809.1,TrkA_N,PF02254,1.9e-24,86.8
NP_417809.1,KefB_C,PF27452,1e-22,80.7
NP_417810.1,Flavodoxin_2,PF02525,3.1e-44,151.7
NP_417811.1,ABC_tran,PF00005,2.3e-50,171.3
NP_417811.1,ABC_tran_Xtn,PF12848,2.4e-29,101.8
NP_417811.1,AAA_21,PF13304,9.3e-16,59.2
NP_417811.1,MMR_HSR1,PF01926,1.3e-07,32.3
NP_417811.1,AAA_29,PF13555,3.3e-06,27.4
NP_417811.1,KAP_NTPase,PF07693,1.6e-05,24.8
NP_417812.1,Abhydrolase_1,PF00561,1.5e-41,143.2
NP_417812.1,Hydrolase_4,PF12146,5.9e-11,42.7
NP_417812.1,Abhydrolase_6,PF12697,2.7e-07,32.0
NP_417812.1,ABHD18,PF09752,0.0002,21.2
NP_417813.1,UPF0270,PF06794,1.3e-35,121.9
NP_417814.1,PRK,PF00485,1.4e-76,257.3
NP_417815.1,OsmC,PF02566,1.3e-20,74.2
NP_417816.1,cNMP_binding,PF00027,8.1e-25,87.2
NP_417816.1,HTH_Crp_2,PF13545,8.8e-14,51.8
NP_417816.1,Crp,PF00325,1.1e-09,38.4
NP_417817.2,FUSC-like,PF12805,4.4e-72,243.1
NP_417817.2,FUSC_2,PF13515,1.5e-21,77.4
NP_417818.1,Aminotran_3,PF00202,1e-149,499.3
NP_417818.1,Aminotran_1_2,PF00155,3.5e-06,27.0
NP_417819.1,GATase,PF00117,7.5e-63,212.2
NP_417819.1,Peptidase_C26,PF07722,2.5e-09,37.8
NP_417820.1,Fic,PF02661,7.5e-14,52.9
NP_417821.1,YhfG,PF10832,5.6e-24,84.3
NP_417822.1,Pro_isomerase,PF00160,3.1e-51,174.3
NP_417823.1,MFS_1,PF07690,1.4e-25,90.6
NP_417824.1,Pyr_redox_2,PF07992,1.8e-55,189.0
NP_417824.1,Fer2_BFD,PF04324,1.5e-20,73.9
NP_417824.1,NIR_SIR,PF01077,1.2e-19,70.9
NP_417824.1,Pyr_redox,PF00070,3.2e-18,66.6
NP_417824.1,NIR_SIR_ferr,PF03460,1.9e-12,47.3
NP_417824.1,Rubredoxin_C,PF18267,2.4e-10,40.8
NP_417824.1,Pyr_redox_3,PF13738,1.4e-07,31.7
NP_417825.1,Rieske_2,PF13806,2.4e-40,137.3
NP_417827.1,TP_methylase,PF00590,1.7e-53,182.3
NP_417827.1,NAD_binding_7,PF13241,5.5e-29,101.4
NP_417827.1,CysG_dimeriser,PF10414,5.9e-18,65.0
NP_417827.1,Sirohm_synth_M,PF14824,1.2e-08,34.8
NP_417828.1,DUF4223,PF13978,1.1e-34,118.6
NP_417829.2,AA_permease_2,PF13520,1.6e-60,205.8
NP_417829.2,AA_permease,PF00324,2e-33,116.4
NP_417830.4,SIS,PF01380,5.8e-16,59.1
NP_417833.1,PfkB,PF00294,1.5e-38,133.4
NP_417834.6,UTRA,PF07702,4e-33,114.8
NP_417834.6,GntR,PF00392,1.5e-23,82.8
NP_417834.6,HTH_DeoR,PF08220,0.00023,21.4
NP_417835.1,YhfS-like_C,PF22475,2e-43,147.5
NP_417835.1,Aminotran_1_2,PF00155,4.6e-10,39.8
NP_417835.1,Cys_Met_Meta_PP,PF01053,7.3e-07,28.7
NP_417836.1,YhfT,PF10797,1.9e-180,601.1
NP_417837.2,DUF2620,PF10941,6.3e-52,175.2
NP_417838.1,PTE,PF02126,1.1e-147,492.1
NP_417839.1,Metalloenzyme,PF01676,2e-56,191.9
NP_417839.1,Phosphodiest,PF01663,1.3e-05,25.6
NP_417840.1,YhfX-like_C,PF21279,5.6e-38,130.0
NP_417840.1,Ala_racemase_N,PF01168,3.9e-22,79.6
NP_417843.1,tRNA-synt_1b,PF00579,3e-88,296.5
NP_417844.1,Hydrolase,PF00702,2.5e-39,136.3
NP_417844.1,HAD_2,PF13419,5.2e-37,128.2
NP_417844.1,HAD,PF12710,1.6e-13,52.1
NP_417844.1,Hydrolase_like,PF13242,1.4e-10,41.5
NP_417844.1,Hydrolase_3,PF08282,4.3e-06,27.2
NP_417845.1,Ribul_P_3_epim,PF00834,2.9e-91,304.9
NP_417845.1,QRPTase_C,PF01729,5.3e-06,26.9
NP_417846.1,MethyltransfD12,PF02086,4.3e-81,273.0
NP_417847.1,SPOR,PF05036,2.2e-14,54.1
NP_417848.1,DHQS_C,PF24621,4.9e-56,189.3
NP_417848.1,DHQ_synthase,PF01761,5.5e-49,165.2
NP_417848.1,Fe-ADH_2,PF13685,6.4e-10,39.8
NP_417850.1,Secretin,PF00263,3.3e-47,160.8
NP_417850.1,Secretin_N,PF03958,6.7e-12,46.0
NP_417850.1,STN,PF07660,3.3e-09,37.0
NP_417851.4,HofP,PF10748,3.7e-80,266.7
NP_417852.1,HofO,PF25319,2.5e-25,88.9
NP_417853.1,PilN,PF05137,9.9e-11,42.1
NP_417855.4,Transgly,PF00912,6e-67,225.1
NP_417855.4,PCB_OB,PF17092,1.8e-33,116.2
NP_417855.4,Transpeptidase,PF00905,1.2e-25,90.9
NP_417856.1,NUDIX,PF00293,7.1e-15,55.8
NP_417857.1,IgaA,PF07095,0.0,1179.9
NP_417858.4,Hydrolase,PF00702,2e-21,77.9
NP_417858.4,HAD_2,PF13419,1.2e-10,42.3
NP_417858.4,HAD,PF12710,2.2e-08,35.3
NP_417859.1,HSP15_C,PF28601,1.8e-21,76.4
NP_417859.1,S4,PF01479,6.1e-14,52.1
NP_417860.2,HSP33,PF01430,7.4e-88,295.1
NP_417861.1,DUF4153,PF13687,5.6e-37,128.4
NP_417862.1,PEPCK_ATP,PF01293,1.1e-209,697.6
NP_417863.1,HATPase_c,PF02518,1.1e-24,87.5
NP_417863.1,HisKA,PF00512,2.1e-12,47.5
NP_417863.1,HAMP,PF00672,5.3e-09,36.8
NP_417864.1,Response_reg,PF00072,4.8e-31,107.8
NP_417864.1,Trans_reg_C,PF00486,2.4e-23,82.5
NP_417866.4,Tex_central_region,PF22706,9.2e-76,254.4
NP_417866.4,Tex_YqgF,PF16921,4.6e-51,173.1
NP_417866.4,Tex_N,PF09371,5.8e-31,106.6
NP_417866.4,HHH_3,PF12836,8e-30,103.3
NP_417866.4,S1,PF00575,3.2e-25,88.9
NP_417866.4,HHH_9,PF17674,5.1e-25,88.7
NP_417866.4,HHH_7,PF14635,7.9e-10,39.6
NP_417866.4,S1_RRP5,PF23459,3.5e-06,28.1
NP_417867.1,FeoA,PF04023,1.8e-11,44.5
NP_417868.1,FeoB_N,PF02421,1.1e-64,217.3
NP_417868.1,Gate,PF07670,1.2e-39,135.6
NP_417868.1,MMR_HSR1,PF01926,3e-21,76.2
NP_417868.1,FeoB_C,PF07664,1.2e-20,73.5
NP_417868.1,FeoB_Cyto,PF17910,6.3e-09,36.7
NP_417868.1,GTP_EFTU,PF00009,7.8e-07,29.4
NP_417869.1,FeoC,PF09012,2.6e-13,50.5
NP_417869.1,TrmB,PF01978,6.2e-06,26.6
NP_417870.1,Transposase_31,PF04754,1.7e-91,305.9
NP_417870.1,HTH_Rpn_C,PF27070,1.8e-11,43.8
NP_417871.1,Abhydrolase_1,PF00561,5.9e-43,147.9
NP_417871.1,Abhydrolase_6,PF12697,7.1e-20,73.2
NP_417871.1,Hydrolase_4,PF12146,1.3e-10,41.6
NP_417871.1,Thioesterase,PF00975,4.8e-06,27.5
NP_417872.2,Pribosyltran,PF00156,1.2e-07,31.8
NP_417873.1,NifU,PF01106,3.7e-19,69.2
NP_417873.1,Fe-S_biosyn,PF01521,1.1e-13,51.9
NP_417875.1,Glyco_hydro_77,PF02446,2.7e-144,482.1
NP_417875.1,MalQ_N,PF21226,1.1e-15,58.6
NP_417877.1,TPR_MalT,PF17874,4e-106,355.7
NP_417877.1,WHD_MalT,PF25873,6.7e-26,90.9
NP_417877.1,GerE,PF00196,1.2e-20,73.4
NP_417879.1,RtcB,PF01139,5.1e-134,448.3
NP_417880.1,RtcR,PF06956,1e-85,286.4
NP_417880.1,Sigma54_activat,PF00158,2.2e-50,171.2
NP_417880.1,Sigma54_activ_2,PF14532,2.5e-13,51.1
NP_417880.1,AAA_5,PF07728,3.8e-08,34.0
NP_417880.1,AAA_lid_14,PF25601,7.7e-07,29.5
NP_417880.1,AAA,PF00004,1.4e-06,29.4
NP_417880.1,Mg_chelatase,PF01078,3.7e-06,27.1
NP_417883.1,Rhodanese,PF00581,1.4e-16,61.4
NP_417884.1,DAO,PF01266,6.1e-59,200.9
NP_417884.1,DAO_C,PF16901,3.2e-12,47.0
NP_417886.1,Phosphorylase,PF00343,0.0,1105.7
NP_417887.1,Glyco_transf_5,PF08323,1.3e-75,254.8
NP_417887.1,Glycos_transf_1,PF00534,7.2e-13,49.0
NP_417887.1,Glyco_transf_4,PF13439,2.9e-10,41.0
NP_417887.1,Glyco_trans_4_4,PF13579,1.4e-08,35.8
NP_417887.1,Glyco_trans_1_4,PF13692,2e-08,35.2
NP_417888.1,NTP_transferase,PF00483,5e-69,233.2
NP_417888.1,Hexapep_GlmU,PF24894,1.2e-41,141.7
NP_417888.1,LbH_GLGC,PF25247,9.8e-09,35.8
NP_417888.1,NTP_transf_3,PF12804,3.1e-06,28.0
NP_417889.1,GlgX_C,PF18390,3.6e-42,142.7
NP_417889.1,CBM_48,PF02922,1.7e-21,76.9
NP_417889.1,Alpha-amylase,PF00128,4e-16,59.8
NP_417890.1,GlgB_N,PF22019,1.4e-36,125.1
NP_417890.1,CBM_48,PF02922,1.7e-31,108.9
NP_417890.1,Alpha-amylase_C,PF02806,1.5e-26,93.1
NP_417890.1,Alpha-amylase,PF00128,2.8e-12,47.1
NP_417891.1,Semialdhyde_dhC,PF02774,4e-53,180.9
NP_417891.1,Semialdhyde_dh,PF01118,3.8e-25,89.2
NP_417892.1,MarC,PF01914,5.9e-66,222.4
NP_417894.2,SKI,PF01202,1.3e-07,32.4
NP_417894.2,AAA_33,PF13671,7.1e-07,30.2
NP_417894.2,APS_kinase,PF01583,9e-06,26.4
NP_417896.1,Pirin,PF02678,2.1e-38,131.3
NP_417896.1,Pirin_C_2,PF17954,4.1e-30,104.4
NP_417896.1,Cupin_2,PF07883,1.6e-06,28.3
NP_417897.1,GFO_IDH_MocA_C,PF02894,4.7e-47,161.2
NP_417897.1,GFO_IDH_MocA,PF01408,3.6e-31,108.9
NP_417897.1,GFO_IDH_MocA_C3,PF22725,2.5e-22,79.8
NP_417897.1,NAD_binding_3,PF03447,2.2e-05,25.8
NP_417898.1,Acetyltransf_1,PF00583,1.8e-18,67.5
NP_417898.1,Acetyltransf_3,PF13302,3e-11,44.8
NP_417898.1,Acetyltransf_4,PF13420,4.6e-11,43.6
NP_417898.1,Acetyltransf_7,PF13508,1.4e-10,42.0
NP_417898.1,Acetyltransf_10,PF13673,2.1e-09,38.0
NP_417898.1,Acetyltransf_8,PF13523,2.7e-06,27.6
NP_417898.1,FR47,PF08445,1.7e-05,25.3
NP_417899.1,T6SS_HCP,PF05638,1.5e-11,45.3
NP_417901.1,HTH_Tnp_IS1,PF12759,5.2e-31,106.6
NP_417901.1,Zn_ribbon_InsA,PF03811,1.4e-21,76.4
NP_417902.1,DDE_Tnp_IS1,PF03400,6.6e-78,260.0
NP_417903.1,Imm35,PF15567,1.7e-23,83.1
NP_417904.1,G_glu_transpept,PF01019,3.9e-197,656.8
NP_417905.1,DUF2756,PF10956,1.2e-60,202.9
NP_417906.1,GDPD,PF03009,1e-55,190.1
NP_417907.2,ABC_tran,PF00005,6.6e-34,118.0
NP_417907.2,OB_MalK,PF17912,7e-15,56.2
NP_417907.2,TOBE_2,PF08402,1.3e-10,41.8
NP_417908.1,BPD_transp_1,PF00528,3.6e-23,82.8
NP_417909.1,BPD_transp_1,PF00528,3.1e-19,70.0
NP_417910.1,SBP_bac_8,PF13416,8.6e-42,144.4
NP_417910.1,SBP_bac_1,PF01547,9.8e-39,134.7
NP_417911.4,ABC_tran,PF00005,8.7e-36,124.1
NP_417911.4,AAA_21,PF13304,2.4e-08,34.9
NP_417912.1,ABC_tran,PF00005,6e-34,118.2
NP_417912.1,BCA_ABC_TP_C,PF12399,1.6e-11,44.1
NP_417912.1,AAA_21,PF13304,3.5e-07,31.1
NP_417913.1,BPD_transp_2,PF02653,7.9e-65,219.2
NP_417913.1,DUF3382,PF11862,7.4e-25,87.7
NP_417914.1,BPD_transp_2,PF02653,1.4e-59,202.1
NP_417915.1,Peripla_BP_6,PF13458,1.3e-55,190.0
NP_417915.1,ANF_receptor,PF01094,1.7e-25,90.4
NP_417915.1,Peripla_BP_5,PF13433,5.1e-17,62.6
NP_417916.1,PanZ,PF12568,1.7e-57,193.0
NP_417916.1,Acetyltransf_1,PF00583,5.2e-06,27.3
NP_417918.1,Sigma70_r2,PF04542,2.1e-18,66.4
NP_417918.1,Sigma70_r4,PF04545,3.8e-18,65.3
NP_417918.1,Sigma70_r1_2,PF00140,0.00015,22.2
NP_417919.1,FtsX_ECD,PF18075,1.1e-19,71.3
NP_417919.1,FtsX,PF02687,2.5e-14,53.9
NP_417920.1,ABC_tran,PF00005,1.7e-40,139.4
NP_417920.1,AAA_21,PF13304,9e-07,29.7
NP_417921.1,SRP54,PF00448,1.3e-79,267.0
NP_417921.1,SRP54_N,PF02881,1.3e-14,54.7
NP_417921.1,Zeta_toxin,PF06414,3.5e-07,30.4
NP_417922.1,Cons_hypoth95,PF03602,9.9e-64,214.9
NP_417923.1,DUF1145,PF06611,1.1e-26,93.1
NP_417924.1,DUF2500,PF10694,1.1e-30,106.9
NP_417925.1,YhhN,PF07947,1.6e-47,162.1
NP_417926.1,Hydrolase,PF00702,5.4e-34,118.8
NP_417926.1,E1-E2_ATPase,PF00122,1.4e-23,83.2
NP_417926.1,HMA,PF00403,1.8e-12,48.0
NP_417926.1,Hydrolase_3,PF08282,2.3e-07,31.4
NP_417927.1,TusA,PF01206,2.8e-23,82.1
NP_417928.1,Vut_1,PF02592,1.1e-36,127.1
NP_417929.4,DcrB,PF08786,2.9e-30,105.6
NP_417930.2,MFS_1,PF07690,3.3e-36,125.5
NP_417931.4,AI-2E_transport,PF01594,3.8e-82,276.8
NP_417932.1,ACPS,PF01648,3.5e-11,43.7
NP_417933.1,SBP_bac_5,PF00496,6.5e-99,332.1
NP_417934.1,BPD_transp_1,PF00528,1.7e-47,162.2
NP_417934.1,BPD_transp_1_N,PF19300,7.1e-11,42.9
NP_417935.1,BPD_transp_1,PF00528,6.4e-32,111.4
NP_417936.1,ABC_tran,PF00005,2.9e-26,93.3
NP_417937.1,ABC_tran,PF00005,1.6e-40,139.5
NP_417937.1,AAA_21,PF13304,3.8e-06,27.7
NP_417938.1,NikR_C,PF08753,1.6e-27,96.1
NP_417938.1,RHH_1,PF01402,1.1e-12,48.0
NP_417940.2,Imm-NTF2-2,PF15631,7.3e-27,93.9
NP_417941.1,DDE_Tnp_1_assoc,PF13808,1.2e-33,115.6
NP_417941.1,DDE_Tnp_1,PF01609,8.8e-30,104.5
NP_417942.6,ABC2_membrane_3,PF12698,1.2e-34,120.6
NP_417942.6,ABC2_membrane,PF01061,6.8e-26,91.7
NP_417942.6,ABC2_membrane_2,PF12679,1.8e-15,57.5
NP_417945.1,DUF4049,PF13258,9.3e-180,597.5
NP_417948.4,DUF2776,PF10951,1.8e-145,485.1
NP_417949.1,HI0933_like,PF03486,5.1e-96,321.4
NP_417949.1,HI0933_like_1st,PF22780,1.4e-49,168.7
NP_417949.1,FAD_binding_2,PF00890,1.1e-09,38.6
NP_417949.1,Pyr_redox_2,PF07992,4.9e-09,36.6
NP_417949.1,Pyr_redox_3,PF13738,4.6e-08,33.2
NP_417949.1,DAO,PF01266,3.5e-07,30.7
NP_417949.1,FAD_oxidored,PF12831,2.7e-06,27.5
NP_417949.1,NAD_binding_8,PF13450,2.8e-05,24.9
NP_417949.1,GIDA,PF01134,8.8e-05,22.3
NP_417950.1,PHO4,PF01384,4.1e-93,312.8
NP_417951.1,UspB,PF10625,1.4e-54,183.2
NP_417952.1,Usp,PF00582,1.6e-23,84.4
NP_417953.1,PTR2,PF00854,1.3e-103,347.5
NP_417953.1,MFS_1,PF07690,3.4e-16,59.7
NP_417954.1,SAM_MT,PF04445,4.1e-104,347.6
NP_417955.1,Peptidase_M3,PF01432,8.8e-179,596.2
NP_417955.1,TOP_N,PF19310,4e-28,98.3
NP_417956.1,RsmJ,PF04378,2.4e-127,423.9
NP_417957.1,Pyr_redox_2,PF07992,2.2e-71,241.2
NP_417957.1,Pyr_redox_dim,PF02852,3.2e-38,130.9
NP_417957.1,Pyr_redox,PF00070,5.3e-20,72.3
NP_417957.1,Pyr_redox_3,PF13738,3.3e-15,56.7
NP_417958.1,HTH_5,PF01022,8.9e-17,61.3
NP_417958.1,HTH_20,PF12840,5.5e-07,30.1
NP_417959.4,ArsB,PF02040,1.5e-159,532.5
NP_417959.4,CitMHS,PF03600,1.2e-59,202.7
NP_417960.1,ArsC,PF03960,2.9e-24,85.8
NP_417962.2,DDE_Tnp_1,PF01609,8e-36,124.3
NP_417962.2,DUF772,PF05598,3.9e-25,88.8
NP_417963.4,Slp,PF03843,1.6e-41,141.8
NP_417964.1,GerE,PF00196,3.2e-09,36.9
NP_417965.1,ACT_YhiD_C,PF26539,7.5e-50,167.6
NP_417965.1,MgtC,PF02308,2.2e-38,131.9
NP_417966.4,HdeA,PF06411,2.1e-26,92.6
NP_417967.1,HdeA,PF06411,2.5e-27,95.6
NP_417968.1,DUF308,PF03729,5.8e-19,68.7
NP_417969.1,GerE,PF00196,6.3e-06,26.3
NP_417970.1,Beta-barrel_RND,PF25944,1.2e-33,116.0
NP_417970.1,BSH_RND,PF25917,7e-28,96.9
NP_417970.1,HH_MFP_RND,PF25876,1.1e-26,93.5
NP_417970.1,RND-MFP_C,PF25967,3.1e-26,91.7
NP_417970.1,Beta-barrel_RND_2,PF25954,1.6e-08,35.3
NP_417971.1,ACR_tran,PF00873,0.0,1412.3
NP_417971.1,SecD_SecF_C,PF02355,2.1e-07,31.1
NP_417971.1,MMPL,PF03176,7.1e-06,25.8
NP_417972.1,HTH_18,PF12833,2.6e-13,50.7
NP_417972.1,HTH_AraC,PF00165,7.9e-11,42.4
NP_417973.1,HTH_AraC,PF00165,4.1e-21,75.2
NP_417973.1,HTH_18,PF12833,8.7e-18,65.0
NP_417974.1,Pyridoxal_deC,PF00282,2.8e-111,372.4
NP_417975.1,CCP_MauG,PF03150,1.3e-56,192.0
NP_417975.1,Haem_bd,PF14376,1.3e-29,103.4
NP_417975.1,Cytochrom_C,PF00034,1.4e-11,46.1
NP_417976.1,Trehalase,PF01204,5.7e-171,570.4
NP_417976.1,MGH1-like_GH,PF22422,1.4e-17,64.9
NP_417977.1,GerE,PF00196,3.6e-22,78.3
NP_417977.1,Sigma70_r4_2,PF08281,5.2e-08,33.0
NP_417977.1,HTH_38,PF13936,1.4e-06,28.5
NP_417977.1,Sigma70_r4,PF04545,3.8e-06,26.9
NP_417978.2,LysR_substrate,PF03466,1.4e-42,146.0
NP_417978.2,HTH_1,PF00126,1.4e-19,70.4
NP_417979.1,Virul_fac_BrkB,PF03631,4.4e-50,171.3
NP_417980.1,Sugar_tr,PF00083,5.5e-34,118.4
NP_417980.1,MFS_1,PF07690,2.5e-30,106.2
NP_417981.2,AsmA,PF05170,7.8e-206,686.0
NP_417982.2,EAL,PF00563,4.9e-32,111.8
NP_417983.2,PfkB,PF00294,5.9e-74,249.7
NP_417984.1,Peptidase_M16_C,PF05193,2.2e-24,86.9
NP_417984.1,Peptidase_M16,PF00675,3.9e-06,27.4
NP_417985.1,SDF,PF00375,1.9e-118,396.5
NP_417986.4,EAL,PF00563,7e-60,202.9
NP_417986.4,GAPES3,PF17154,2.8e-46,156.9
NP_417986.4,GGDEF,PF00990,3.1e-11,43.9
NP_417988.1,Glyco_hydro_8,PF01270,5.9e-162,539.1
NP_417989.1,BcsB,PF03170,5e-222,739.1
NP_417990.4,Glycos_transf_2,PF00535,7.6e-24,85.1
NP_417990.4,Glyco_trans_2_3,PF13632,4e-18,66.5
NP_417990.4,Glyco_tranf_2_3,PF13641,2e-17,64.3
NP_417990.4,Cellulose_synt,PF03552,2.2e-16,60.2
NP_417990.4,PilZ,PF07238,9.5e-15,55.4
NP_417990.4,Glyco_transf_21,PF13506,1.2e-08,34.8
NP_417992.1,CBP_BcsR,PF10945,3.9e-17,62.2
NP_417993.1,CBP_BcsE,PF10995,1.6e-227,756.7
NP_417994.2,CBP_BcsF,PF11120,4.1e-29,100.8
NP_417995.1,CBP_BcsG,PF11658,5.1e-236,784.7
NP_417996.1,Trp_Tyr_perm,PF03222,1.1e-05,25.4
NP_417997.1,ABC_tran,PF00005,2.5e-33,116.2
NP_417997.1,oligo_HPY,PF08352,1.2e-20,74.3
NP_417998.1,ABC_tran,PF00005,1.4e-29,104.0
NP_417998.1,oligo_HPY,PF08352,6.6e-19,68.7
NP_417998.1,AAA_21,PF13304,3.3e-07,31.1
NP_417999.1,BPD_transp_1,PF00528,8e-33,114.3
NP_417999.1,OppC_N,PF12911,1.4e-18,67.1
NP_418000.1,BPD_transp_1,PF00528,2.3e-45,155.2
NP_418000.1,BPD_transp_1_N,PF19300,3.4e-13,50.4
NP_418001.1,SBP_bac_5,PF00496,1.2e-114,383.9
NP_418002.2,Sulfatase,PF00884,9.7e-65,219.4
NP_418002.2,EptA_B_N,PF08019,2.4e-15,57.3
NP_418003.1,MFS_1,PF07690,3.9e-35,122.0
NP_418004.4,Autotransporter,PF03797,7.5e-12,46.1
NP_418005.1,Adenine_glyco,PF03352,1.1e-82,276.7
NP_418006.1,Acetyltransf_1,PF00583,2.7e-16,60.4
NP_418006.1,Acetyltransf_7,PF13508,5.7e-14,52.8
NP_418006.1,Acetyltransf_10,PF13673,3e-12,47.2
NP_418006.1,FR47,PF08445,2.8e-05,24.6
NP_418007.3,Molybdopterin,PF00384,2.5e-91,306.9
NP_418007.3,Molydop_binding,PF01568,9e-25,87.4
NP_418007.3,Molybdopterin_N,PF18364,5.5e-06,26.8
NP_418009.2,2-Hacid_dh_C,PF02826,3.5e-63,212.7
NP_418009.2,2-Hacid_dh,PF00389,4.5e-30,104.7
NP_418010.2,DUF3053,PF11254,2.9e-100,335.0
NP_418011.1,HTH_3,PF01381,6.3e-06,26.7
NP_418012.1,CSD,PF00313,4.6e-33,113.5
NP_418012.1,OB_RNB,PF08206,2e-05,24.8
NP_418014.1,HTH_28,PF13518,2.1e-22,79.4
NP_418014.1,HTH_29,PF13551,1.6e-10,41.5
NP_418014.1,HTH_32,PF13565,7.7e-09,36.6
NP_418014.1,HTH_23,PF13384,1.6e-08,34.7
NP_418014.1,DUF1153,PF06627,2.8e-05,24.7
NP_418015.1,rve,PF00665,2.3e-29,102.2
NP_418015.1,rve_2,PF13333,1.4e-20,73.7
NP_418015.1,HTH_21,PF13276,1.7e-16,60.8
NP_418015.1,rve_3,PF13683,1.9e-12,47.4
NP_418016.1,tRNA_synt_2f,PF02092,7.5e-217,722.1
NP_418016.1,DALR_1,PF05746,7.5e-11,42.7
NP_418017.1,tRNA-synt_2e,PF02091,8.2e-149,495.0
NP_418018.1,Acyl_transf_3,PF01757,1e-46,160.1
NP_418019.4,YiaAB,PF05360,6.5e-40,135.7
NP_418020.2,YiaAB,PF05360,2.3e-11,44.3
NP_418021.1,FGGY_N,PF00370,2.1e-90,303.2
NP_418021.1,FGGY_C,PF02782,1.5e-32,113.7
NP_418022.1,XylA2_C,PF27526,5.8e-23,81.5
NP_418023.1,Peripla_BP_4,PF13407,6.4e-62,210.0
NP_418023.1,Peripla_BP_1,PF00532,2.1e-13,51.0
NP_418024.1,ABC_tran,PF00005,1.9e-55,187.8
NP_418024.1,AAA_21,PF13304,6.7e-10,40.0
NP_418025.1,BPD_transp_2,PF02653,2.2e-42,145.7
NP_418026.1,PBP1_XylR,PF22177,4e-47,159.1
NP_418026.1,Peripla_BP_3,PF13377,4.1e-39,134.9
NP_418026.1,HTH_AraC,PF00165,6.3e-24,84.2
NP_418026.1,HTH_18,PF12833,1.1e-20,74.3
NP_418026.1,Peripla_BP_4,PF13407,1.4e-12,48.3
NP_418028.1,Alpha-amylase,PF00128,5.1e-33,115.5
NP_418030.1,Fer4_11,PF13247,2.5e-12,47.4
NP_418030.1,Fer4_6,PF12837,1.5e-12,47.4
NP_418030.1,Fer4,PF00037,3.3e-12,46.3
NP_418030.1,Fer4_9,PF13187,6.2e-12,46.0
NP_418030.1,Fer4_7,PF12838,1.4e-11,45.2
NP_418030.1,LdpA_Fe-S-bd,PF25160,7.9e-10,39.0
NP_418030.1,Fer4_2,PF12797,7.9e-10,38.6
NP_418030.1,Fer4_10,PF13237,2.5e-09,37.5
NP_418030.1,Fer4_3,PF12798,3.2e-07,31.3
NP_418030.1,Fer4_4,PF12800,2.2e-05,25.0
NP_418031.1,IclR_C,PF01614,1.1e-67,227.6
NP_418031.1,HTH_IclR,PF09339,1.3e-14,54.3
NP_418032.1,Ldh_2,PF02615,1.8e-103,346.8
NP_418033.1,DUF386,PF04074,4.1e-43,147.5
NP_418034.1,DctQ,PF04290,3.1e-30,105.3
NP_418036.1,DctP,PF03480,4.5e-107,358.2
NP_418037.1,FGGY_N,PF00370,4.9e-96,321.7
NP_418037.1,FGGY_C,PF02782,7.7e-19,68.9
NP_418038.1,OMPdecase,PF00215,7.3e-44,150.9
NP_418039.2,AP_endonuc_2,PF01261,9.2e-60,203.0
NP_418040.1,Aldolase_II,PF00596,4.7e-51,173.9
NP_418041.1,MipA,PF06629,2.9e-52,178.6
NP_418042.1,LysR_substrate,PF03466,2.1e-15,57.3
NP_418042.1,HTH_1,PF00126,8.1e-13,48.7
NP_418043.1,BSH_RND,PF25917,6.2e-08,33.0
NP_418043.1,Beta-barrel_RND_2,PF25954,7.8e-05,23.4
NP_418044.1,DUF3302,PF11742,2.5e-43,146.7
NP_418045.4,Aldedh,PF00171,5.2e-158,527.0
NP_418047.1,Beta-barrel_SelB,PF25461,1.1e-36,125.5
NP_418047.1,GTP_EFTU,PF00009,1.1e-34,120.3
NP_418047.1,WHD_2nd_SelB_bact,PF21214,1.2e-33,115.2
NP_418047.1,WHD_1st_3rd_SelB,PF21458,4.7e-23,81.2
NP_418047.1,WHD_3rd_SelB,PF09107,2e-17,63.0
NP_418047.1,WHD_2nd_SelB,PF09106,3.1e-16,59.8
NP_418047.1,GTP_EFTU_D2,PF03144,5.5e-11,43.3
NP_418047.1,MMR_HSR1,PF01926,3e-05,24.7
NP_418048.1,SelA,PF03841,1.6e-182,607.1
NP_418048.1,Se-cys_synth_N,PF12390,5.9e-10,39.7
NP_418049.1,GST_C,PF00043,4.8e-14,53.0
NP_418049.1,GST_N_2,PF13409,6.2e-14,52.9
NP_418049.1,GST_N_3,PF13417,2.2e-11,44.5
NP_418049.1,GST_N,PF02798,2.6e-08,34.6
NP_418050.1,RHS_repeat,PF05593,1.7e-68,226.5
NP_418050.1,Ntox34,PF15606,2e-42,143.8
NP_418050.1,TEN_YD-shell,PF25023,3.9e-38,131.7
NP_418050.1,DUF6531,PF20148,6.6e-18,65.4
NP_418050.1,RHS,PF03527,1.2e-15,57.6
NP_418051.1,HEAT_2,PF13646,1.4e-22,80.4
NP_418051.1,HEAT,PF02985,5.6e-17,60.8
NP_418051.1,PPP2R1A-like_HEAT,PF22646,2.5e-06,28.4
NP_418051.1,HEAT_PBS,PF03130,1.6e-05,25.5
NP_418054.1,BSH_RND,PF25917,7.8e-09,35.9
NP_418054.1,Beta-barrel_RND_2,PF25954,1.9e-06,28.6
NP_418055.1,DUF3302,PF11742,3e-41,140.0
NP_418056.1,PTS_EIIA_2,PF00359,1.8e-33,116.1
NP_418056.1,PTS_EIIC,PF02378,6.1e-25,88.5
NP_418056.1,PTS_IIB,PF02302,1.6e-10,42.0
NP_418057.1,Mannitol_dh,PF01232,3.2e-70,236.7
NP_418057.1,Mannitol_dh_C,PF08125,1.1e-56,192.0
NP_418058.1,MtlR,PF05068,4.8e-68,228.8
NP_418059.1,DUF2810,PF10928,1.9e-32,111.7
NP_418060.1,Lactate_perm,PF02652,2.6e-236,786.0
NP_418061.1,FCD,PF07729,2.4e-24,86.7
NP_418061.1,GntR,PF00392,4.2e-22,78.2
NP_418062.1,FMN_dh,PF01070,8.1e-128,426.9
NP_418063.1,SpoU_methylase,PF00588,2e-33,116.1
NP_418064.1,SATase_N,PF06426,9.7e-40,135.7
NP_418064.1,Hexapep,PF00132,3.2e-11,43.0
NP_418065.1,NAD_Gly3P_dh_C,PF07479,3.3e-57,193.3
NP_418065.1,NAD_Gly3P_dh_N,PF01210,5.8e-54,182.9
NP_418065.1,GPD_NAD_C_bact,PF20618,8.7e-26,90.9
NP_418065.1,ApbA,PF02558,4.7e-10,39.9
NP_418065.1,F420_oxidored,PF03807,2.4e-06,28.7
NP_418065.1,NAD_binding_2,PF03446,0.00024,21.8
NP_418066.1,SecB,PF02556,2.8e-58,196.4
NP_418067.1,Glutaredoxin,PF00462,1.4e-24,86.6
NP_418067.1,GST_N_3,PF13417,2.8e-07,31.4
NP_418067.1,GST_N_2,PF13409,5.9e-06,27.4
NP_418068.1,Rhodanese,PF00581,8e-20,71.8
NP_418069.1,Metalloenzyme,PF01676,2.4e-91,306.3
NP_418069.1,iPGM_N,PF06415,4.6e-86,288.4
NP_418070.6,Peptidase_M23,PF01551,1.3e-28,99.6
NP_418071.4,Polysacc_deac_2,PF04748,4.5e-76,255.2
NP_418072.1,Glycos_transf_2,PF00535,1.8e-38,132.7
NP_418072.1,Glyco_tranf_2_2,PF10111,8.9e-12,45.6
NP_418072.1,Glyco_tranf_2_3,PF13641,6.7e-11,42.9
NP_418073.1,ADH_N,PF08240,5.9e-30,104.2
NP_418073.1,ADH_zinc_N,PF00107,2.5e-29,102.4
NP_418073.1,ADH_zinc_N_2,PF13602,3.6e-06,28.5
NP_418074.1,Aminotran_1_2,PF00155,1.8e-78,264.9
NP_418074.1,DegT_DnrJ_EryC1,PF01041,0.00011,22.2
NP_418075.2,HtrL_YibB,PF09612,8.8e-131,435.9
NP_418076.1,Epimerase,PF01370,3.4e-45,154.9
NP_418076.1,GDP_Man_Dehyd,PF16363,7.7e-22,78.8
NP_418076.1,3Beta_HSD,PF01073,5e-13,49.3
NP_418076.1,RmlD_sub_bind,PF04321,1.8e-09,37.7
NP_418076.1,NAD_binding_4,PF07993,8.1e-06,25.8
NP_418076.1,Polysacc_synt_2,PF02719,0.00011,22.1
NP_418077.1,Glyco_transf_9,PF01075,2.4e-88,296.2
NP_418078.1,Glyco_transf_9,PF01075,1.6e-82,277.2
NP_418079.1,Wzy_C,PF04932,1.3e-12,48.3
NP_418080.1,Glyco_transf_9,PF01075,1.7e-09,37.9
NP_418081.1,WaaZ_KDO_III,PF27901,3.5e-133,443.2
NP_418082.1,WaaY,PF06176,1.6e-134,447.3
NP_418082.1,ABC1,PF03109,3.7e-06,26.9
NP_418083.1,Glyco_transf_8,PF01501,1.8e-63,215.1
NP_418083.1,Glyco_transf_8C,PF08437,6e-24,84.4
NP_418083.1,Glyco_transf_24,PF18404,1e-07,32.3
NP_418084.1,Glyco_transf_8,PF01501,4.2e-77,259.7
NP_418084.1,Glyco_transf_8C,PF08437,1.8e-23,82.9
NP_418085.2,Glycos_transf_1,PF00534,1.6e-24,86.9
NP_418085.2,Glyco_trans_1_4,PF13692,2.9e-20,73.6
NP_418085.2,Glyco_transf_4,PF13439,5.8e-12,46.5
NP_418087.1,Kdo,PF06293,5.6e-69,232.3
NP_418088.1,Glycos_transf_1,PF00534,2.4e-43,148.2
NP_418088.1,Glyco_trans_1_4,PF13692,1.9e-19,71.0
NP_418088.1,GT4-conflict,PF20706,4.8e-12,46.1
NP_418088.1,Glyco_transf_4,PF13439,2.4e-08,34.8
NP_418089.1,Glyco_transf_9,PF01075,1.1e-83,281.0
NP_418090.1,Glycos_transf_N,PF04413,1.5e-72,243.5
NP_418090.1,Glycos_transf_1,PF00534,1.5e-06,28.5
NP_418091.1,CTP_transf_like,PF01467,2.7e-31,109.1
NP_418091.1,Citrate_ly_lig,PF08218,5.4e-07,30.0
NP_418092.1,Fapy_DNA_glyco,PF01149,9.9e-37,126.7
NP_418092.1,H2TH,PF06831,1.4e-33,115.3
NP_418092.1,zf-FPG_IleRS,PF06827,1.3e-08,35.1
NP_418093.1,Ribosomal_L33,PF00471,3.3e-19,69.5
NP_418094.1,Ribosomal_L28,PF00830,1.1e-26,93.1
NP_418095.4,RadC,PF04002,2.4e-45,154.0
NP_418095.4,UPF0758_N,PF20582,6.8e-21,74.7
NP_418096.4,DFP,PF04127,7e-83,278.1
NP_418096.4,Flavoprotein,PF02441,1.9e-31,109.4
NP_418097.2,dUTPase,PF00692,3.9e-44,150.1
NP_418097.2,DCD,PF22769,6.4e-11,43.2
NP_418098.4,SlmA-like_C,PF22276,6.2e-50,168.8
NP_418098.4,TetR_N,PF00440,4.9e-09,36.4
NP_418099.1,Pribosyltran,PF00156,2e-09,37.5
NP_418101.1,YicC-like_N,PF03755,2.3e-45,155.4
NP_418101.1,YicC-like_C,PF08340,2.6e-39,134.6
NP_418102.2,Bro-N,PF02498,5.5e-07,30.7
NP_418103.4,Gly_transporter,PF03458,1.4e-43,147.2
NP_418104.2,DNA_ligase_aden,PF01653,6.8e-23,82.1
NP_418104.2,OB_DNA_ligase,PF03120,2.5e-21,75.9
NP_418105.1,Guanylate_kin,PF00625,3.4e-72,242.6
NP_418106.1,RNA_pol_Rpb6,PF01192,6.2e-19,68.4
NP_418107.1,HD_4,PF13328,2.8e-53,180.4
NP_418107.1,RelA_SpoT,PF04607,1.9e-42,144.7
NP_418107.1,RelA_RIS,PF28438,2.3e-22,79.1
NP_418107.1,TGS,PF02824,4.7e-22,78.4
NP_418107.1,ACT_4,PF13291,1.6e-16,61.3
NP_418107.1,HD,PF01966,3.2e-14,53.8
NP_418107.1,RelA_AH,PF19296,1.8e-09,37.9
NP_418108.1,SpoU_methylase,PF00588,2.5e-39,135.2
NP_418108.1,SpoU_methylas_C,PF12105,3.3e-24,84.9
NP_418109.1,DEAD,PF00270,3.9e-26,92.4
NP_418109.1,Helicase_C,PF00271,9.4e-22,77.9
NP_418109.1,RecG_wedge,PF17191,4.8e-20,72.4
NP_418109.1,ResIII,PF04851,1e-11,45.6
NP_418109.1,RecG_dom3_C,PF19833,1.2e-10,41.8
NP_418109.1,tRNA_anti-codon,PF01336,1.2e-09,38.6
NP_418109.1,AAA_30,PF13604,4.9e-07,30.3
NP_418109.1,SecA_DEAD,PF07517,3.5e-06,27.1
NP_418110.1,Glt_symporter,PF03616,1.4e-164,547.8
NP_418111.1,Xan_ur_permease,PF00860,4.2e-114,381.9
NP_418112.1,AsmA,PF05170,3.9e-13,49.6
NP_418113.1,Glyco_hydro_31_2nd,PF01055,1.6e-95,320.7
NP_418113.1,Gal_mutarotas_2,PF13802,4.4e-27,96.1
NP_418113.1,Glyco_hydro_31_3rd,PF21365,1.3e-23,83.9
NP_418114.4,MFS_2,PF13347,1.5e-90,304.4
NP_418115.1,MFS_1,PF07690,5.4e-41,141.3
NP_418115.1,MFS_1_like,PF12832,5.8e-09,36.1
NP_418116.1,EamA,PF00892,1.9e-42,145.3
NP_418117.1,Lipoprotein_9,PF03180,6.8e-94,314.0
NP_418118.2,MFS_1,PF07690,5.2e-40,138.0
NP_418119.2,DUF1198,PF06711,4.9e-72,241.2
NP_418120.2,Xan_ur_permease,PF00860,9.5e-45,153.5
NP_418121.1,Adenine_deam_C,PF13382,1.9e-54,184.3
NP_418121.1,Amidohydro_1,PF01979,4.2e-39,135.4
NP_418121.1,Amidohydro_3,PF07969,5.5e-11,43.2
NP_418122.1,MFS_1,PF07690,8.1e-36,124.2
NP_418123.2,MFS_1,PF07690,5.8e-54,183.9
NP_418124.4,MASE1,PF05231,2.5e-16,60.3
NP_418124.4,HisKA_3,PF07730,1e-14,55.4
NP_418124.4,HATPase_c,PF02518,1.4e-11,45.4
NP_418125.1,Response_reg,PF00072,8.8e-25,87.6
NP_418125.1,GerE,PF00196,1.1e-22,80.0
NP_418125.1,HTH_23,PF13384,2.3e-05,24.6
NP_418126.1,ACT_AHAS_ss,PF22629,1.3e-30,105.9
NP_418126.1,ACT,PF01842,2e-11,44.0
NP_418126.1,ACT_5,PF13710,1.4e-10,41.3
NP_418127.1,TPP_enzyme_C,PF02775,2.9e-51,173.8
NP_418127.1,TPP_enzyme_M,PF00205,2.7e-47,160.5
NP_418127.1,TPP_enzyme_N,PF02776,1.2e-40,138.6
NP_418128.1,IlvB_leader,PF08049,2.3e-20,72.6
NP_418129.2,MFS_1,PF07690,1e-41,143.6
NP_418129.2,TRI12,PF06609,4.8e-06,25.9
NP_418131.1,DUF202,PF02656,1e-11,45.7
NP_418132.1,DUF202,PF02656,2.5e-19,70.1
NP_418133.1,Uncharacterised_IM_YidI,PF27700,1.8e-98,326.9
NP_418134.1,Sulfatase,PF00884,1.2e-72,245.4
NP_418134.1,SGSH_C,PF16347,1e-16,62.0
NP_418135.1,SSF,PF00474,1.2e-49,169.9
NP_418136.2,HTH_AraC,PF00165,5.3e-18,65.3
NP_418136.2,HTH_18,PF12833,5.9e-17,62.3
NP_418136.2,AraC_binding,PF02311,6.7e-07,29.7
NP_418139.1,UTRA,PF07702,9.7e-31,107.0
NP_418139.1,GntR,PF00392,7.6e-21,74.1
NP_418139.1,HTH_11,PF08279,4e-06,27.2
NP_418139.1,HTH_DeoR,PF08220,2.2e-05,24.7
NP_418140.4,Asp-Al_Ex,PF06826,7.6e-90,299.7
NP_418140.4,TrkA_C,PF02080,2.3e-19,69.7
NP_418141.2,HSP20,PF00011,2.6e-22,79.4
NP_418142.1,HSP20,PF00011,3e-24,85.6
NP_418143.2,DUF1375,PF07119,4.9e-08,33.7
NP_418144.3,DUF3748,PF12566,2e-58,196.3
NP_418144.3,PD40,PF07676,6.3e-05,23.4
NP_418145.2,FAD_binding_3,PF01494,3.1e-09,37.1
NP_418145.2,DAO,PF01266,5.7e-08,33.3
NP_418146.4,MFS_1,PF07690,6.4e-66,223.2
NP_418146.4,Sugar_tr,PF00083,3.6e-08,33.3
NP_418148.1,DGOK,PF05035,8.3e-97,324.2
NP_418152.1,Hydrolase_3,PF08282,3.4e-67,227.5
NP_418152.1,S6PP,PF05116,5.9e-16,59.4
NP_418152.1,Hydrolase,PF00702,5.6e-12,47.0
NP_418153.4,YidB,PF20159,9.9e-16,58.6
NP_418155.1,SMC_N,PF02463,1.2e-48,166.1
NP_418155.1,AAA_15,PF13175,1.2e-09,38.8
NP_418155.1,AAA_23,PF13476,1.6e-08,36.1
NP_418155.1,AAA_21,PF13304,3.6e-07,31.0
NP_418155.1,AAA_27,PF13514,1.3e-05,25.4
NP_418156.1,DNA_pol3_beta,PF00712,2.7e-49,166.9
NP_418156.1,DNA_pol3_beta_2,PF02767,1.4e-47,161.4
NP_418156.1,DNA_pol3_beta_3,PF02768,5.1e-46,156.0
NP_418157.1,Bac_DnaA,PF00308,4.5e-75,251.9
NP_418157.1,Bac_DnaA_C,PF08299,8e-34,116.1
NP_418157.1,DnaA_N,PF11638,8.8e-20,70.8
NP_418157.1,IstB_IS21,PF01695,2.7e-07,30.9
NP_418157.1,AAA,PF00004,1.6e-06,29.2
NP_418157.1,Hda_lid,PF22688,1.6e-06,28.6
NP_418158.1,Ribosomal_L34,PF00468,2.6e-24,85.4
NP_418159.1,Ribonuclease_P,PF00825,3.7e-33,114.4
NP_418161.1,YidC_periplas,PF14849,4.9e-91,306.2
NP_418161.1,60KD_IMP,PF02096,6.5e-80,268.0
NP_418162.1,MnmE_helical,PF12631,5.6e-64,216.7
NP_418162.1,TrmE_N,PF10396,3.7e-37,127.7
NP_418162.1,MMR_HSR1,PF01926,1.5e-26,93.3
NP_418162.1,FeoB_N,PF02421,3.9e-08,33.5
NP_418163.1,Tna_leader,PF08053,4.1e-20,71.1
NP_418164.4,Beta_elim_lyase,PF01212,1.3e-83,281.3
NP_418164.4,Aminotran_1_2,PF00155,0.00057,19.8
NP_418165.1,Trp_Tyr_perm,PF03222,7.5e-153,509.9
NP_418166.1,MFS_1,PF07690,1.2e-44,153.3
NP_418166.1,Sugar_tr,PF00083,4.6e-13,49.4
NP_418166.1,TRI12,PF06609,8.3e-07,28.4
NP_418167.1,LysR_substrate,PF03466,3.3e-16,59.9
NP_418167.1,HTH_1,PF00126,1.7e-13,50.9
NP_418169.1,FMN_red,PF03358,1.4e-43,148.7
NP_418169.1,Flavodoxin_2,PF02525,4.3e-09,37.0
NP_418170.1,Xan_ur_permease,PF00860,1.2e-42,146.6
NP_418171.1,Hydrolase,PF00702,2.5e-22,80.8
NP_418171.1,HAD_2,PF13419,5.8e-20,72.6
NP_418172.1,CBRB,PF26516,3.8e-64,215.7
NP_418173.1,UPF0167,PF03691,2.5e-69,233.1
NP_418175.3,Esterase,PF00756,1.7e-18,67.9
NP_418175.3,CBM_48,PF02922,2.6e-07,31.4
NP_418176.1,LamB,PF02264,6.7e-95,319.8
NP_418176.1,Sugarporin_N,PF11471,8.8e-12,45.6
NP_418177.1,Glyco_hydro_1,PF00232,1.5e-161,538.6
NP_418178.1,PTS_EIIA_1,PF00358,3.5e-46,156.6
NP_418178.1,PTS_EIIC,PF02378,2.1e-33,116.4
NP_418178.1,PTS_EIIB,PF00367,1.1e-15,57.3
NP_418179.1,PRD,PF00874,2.2e-46,156.7
NP_418179.1,CAT_RBD,PF03123,2.8e-22,79.0
NP_418180.1,PhoU,PF01895,2.8e-43,146.8
NP_418181.1,ABC_tran,PF00005,3.2e-35,122.3
NP_418181.1,AAA_21,PF13304,2.7e-09,38.0
NP_418182.1,BPD_transp_1,PF00528,2.6e-27,96.3
NP_418183.1,BPD_transp_1,PF00528,7.5e-15,55.7
NP_418184.1,PBP_like_2,PF12849,4.5e-36,125.5
NP_418185.1,SIS,PF01380,3.5e-67,224.8
NP_418185.1,GATase_6,PF13522,1.9e-19,70.6
NP_418185.1,GATase_7,PF13537,5.5e-15,56.1
NP_418185.1,GATase_4,PF13230,7.2e-06,25.7
NP_418186.1,Hexapep,PF00132,5.5e-30,102.4
NP_418186.1,NTP_transf_3,PF12804,7.6e-20,72.3
NP_418186.1,GMPPB_C,PF25087,7.7e-14,52.0
NP_418186.1,NTP_transferase,PF00483,1.2e-12,48.6
NP_418186.1,Hexapep_2,PF14602,1e-08,35.3
NP_418186.1,IspD,PF01128,2.6e-06,27.9
NP_418187.1,ATP-synt_DE_N,PF02823,5.5e-32,110.2
NP_418187.1,ATP-synt_DE,PF00401,1.9e-15,57.3
NP_418188.1,ATP-synt_ab,PF00006,1.1e-71,241.4
NP_418188.1,ATP-synt_ab_N,PF02874,3.3e-18,66.5
NP_418188.1,ATP-synt_VA_C,PF22919,8.2e-17,61.7
NP_418189.1,ATP-synt,PF00231,1.5e-106,356.9
NP_418190.1,ATP-synt_ab,PF00006,7.5e-81,271.4
NP_418190.1,ATP-synt_ab_C,PF00306,7.2e-46,156.2
NP_418190.1,ATP-synt_ab_N,PF02874,6.3e-12,46.4
NP_418191.1,OSCP,PF00213,4.7e-48,164.1
NP_418192.1,ATP-synt_B,PF00430,2.6e-40,138.1
NP_418193.1,ATP-synt_C,PF00137,7.3e-13,49.1
NP_418194.1,ATP-synt_A,PF00119,8.3e-57,193.1
NP_418195.2,ATP-synt_I,PF03899,4.5e-15,56.5
NP_418196.1,GidB,PF02527,1.1e-69,234.1
NP_418196.1,Methyltransf_31,PF13847,1.1e-07,32.3
NP_418197.1,GIDA,PF01134,1.3e-176,588.1
NP_418197.1,GIDA_C_1st,PF21680,1.5e-30,106.4
NP_418197.1,SAM_GIDA_C,PF13932,8.5e-24,84.1
NP_418197.1,FAD_oxidored,PF12831,6.1e-08,32.9
NP_418197.1,FAD_binding_2,PF00890,3.3e-07,30.4
NP_418197.1,AlaDh_PNT_C,PF01262,1.8e-05,24.9
NP_418198.1,Flavodoxin_1,PF00258,9.6e-29,101.0
NP_418199.1,AsnC_trans_reg,PF01037,4.2e-19,68.8
NP_418199.1,HTH_24,PF13412,2.2e-14,53.3
NP_418199.1,HTH_AsnC-type,PF13404,2.1e-13,50.4
NP_418200.1,AsnA,PF03590,5.7e-94,314.7
NP_418202.4,bpMoxR,PF20030,1.6e-56,191.2
NP_418202.4,LARA_dom,PF20265,1.1e-40,138.7
NP_418202.4,AAA_5,PF07728,5.7e-28,98.2
NP_418202.4,ATPase_RavA_C,PF12592,6.2e-24,84.4
NP_418202.4,AAA_lid_8,PF17868,2.7e-21,75.7
NP_418202.4,Mg_chelatase,PF01078,0.0003,20.8
NP_418204.2,RbsD_FucU,PF05025,1e-46,159.4
NP_418205.1,ABC_tran,PF00005,9.2e-60,201.8
NP_418205.1,AAA_21,PF13304,8.6e-09,36.4
NP_418206.1,BPD_transp_2,PF02653,5.9e-45,154.1
NP_418207.1,Peripla_BP_4,PF13407,6.5e-60,203.4
NP_418207.1,Peripla_BP_1,PF00532,6.7e-26,92.0
NP_418207.1,Peripla_BP_3,PF13377,1.9e-13,51.4
NP_418207.1,Peripla_BP_6,PF13458,7.8e-08,32.9
NP_418208.1,PfkB,PF00294,2.4e-80,270.7
NP_418208.1,Phos_pyr_kin,PF08543,2.1e-15,57.4
NP_418209.1,Peripla_BP_3,PF13377,2.5e-39,135.6
NP_418209.1,Peripla_BP_1,PF00532,3.5e-35,122.4
NP_418209.1,LacI,PF00356,4.1e-21,75.1
NP_418209.1,Peripla_BP_4,PF13407,3.1e-19,70.1
NP_418210.1,MFS_1,PF07690,1.1e-47,163.3
NP_418210.1,MFS_3,PF05977,1.6e-06,27.4
NP_418213.1,DUF413,PF04219,1.7e-38,131.1
NP_418214.2,Mg_chelatase,PF01078,1.4e-89,299.6
NP_418214.2,ChlI,PF13541,1.7e-44,151.2
NP_418214.2,Mg_chelatase_C,PF13335,9.6e-31,106.8
NP_418214.2,AAA_5,PF07728,2.5e-12,47.6
NP_418214.2,MCM,PF00493,9.4e-12,45.1
NP_418214.2,Sigma54_activat,PF00158,3.6e-05,24.1
NP_418214.2,AAA,PF00004,0.00029,21.9
NP_418215.1,IlvGEDA_leader,PF08046,9.3e-21,73.4
NP_418217.1,ACT_5,PF13710,3.7e-27,94.4
NP_418220.1,PALP,PF00291,5.7e-79,266.1
NP_418220.1,Thr_dehydrat_C,PF00585,8.6e-58,192.7
NP_418221.1,LysR_substrate,PF03466,3.7e-37,128.3
NP_418221.1,HTH_1,PF00126,3.8e-23,81.8
NP_418222.1,KARI_N,PF07991,2.6e-56,190.3
NP_418222.1,KARI_C,PF01450,4.5e-43,147.6
NP_418223.1,Rotamase_3,PF13616,5.7e-20,72.5
NP_418223.1,Rotamase,PF00639,1.8e-19,71.1
NP_418227.1,DEAD,PF00270,1.8e-43,148.8
NP_418227.1,Helicase_C,PF00271,2.1e-31,109.0
NP_418227.1,ResIII,PF04851,3.9e-05,24.2
NP_418228.2,Thioredoxin,PF00085,2.1e-34,118.2
NP_418228.2,Thioredoxin_2,PF13098,1.9e-08,35.2
NP_418230.1,Rho_RNA_bind,PF07497,1.7e-34,118.0
NP_418230.1,ATP-synt_ab,PF00006,1.1e-26,94.4
NP_418230.1,Rho_N,PF07498,3.5e-16,59.5
NP_418231.1,Glycos_transf_4,PF00953,1.3e-30,107.0
NP_418232.2,Wzz,PF02706,7.1e-15,55.7
NP_418236.1,NTP_transferase,PF00483,3.8e-81,272.9
NP_418236.1,NTP_transf_3,PF12804,2.1e-08,35.1
NP_418238.1,DegT_DnrJ_EryC1,PF01041,1.2e-86,291.8
NP_418238.1,Aminotran_1_2,PF00155,4.9e-11,43.0
NP_418238.1,Aminotran_5,PF00266,1.6e-08,34.5
NP_418239.1,Polysacc_synt,PF01943,3.2e-08,33.9
NP_418239.1,Polysacc_synt_3,PF13440,1.8e-06,28.0
NP_418241.1,WzyE,PF06899,6.9e-274,909.2
NP_418242.1,Glyco_tran_WecG,PF03808,1.3e-53,181.8
NP_418245.1,Sulfatase,PF00884,9e-72,242.5
NP_418246.1,HemY_N,PF07219,2.9e-35,121.2
NP_418246.1,TPR_2,PF07719,1.4e-07,31.6
NP_418246.1,TPR_14,PF13428,2.6e-07,31.3
NP_418246.1,TPR_19,PF14559,1.4e-05,25.9
NP_418247.1,HemX,PF04375,4e-108,361.1
NP_418248.1,HEM4,PF02602,2.3e-41,142.0
NP_418250.1,Adenylate_cycl,PF01295,9.4e-89,296.8
NP_418250.1,Adenyl_cycl_N,PF12633,3.4e-82,275.8
NP_418250.1,Adenylate_cycl_4th,PF26691,1.3e-73,247.0
NP_418250.1,Adenylate_cycl_C,PF26693,1.5e-38,131.8
NP_418250.1,Adenylate_cycl_3rd,PF26690,1.3e-28,99.7
NP_418251.1,Frataxin_Cyay,PF01491,6e-29,100.9
NP_418254.2,DAP_epimerase,PF01678,3.5e-76,253.6
NP_418255.1,DUF484,PF04340,4.5e-90,301.8
NP_418256.1,Phage_integrase,PF00589,2.8e-58,197.1
NP_418256.1,Phage_int_SAM_1,PF02899,1e-26,93.6
NP_418257.1,Hydrolase,PF00702,3.2e-21,77.2
NP_418257.1,HAD_2,PF13419,7.5e-11,42.9
NP_418257.1,Hydrolase_like,PF13242,1.8e-08,34.7
NP_418258.1,UvrD-helicase,PF00580,1.3e-94,317.4
NP_418258.1,UvrD_C,PF13361,9.9e-85,285.7
NP_418258.1,AAA_19,PF13245,3.5e-23,82.9
NP_418258.1,PcrA_UvrD_tudor,PF21196,1.9e-14,53.8
NP_418258.1,UvrD_C_2,PF13538,2.8e-08,34.1
NP_418258.1,AAA_30,PF13604,2.7e-07,31.1
NP_418260.1,CorA,PF01544,8.1e-52,176.9
NP_418261.1,DUF2628,PF10947,4.1e-10,40.6
NP_418264.4,4HBT,PF03061,3.6e-13,50.2
NP_418264.4,4HBT_3,PF13622,3.7e-08,34.1
NP_418265.1,PLA1,PF02253,2.9e-90,302.9
NP_418271.1,EamA,PF00892,2.2e-22,80.4
NP_418272.1,LysR_substrate,PF03466,3.5e-48,164.3
NP_418272.1,HTH_1,PF00126,4.4e-18,65.6
NP_418273.1,Meth_synt_2,PF01717,4.7e-174,578.8
NP_418273.1,Meth_synt_1,PF08267,1.2e-133,446.0
NP_418275.1,PNP_UDP_1,PF01048,1.2e-39,136.7
NP_418276.1,RmuC,PF02646,5.6e-110,367.6
NP_418278.1,SCP2,PF02036,9.9e-23,81.0
NP_418279.1,ABC1,PF03109,3.6e-78,262.7
NP_418279.1,UbiB_N,PF27536,1.5e-30,105.2
NP_418280.4,TatA_B_E,PF02416,6.8e-13,48.6
NP_418282.1,TatC,PF00902,9.9e-75,251.5
NP_418284.1,NusG,PF02357,5.4e-22,78.7
NP_418285.1,UbiD,PF01977,3.9e-84,281.5
NP_418285.1,UbiD_C,PF20696,2.4e-47,160.6
NP_418285.1,UbiD_N,PF20695,3.4e-30,104.5
NP_418286.1,NAD_binding_1,PF00175,1.1e-26,94.2
NP_418286.1,FAD_binding_6,PF00970,3.5e-05,24.7
NP_418288.1,3HCDH_N,PF02737,3.1e-61,207.0
NP_418288.1,ECH_1,PF00378,3.9e-37,128.5
NP_418288.1,3HCDH,PF00725,5.7e-35,120.3
NP_418288.1,ECH_2,PF16113,4.2e-21,76.4
NP_418289.1,PepQ_N,PF21216,1.2e-62,210.8
NP_418289.1,Peptidase_M24,PF00557,1.1e-43,150.0
NP_418290.4,Impact_N,PF01205,1.1e-34,119.2
NP_418290.4,DUF1949,PF09186,3.3e-15,56.3
NP_418292.1,Flavodoxin_5,PF12724,9.6e-54,182.2
NP_418292.1,Flavodoxin_1,PF00258,2e-05,25.4
NP_418293.2,MobB,PF03205,3.3e-48,163.5
NP_418294.1,NTP_transf_3,PF12804,3.3e-39,135.2
NP_418295.1,DUF1040,PF06288,1.8e-44,150.6
NP_418296.1,APH,PF01636,4.1e-45,155.0
NP_418297.1,DSBA,PF01323,4e-33,115.4
NP_418297.1,Thioredoxin_4,PF13462,4.1e-09,37.4
NP_418298.4,DUF945,PF06097,8.5e-109,365.2
NP_418299.1,Acyltransferase,PF01553,2.1e-13,50.8
NP_418300.1,DNA_pol_A,PF00476,8.3e-171,568.7
NP_418300.1,5_3_exonuc_N,PF02739,6.6e-60,202.1
NP_418300.1,DNA_pol_A_exo1,PF01612,2.3e-43,148.6
NP_418300.1,5_3_exonuc,PF01367,4.8e-32,110.9
NP_418300.1,DNA_polI_exo1,PF22619,3.6e-11,43.6
NP_418301.3,MMR_HSR1,PF01926,7e-19,68.6
NP_418301.3,RsgA_GTPase,PF03193,1.6e-08,35.1
NP_418302.1,YihI,PF04220,3.9e-55,186.5
NP_418303.2,Radical_SAM,PF04055,6.5e-25,88.8
NP_418303.2,HemN_C,PF06969,3e-09,37.4
NP_418304.1,Sigma54_activat,PF00158,1.4e-72,243.4
NP_418304.1,Response_reg,PF00072,4.9e-32,111.0
NP_418304.1,AAA_lid_14,PF25601,5.9e-26,90.7
NP_418304.1,Sigma54_activ_2,PF14532,1.6e-18,67.9
NP_418304.1,HTH_8,PF02954,4.9e-14,52.4
NP_418304.1,AAA_5,PF07728,4.1e-08,33.9
NP_418304.1,AAA_2,PF07724,3.2e-06,27.9
NP_418305.1,HATPase_c,PF02518,2.8e-21,76.6
NP_418305.1,HisKA,PF00512,5.1e-15,55.9
NP_418305.1,PAS,PF00989,3.7e-08,33.9
NP_418305.1,PAS_4,PF08448,6.2e-05,23.8
NP_418306.1,Gln-synt_C,PF00120,4.1e-142,473.9
NP_418306.1,Gln-synt_N,PF03951,1.8e-33,114.6
NP_418308.1,UTRA,PF07702,1.1e-21,77.7
NP_418308.1,GntR,PF00392,1.3e-19,70.2
NP_418309.1,AP_endonuc_2,PF01261,6.4e-09,36.5
NP_418310.1,MFS_1,PF07690,1.1e-26,94.2
NP_418311.1,KdgM,PF06178,3.5e-91,305.4
NP_418311.1,BBP2,PF07642,1.6e-07,31.5
NP_418313.4,MFS_2,PF13347,9.2e-77,259.0
NP_418313.4,MFS_1,PF07690,7e-10,38.9
NP_418314.1,Glyco_hydro_31_2nd,PF01055,7.2e-46,157.6
NP_418314.1,Glyco_hydro_31_3rd,PF21365,9.7e-23,81.0
NP_418314.1,Gal_mutarotas_2,PF13802,9.5e-09,36.4
NP_418315.3,Aldose_epim,PF01263,2.1e-57,195.4
NP_418316.4,GlcNAc_2-epim,PF07221,7.8e-140,466.6
NP_418317.1,DeoC,PF01791,1.3e-57,195.7
NP_418318.1,NAD_binding_2,PF03446,1.3e-48,165.7
NP_418318.1,NAD_binding_11,PF14833,1.3e-24,87.4
NP_418318.1,F420_oxidored,PF03807,4e-08,34.3
NP_418319.2,PfkB,PF00294,1.6e-69,235.2
NP_418320.2,DeoRC,PF00455,1.8e-49,168.3
NP_418320.2,HTH_DeoR,PF08220,2.9e-23,81.9
NP_418320.2,HTH_11,PF08279,1.3e-09,38.3
NP_418320.2,HVO_A0114,PF25212,6.1e-08,32.9
NP_418320.2,MarR_2,PF12802,2.3e-07,31.5
NP_418320.2,MarR,PF01047,4e-07,30.4
NP_418320.2,HTH_Crp_2,PF13545,1.2e-06,29.0
NP_418320.2,HTH_24,PF13412,7.8e-05,22.7
NP_418321.4,Hydrolase,PF00702,1.1e-17,65.6
NP_418321.4,HAD_2,PF13419,2.8e-12,47.6
NP_418321.4,Hydrolase_like,PF13242,1.4e-05,25.5
NP_418322.1,Virul_fac_BrkB,PF03631,6.7e-60,203.5
NP_418323.1,Tyr_Deacylase,PF02580,5.4e-58,196.0
NP_418324.1,YiiD_C,PF09500,2.8e-50,170.6
NP_418324.1,Acetyltransf_1,PF00583,6e-16,59.3
NP_418324.1,Acetyltransf_10,PF13673,2e-11,44.5
NP_418324.1,Acetyltransf_7,PF13508,2.2e-10,41.3
NP_418325.4,RHH_1,PF01402,1.5e-12,47.6
NP_418327.1,FdhE_N,PF04216,6.1e-60,202.9
NP_418327.1,FdhE_C,PF24860,7.1e-32,110.1
NP_418327.1,FdhE_central,PF24859,1.1e-19,70.8
NP_418328.1,Ni_hydr_CYTB,PF01292,1e-25,91.2
NP_418329.1,Fer4_11,PF13247,1.1e-24,87.1
NP_418329.1,Form-deh_trans,PF09163,9.6e-20,70.7
NP_418329.1,Fer4_7,PF12838,4e-19,69.4
NP_418329.1,Fer4_9,PF13187,9.5e-13,48.6
NP_418329.1,Fer4_10,PF13237,6e-12,45.9
NP_418329.1,Fer4_21,PF14697,8.3e-10,39.2
NP_418329.1,Fer4_6,PF12837,1.6e-08,34.7
NP_418329.1,Fer4_2,PF12797,3.1e-08,33.6
NP_418329.1,LdpA_Fe-S-bd,PF25160,3.8e-07,30.4
NP_418329.1,Fer4,PF00037,2.6e-06,27.6
NP_418329.1,Fer4_17,PF13534,6.9e-06,27.1
NP_418330.1,Molybdopterin,PF00384,1.7e-31,110.1
NP_418330.1,Molybdop_Fe4S4,PF04879,3e-16,59.7
NP_418330.1,Molydop_binding,PF01568,4e-16,59.6
NP_418331.1,FdhD-NarQ,PF02634,9.4e-72,242.2
NP_418332.1,DUF3829,PF12889,7.6e-105,351.2
NP_418333.1,PTS_EIIA_2,PF00359,1.2e-13,51.8
NP_418333.1,HTH_11,PF08279,2.5e-10,40.7
NP_418334.1,Peptidase_M42,PF05343,1.8e-102,342.9
NP_418335.4,PTS_EIIC,PF02378,6.7e-34,118.0
NP_418335.4,PTS_IIB,PF02302,1.7e-20,74.0
NP_418335.4,PTS_EIIB_BC_N,PF25554,3.8e-09,37.2
NP_418336.1,PTS_EIIA_2,PF00359,3.2e-35,121.8
NP_418337.1,rhaM,PF05336,1.6e-31,109.2
NP_418338.1,Aldolase_II,PF00596,7e-23,82.0
NP_418340.1,FGGY_C,PF02782,1.6e-34,120.1
NP_418340.1,FGGY_N,PF00370,1.7e-28,100.5
NP_418341.1,HTH_18,PF12833,7e-26,90.9
NP_418341.1,AraC_binding,PF02311,1.3e-24,87.1
NP_418341.1,HTH_AraC,PF00165,6.2e-23,81.0
NP_418342.2,AraC_binding,PF02311,5.1e-24,85.1
NP_418342.2,HTH_18,PF12833,5.3e-23,81.7
NP_418342.2,HTH_AraC,PF00165,5.8e-23,81.1
NP_418342.2,Cupin_2,PF07883,9e-07,29.1
NP_418343.1,RhaT,PF06379,2.4e-215,714.8
NP_418344.3,Sod_Fe_C,PF02777,9.4e-42,141.8
NP_418344.3,Sod_Fe_N,PF00081,3e-34,117.9
NP_418345.2,KdgT,PF03812,2.2e-116,389.1
NP_418346.2,MOSC,PF03473,3.6e-34,117.9
NP_418346.2,YiiM_3-alpha,PF03475,2.1e-14,53.6
NP_418347.1,HATPase_c,PF02518,2.3e-26,93.0
NP_418347.1,HisKA,PF00512,6.4e-15,55.5
NP_418347.1,CpxA_peri,PF16527,6.1e-12,46.7
NP_418347.1,HAMP,PF00672,1.4e-11,45.2
NP_418348.1,Response_reg,PF00072,2.9e-30,105.3
NP_418348.1,Trans_reg_C,PF00486,1.1e-22,80.5
NP_418350.1,Cation_efflux,PF01545,3.6e-51,174.3
NP_418350.1,ZT_dimer,PF16916,1.8e-26,92.5
NP_418351.1,PFK,PF00365,1.2e-110,369.8
NP_418352.1,SBP_bac_11,PF13531,6e-42,144.5
NP_418352.1,SBP_bac_1,PF01547,2.8e-19,70.9
NP_418352.1,SBP_bac_6,PF13343,2.1e-11,44.3
NP_418352.1,SBP_bac_8,PF13416,8.7e-08,32.8
NP_418353.1,CDH,PF02611,1.6e-92,309.8
NP_418354.1,TIM,PF00121,1.8e-96,323.0
NP_418355.1,DUF1454,PF07305,3.6e-92,307.6
NP_418356.1,DUF805,PF05656,1.5e-19,71.1
NP_418357.1,DUF406,PF04175,9.8e-29,100.3
NP_418358.1,Usp,PF00582,1.3e-20,75.0
NP_418359.1,NAD_binding_1,PF00175,1.4e-18,68.1
NP_418359.1,FAD_binding_6,PF00970,1e-07,32.8
NP_418360.1,FBPase_glpX,PF03320,7.2e-132,439.5
NP_418361.1,FGGY_N,PF00370,7.1e-96,321.1
NP_418361.1,FGGY_C,PF02782,8.3e-47,160.2
NP_418362.1,MIP,PF00230,1.7e-70,237.9
NP_418363.1,ZapB,PF06005,4.2e-25,88.6
NP_418364.1,RraA-like,PF03737,1.2e-39,136.6
NP_418365.1,UbiA,PF01040,3.4e-31,109.0
NP_418366.1,AAA_2,PF07724,1.6e-36,126.4
NP_418366.1,AAA,PF00004,7.3e-17,62.6
NP_418366.1,AAA_5,PF07728,7.8e-08,33.0
NP_418366.1,AAA_22,PF13401,1.2e-06,29.4
NP_418366.1,MCM,PF00493,4.1e-05,23.4
NP_418366.1,Mg_chelatase,PF01078,0.00023,21.2
NP_418367.1,Proteasome,PF00227,2.3e-25,89.9
NP_418368.1,SPOR,PF05036,9e-18,65.0
NP_418369.1,Peripla_BP_3,PF13377,4.9e-41,141.2
NP_418369.1,Peripla_BP_1,PF00532,6.8e-37,128.0
NP_418369.1,LacI,PF00356,2.3e-20,72.7
NP_418369.1,Peripla_BP_4,PF13407,4.3e-11,43.4
NP_418370.1,PriA_3primeBD,PF17764,2.5e-32,111.2
NP_418370.1,WHD_PriA,PF21213,1.4e-30,105.6
NP_418370.1,DEAD,PF00270,2.1e-22,80.2
NP_418370.1,PriA_C,PF18074,3.7e-18,66.7
NP_418370.1,ResIII,PF04851,9.6e-15,55.5
NP_418370.1,Helicase_C,PF00271,6.1e-12,46.3
NP_418370.1,Zn_ribbon_PriA,PF18319,9.3e-07,29.3
NP_418371.1,Ribosomal_L31,PF01197,7.8e-32,109.9
NP_418372.1,Peptidase_C92,PF05708,3.2e-49,167.8
NP_418373.1,MetJ,PF01340,2e-50,169.3
NP_418374.1,Cys_Met_Meta_PP,PF01053,2e-145,484.7
NP_418374.1,Aminotran_1_2,PF00155,8.8e-07,29.0
NP_418375.1,Homoserine_dh,PF00742,3e-45,154.8
NP_418375.1,AA_kinase,PF00696,2.6e-42,145.7
NP_418375.1,NAD_binding_3,PF03447,9.3e-25,88.2
NP_418376.1,MTHFR,PF02219,2e-110,369.2
NP_418377.1,peroxidase,PF00141,1.5e-69,235.0
NP_418378.4,EamA,PF00892,1e-47,162.4
NP_418379.1,DUF1287,PF06940,2.2e-75,252.5
NP_418380.4,Fe-ADH,PF00465,1.2e-28,100.4
NP_418380.4,Fe-ADH_2,PF13685,2.7e-19,70.3
NP_418381.1,TAL_FSA,PF00923,1.8e-51,175.8
NP_418385.1,PTS_IIB,PF02302,3.1e-23,82.8
NP_418385.1,PTS_EIIB_BC_N,PF25554,1.2e-07,32.4
NP_418386.1,PFL-like,PF02901,5e-205,683.5
NP_418386.1,Gly_radical,PF01228,5.6e-31,107.8
NP_418387.3,Radical_SAM,PF04055,3.7e-14,53.8
NP_418387.3,Fer4_12,PF13353,8e-11,43.0
NP_418388.1,PTS_IIB,PF02302,1.1e-14,55.4
NP_418389.1,HTH_18,PF12833,1.3e-21,77.2
NP_418389.1,HTH_AraC,PF00165,1.8e-17,63.6
NP_418390.1,Sulfatase,PF00884,5.7e-60,203.8
NP_418391.1,PEPcase,PF00311,0.0,1159.4
NP_418392.1,Peptidase_M20,PF01546,9.5e-34,117.7
NP_418392.1,M20_dimer,PF07687,1.6e-25,89.7
NP_418392.1,Peptidase_M28,PF04389,0.00013,22.3
NP_418393.1,Semialdhyde_dhC_1,PF22698,4.5e-49,167.1
NP_418393.1,Semialdhyde_dh,PF01118,2.1e-31,109.4
NP_418393.1,Semialdhyde_dhC,PF02774,5.9e-22,79.3
NP_418394.3,AA_kinase,PF00696,2.2e-43,149.3
NP_418395.1,Lyase_1,PF00206,4.2e-105,352.2
NP_418395.1,ASL_C2,PF14698,5.6e-29,101.0
NP_418396.1,LysR_substrate,PF03466,8.1e-55,186.0
NP_418396.1,HTH_1,PF00126,2e-22,79.5
NP_418397.2,Pyr_redox_2,PF07992,2.7e-63,214.7
NP_418397.2,Pyr_redox_dim,PF02852,8.3e-28,97.4
NP_418397.2,Pyr_redox,PF00070,1.9e-17,64.1
NP_418397.2,FAD_oxidored,PF12831,1.2e-07,32.0
NP_418397.2,Pyr_redox_3,PF13738,2.9e-07,30.6
NP_418397.2,NAD_binding_8,PF13450,6.9e-07,30.1
NP_418397.2,FAD_binding_2,PF00890,6.2e-06,26.2
NP_418398.3,TetR_C_46,PF21943,2e-11,44.7
NP_418398.3,TetR_N,PF00440,3.7e-08,33.6
NP_418399.1,DUF1422,PF07226,1.5e-53,180.3
NP_418400.1,tRNA_U5-meth_tr,PF05958,4.3e-193,641.7
NP_418400.1,Methyltransf_25,PF13649,4.8e-06,27.8
NP_418401.1,TonB_dep_Rec_b-barrel,PF00593,8.8e-45,154.9
NP_418401.1,Plug,PF07715,8.3e-30,104.0
NP_418402.2,Asp_Glu_race,PF01177,1.5e-22,81.1
NP_418403.1,MurB_C,PF02873,3e-31,108.1
NP_418403.1,FAD_binding_4,PF01565,1e-27,97.1
NP_418404.1,BPL_LplA_LipB,PF03099,5.8e-32,111.0
NP_418404.1,BPL_C,PF02237,2.7e-13,50.2
NP_418404.1,HTH_11,PF08279,3.8e-13,49.7
NP_418405.1,PRK,PF00485,2.9e-13,50.7
NP_418407.1,GTP_EFTU,PF00009,1e-63,214.9
NP_418407.1,GTP_EFTU_D3,PF03143,2.7e-40,137.5
NP_418407.1,GTP_EFTU_D2,PF03144,5.5e-20,72.2
NP_418408.1,SecE,PF00584,8.4e-20,71.0
NP_418409.1,NusG,PF02357,7.2e-30,104.0
NP_418409.1,KOW,PF00467,6.1e-08,32.8
NP_418410.1,Ribosomal_L11_N,PF03946,4.7e-30,103.7
NP_418410.1,Ribosomal_L11,PF00298,7e-28,97.4
NP_418411.1,Ribosomal_L1,PF00687,5.6e-67,225.8
NP_418412.1,Ribosomal_L10,PF00466,1.5e-28,99.4
NP_418412.1,RL10_C,PF27436,1.6e-09,38.1
NP_418413.1,Ribosomal_L12,PF00542,5.3e-31,107.3
NP_418413.1,Ribosomal_L12_N,PF16320,3.3e-16,59.3
NP_418414.1,RNA_pol_Rpb2_6,PF00562,6.8e-135,450.6
NP_418414.1,RNA_pol_Rpb2_1,PF04563,1e-41,143.3
NP_418414.1,RNA_pol_Rpb2_45,PF10385,1.7e-30,105.4
NP_418414.1,RNA_pol_Rpb2_3,PF04565,6.7e-30,103.6
NP_418414.1,RNA_pol_Rpb2_7,PF04560,3.3e-29,101.7
NP_418414.1,RNA_pol_Rpb2_2,PF04561,7.1e-26,91.6
NP_418415.1,RNA_pol_Rpb1_1,PF04997,3.8e-88,296.4
NP_418415.1,RNA_pol_Rpb1_5,PF04998,3e-79,266.8
NP_418415.1,RNA_pol_Rpb1_2,PF00623,4.7e-38,131.6
NP_418415.1,RNA_pol_Rpb1_3,PF04983,2.1e-31,109.6
NP_418415.1,RNA_pol_Rpb1_4,PF05000,2.4e-21,76.3
NP_418416.1,YjaZ,PF27200,1.3e-41,142.8
NP_418417.1,Radical_SAM,PF04055,3.9e-14,53.7
NP_418417.1,BATS,PF06968,2.2e-13,50.8
NP_418418.2,ThiG,PF05690,4.7e-112,373.9
NP_418420.4,ThiF,PF00899,2.6e-81,272.9
NP_418421.1,TMP-TENI,PF02581,3.1e-54,183.7
NP_418422.1,ThiC_Rad_SAM,PF01964,3.6e-185,616.2
NP_418422.1,ThiC-associated,PF13667,7e-33,112.9
NP_418423.1,Rsd_AlgQ,PF04353,1.7e-51,174.8
NP_418425.1,URO-D,PF01208,7.9e-145,482.8
NP_418426.2,Endonuclease_5,PF04493,6.2e-76,255.1
NP_418427.1,DUF416,PF04222,8.6e-83,277.1
NP_418428.1,Bac_DNA_binding,PF00216,4.4e-34,117.2
NP_418428.1,HU-HIG,PF18291,3.2e-07,31.0
NP_418429.1,DUF1481,PF07356,2.5e-74,249.6
NP_418430.2,Metal_resist,PF13801,6.5e-24,85.0
NP_418431.1,HATPase_c,PF02518,9.4e-30,103.9
NP_418431.1,HisKA,PF00512,2.4e-14,53.7
NP_418432.1,Sigma54_activat,PF00158,2.4e-73,246.0
NP_418432.1,Response_reg,PF00072,4.7e-32,111.0
NP_418432.1,AAA_lid_14,PF25601,3.9e-29,100.9
NP_418432.1,Sigma54_activ_2,PF14532,2.5e-19,70.5
NP_418432.1,HTH_8,PF02954,4.8e-15,55.6
NP_418432.1,AAA_5,PF07728,1.2e-07,32.4
NP_418432.1,AAA,PF00004,0.00028,21.9
NP_418433.1,GARS_A,PF01071,2.5e-84,282.6
NP_418433.1,GARS_N,PF02844,7.1e-40,136.4
NP_418433.1,GARS_C,PF02843,7e-34,116.6
NP_418433.1,ATP-grasp_3,PF02655,6e-06,27.0
NP_418433.1,CPSase_L_D2,PF02786,2.1e-05,24.7
NP_418434.1,AICARFT_IMPCHas,PF01808,1.8e-128,428.9
NP_418434.1,MGS,PF02142,3.3e-29,101.4
NP_418436.1,Acetyltransf_10,PF13673,2.2e-14,54.1
NP_418436.1,Acetyltransf_7,PF13508,1.2e-12,48.6
NP_418436.1,Acetyltransf_1,PF00583,7.4e-12,46.2
NP_418436.1,FR47,PF08445,0.00015,22.2
NP_418437.1,HTS,PF04204,1.5e-133,445.0
NP_418438.1,MS_TIM-barrel,PF01274,7.7e-117,389.2
NP_418438.1,MS_C,PF20659,8.9e-45,152.5
NP_418438.1,MS_N,PF20656,7.8e-25,86.7
NP_418439.1,ICL,PF00463,3.9e-112,376.0
NP_418439.1,PEP_mutase,PF13714,2.6e-15,57.2
NP_418440.1,AceK_kinase,PF06315,1.5e-121,405.4
NP_418440.1,AceK_regulatory,PF20423,7.4e-112,374.0
NP_418441.1,Toxin_15,PF07906,1.5e-96,323.9
NP_418441.1,Ank_2,PF12796,2.5e-07,31.8
NP_418442.2,IclR_C,PF01614,6.3e-49,166.5
NP_418442.2,HTH_IclR,PF09339,2e-19,69.7
NP_418443.1,Met_synt_B12,PF02965,3e-133,444.0
NP_418443.1,S-methyl_trans,PF02574,1.5e-94,317.6
NP_418443.1,Pterin_bind,PF00809,3.8e-67,227.1
NP_418443.1,B12-binding_2,PF02607,1.7e-24,86.4
NP_418443.1,B12-binding,PF02310,1.1e-19,71.0
NP_418444.1,Na_Pi_cotrans,PF02690,4.1e-44,150.6
NP_418444.1,PhoU,PF01895,9e-08,33.0
NP_418445.1,Peptidase_S51,PF03575,2.9e-65,220.4
NP_418446.1,PseudoU_synth_2,PF00849,4.1e-21,76.4
NP_418446.1,S4,PF01479,5.9e-14,52.1
NP_418447.1,DUF3811,PF11656,1.3e-42,144.7
NP_418448.1,AA_kinase,PF00696,3.1e-46,158.6
NP_418448.1,ACT_9,PF22468,2.7e-22,78.9
NP_418448.1,ACT_7,PF13840,4e-07,30.4
NP_418448.1,ACT,PF01842,1.4e-06,28.5
NP_418449.1,PGI,PF00342,1.4e-258,858.9
NP_418450.1,YjbE,PF11106,7.5e-28,97.0
NP_418451.4,YjbF,PF11102,6.8e-64,215.6
NP_418452.1,Caps_syn_GfcC_N,PF20616,9.5e-50,168.7
NP_418452.1,Caps_syn_GfcC_C,PF06251,6.2e-43,145.4
NP_418453.1,YjbH,PF06082,1.4e-270,900.3
NP_418454.1,PsiE,PF06146,1.3e-22,80.8
NP_418455.1,Sugar_tr,PF00083,3.9e-141,471.6
NP_418455.1,MFS_1,PF07690,6.5e-32,111.4
NP_418456.1,BPD_transp_1,PF00528,2.9e-16,60.3
NP_418457.1,MalF_P2,PF14785,1.2e-61,208.2
NP_418457.1,MalF_N_TM,PF20872,1.7e-22,79.4
NP_418457.1,BPD_transp_1,PF00528,1.3e-21,77.8
NP_418458.1,SBP_bac_1,PF01547,9.6e-46,157.8
NP_418458.1,SBP_bac_8,PF13416,9.9e-40,137.6
NP_418459.1,ABC_tran,PF00005,8.2e-35,121.0
NP_418459.1,OB_MalK,PF17912,9.3e-13,49.4
NP_418459.1,TOBE_2,PF08402,5.8e-13,49.4
NP_418460.1,LamB,PF02264,1.8e-136,456.6
NP_418461.1,MalM,PF07148,2.3e-52,176.8
NP_418463.4,Chor_lyase,PF04345,1.2e-30,107.0
NP_418464.1,UbiA,PF01040,6.3e-73,245.7
NP_418465.4,GPAT_C,PF19277,4.4e-112,375.3
NP_418465.4,PlsB_N,PF27464,1.2e-75,254.1
NP_418465.4,Acyltransferase,PF01553,7.1e-30,104.1
NP_418466.1,DAGK_prokar,PF01219,3.1e-36,123.9
NP_418467.1,Peptidase_S24,PF00717,3.8e-36,123.9
NP_418467.1,LexA_DNA_bind,PF01726,1.3e-31,108.7
NP_418468.3,MatE,PF01554,5.1e-45,153.7
NP_418469.1,CsbD,PF05532,1.8e-22,79.5
NP_418470.4,FUR,PF01475,8.3e-15,55.6
NP_418472.1,DUF2713,PF10897,1.7e-167,555.4
NP_418473.3,Dus,PF01207,8.8e-105,350.8
NP_418474.4,Phageshock_PspG,PF09583,3.7e-26,91.8
NP_418475.1,ADH_zinc_N,PF00107,3.8e-29,101.8
NP_418475.1,ADH_zinc_N_2,PF13602,3.3e-19,70.7
NP_418475.1,ADH_N,PF08240,3.8e-14,53.4
NP_418476.1,DnaB_C,PF03796,2.2e-107,358.8
NP_418476.1,DnaB,PF00772,8.2e-38,129.2
NP_418476.1,AAA_25,PF13481,1e-08,35.6
NP_418477.1,Ala_racemase_N,PF01168,6.8e-71,239.1
NP_418477.1,Ala_racemase_C,PF00842,1.1e-40,138.7
NP_418478.1,Aminotran_1_2,PF00155,4.7e-89,299.7
NP_418479.1,Acid_phosphat_B,PF03767,2.9e-29,102.8
NP_418480.1,YjbQ,PF01894,2e-36,125.3
NP_418481.1,YjbR,PF04237,2.8e-19,70.1
NP_418482.1,UvrA_DNA-bind,PF17755,1.8e-39,135.0
NP_418482.1,UvrA_inter,PF17760,1.4e-38,131.7
NP_418482.1,ABC_tran,PF00005,2.2e-21,77.5
NP_418482.1,SMC_N,PF02463,5.2e-11,43.0
NP_418482.1,AAA_29,PF13555,1.3e-07,31.9
NP_418482.1,nSTAND1,PF20703,1.8e-06,28.4
NP_418483.1,SSB,PF00436,3.7e-41,139.9
NP_418484.4,YjcB,PF15940,2.7e-49,165.9
NP_418485.1,EAL,PF00563,7.5e-71,238.8
NP_418485.1,CSS-motif,PF12792,2.3e-52,178.0
NP_418486.1,HTH_18,PF12833,4.1e-23,82.1
NP_418486.1,HTH_AraC,PF00165,3.7e-19,68.9
NP_418487.1,MerR-DNA-bind,PF09278,6.7e-16,59.2
NP_418487.1,MerR,PF00376,2.4e-14,53.4
NP_418487.1,MerR_1,PF13411,2.2e-11,44.3
NP_418488.1,Xan_ur_permease,PF00860,8.9e-91,305.1
NP_418489.1,Na_H_Exchanger,PF00999,2.6e-73,247.6
NP_418490.1,Pentapeptide_4,PF13599,2.3e-22,79.5
NP_418490.1,Pentapeptide,PF00805,2.4e-21,75.5
NP_418490.1,Pentapeptide_3,PF13576,9.3e-13,48.8
NP_418491.1,SSF,PF00474,3.5e-144,481.3
NP_418492.1,DUF485,PF04341,5.4e-31,107.0
NP_418493.1,AMP-binding,PF00501,3.5e-90,303.2
NP_418493.1,AMP-binding_C,PF13193,1.1e-26,94.2
NP_418493.1,ACAS_N,PF16177,1.4e-19,70.2
NP_418494.1,Cytochrom_C552,PF02335,9e-184,612.1
NP_418494.1,Cytochrome_C7,PF14522,8.4e-09,35.7
NP_418494.1,Paired_CXXCH_1,PF09699,5.7e-05,23.3
NP_418495.2,Cytochrom_c_NrfB-like,PF22678,2.7e-42,143.7
NP_418495.2,Cytochrome_C7,PF14522,3.2e-08,33.9
NP_418495.2,Cytochrome_C554,PF13435,3.6e-07,31.6
NP_418495.2,Cytochrom_c3_2,PF14537,4.5e-07,30.8
NP_418495.2,Paired_CXXCH_1,PF09699,3.4e-07,30.4
NP_418495.2,Cytochrom_CIII,PF02085,1e-05,26.4
NP_418496.1,Fer4_11,PF13247,1.9e-23,83.1
NP_418496.1,Fer4_7,PF12838,4.7e-15,56.4
NP_418496.1,Fer4,PF00037,6.5e-13,48.5
NP_418496.1,Fer4_10,PF13237,3.6e-12,46.6
NP_418496.1,Fer4_9,PF13187,1.1e-11,45.1
NP_418496.1,Fer4_6,PF12837,1.5e-11,44.2
NP_418496.1,Fer4_2,PF12797,1.4e-08,34.7
NP_418496.1,LdpA_Fe-S-bd,PF25160,4.7e-07,30.1
NP_418496.1,Fer4_4,PF12800,4.4e-05,24.1
NP_418497.1,NrfD,PF03916,1.2e-118,396.9
NP_418498.1,CcmF_C,PF16327,1.4e-56,192.7
NP_418498.1,Cytochrom_C_asm,PF01578,3.5e-50,171.2
NP_418499.1,CcmH,PF03918,2.2e-43,147.5
NP_418500.1,TPR_CcmH_CycH,PF23914,8e-19,68.6
NP_418500.1,TPR_2,PF07719,1.9e-06,28.1
NP_418501.1,SDF,PF00375,1.5e-118,396.8
NP_418502.1,Sel1,PF08238,1.3e-19,70.4
NP_418503.1,Molybdopterin,PF00384,1.9e-100,336.9
NP_418503.1,Molydop_binding,PF01568,1.9e-27,96.0
NP_418503.1,Molybdop_Fe4S4,PF04879,6.8e-17,61.8
NP_418504.1,OEP,PF02321,3.9e-91,304.4
NP_418505.2,FUSC,PF04632,2.8e-14,53.3
NP_418505.2,FUSC_2,PF13515,8.3e-08,33.0
NP_418506.1,Beta-barrel_AAEA,PF25963,5.2e-18,65.5
NP_418506.1,BSH_RND,PF25917,1.1e-17,64.2
NP_418506.1,HH_MFP_RND,PF25876,7.3e-07,30.0
NP_418506.1,Biotin_lipoyl,PF00364,4.8e-05,23.7
NP_418507.2,Alkyl_sulf_dimr,PF14863,2.5e-56,190.5
NP_418507.2,Alkyl_sulf_C,PF14864,5.5e-37,127.3
NP_418507.2,Lactamase_B,PF00753,5.4e-27,95.6
NP_418508.1,ROK,PF00480,2.4e-98,329.9
NP_418509.1,Ribul_P_3_epim,PF00834,1e-60,205.1
NP_418510.1,BPD_transp_2,PF02653,6e-55,186.9
NP_418511.1,ABC_tran,PF00005,3.5e-57,193.4
NP_418511.1,AAA_21,PF13304,2.5e-10,41.4
NP_418512.1,Peripla_BP_4,PF13407,2.3e-60,204.9
NP_418512.1,Peripla_BP_1,PF00532,4.4e-19,69.6
NP_418512.1,Peripla_BP_3,PF13377,2.8e-08,34.6
NP_418513.4,SIS,PF01380,6.8e-34,117.1
NP_418513.4,HTH_6,PF01418,6.6e-27,93.9
NP_418514.1,LacAB_rpiB,PF02502,4.2e-57,192.6
NP_418516.1,Lactamase_B_2,PF12706,6.5e-13,49.3
NP_418516.1,Anti-Pycsar_Apyc1,PF23023,2.3e-06,28.1
NP_418517.1,Acetyltransf_1,PF00583,5.1e-19,69.2
NP_418517.1,Acetyltransf_7,PF13508,4.8e-13,49.9
NP_418517.1,Acetyltransf_10,PF13673,2.5e-10,41.0
NP_418518.1,AAA_18,PF13238,2.2e-08,35.2
NP_418519.1,Amidohydro_3,PF07969,1.4e-14,55.0
NP_418519.1,Amidohydro_1,PF01979,3e-09,37.2
NP_418520.1,ABC_tran,PF00005,5.4e-32,111.8
NP_418522.1,PhnJ,PF06007,7.8e-152,504.5
NP_418523.1,PhnI,PF05861,7.3e-155,515.6
NP_418524.1,PhnH,PF05845,3.1e-62,210.3
NP_418525.1,PhnG,PF06754,1.1e-52,178.5
NP_418526.1,UTRA,PF07702,1.5e-32,112.9
NP_418526.1,GntR,PF00392,7.9e-22,77.3
NP_418526.1,MarR,PF01047,7.4e-06,26.4
NP_418529.1,Phosphonate-bd,PF12974,4.9e-79,265.7
NP_418530.1,ABC_tran,PF00005,8.3e-38,130.7
NP_418530.1,AAA_21,PF13304,1.4e-06,29.1
NP_418531.1,Glyoxalase,PF00903,1.2e-07,32.7
NP_418531.1,3-dmu-9_3-mt,PF06983,4.4e-07,31.0
NP_418532.1,YjdM,PF03831,1.2e-34,118.5
NP_418532.1,Zn_Ribbon_YjdM,PF08274,2e-16,60.3
NP_418533.1,Dynamin_N,PF00350,4.2e-18,66.5
NP_418533.1,MMR_HSR1,PF01926,3.5e-08,34.1
NP_418534.4,YjcZ,PF13990,1.3e-143,477.9
NP_418535.1,Sugar_tr,PF00083,1e-83,282.4
NP_418535.1,MFS_1,PF07690,9.6e-38,130.6
NP_418535.1,Osmo_CC,PF08946,1.5e-24,86.6
NP_418535.1,MFS_2,PF13347,1.3e-07,31.2
NP_418536.1,HATPase_c,PF02518,2.9e-21,76.6
NP_418536.1,HisKA,PF00512,2.5e-10,40.9
NP_418536.1,HAMP_PhoQ,PF26769,2.6e-07,31.1
NP_418537.1,Response_reg,PF00072,6.1e-28,97.8
NP_418537.1,Trans_reg_C,PF00486,2e-21,76.4
NP_418538.2,Sulfatase,PF00884,4.6e-76,256.6
NP_418538.2,EptA_B_N,PF08019,7.8e-45,153.1
NP_418539.1,AA_permease_2,PF13520,1e-49,170.2
NP_418539.1,AA_permease,PF00324,8.9e-33,114.2
NP_418540.1,HTH_AraC,PF00165,5.2e-17,62.1
NP_418540.1,HTH_18,PF12833,1.4e-14,54.7
NP_418541.2,OKR_DC_1,PF01276,7.5e-192,638.2
NP_418541.2,OKR_DC_1_C,PF03711,9.5e-44,149.5
NP_418541.2,OKR_DC_1_N,PF03709,2.7e-25,89.4
NP_418542.1,HTH_AraC,PF00165,1.2e-23,83.2
NP_418542.1,HTH_18,PF12833,1.8e-19,70.4
NP_418543.1,Glyco_hydro_4,PF02056,1.1e-81,273.3
NP_418543.1,Glyco_hydro_4C,PF11975,1.8e-59,201.8
NP_418544.2,MFS_2,PF13347,1.5e-71,241.8
NP_418545.1,DUF2238,PF09997,6e-65,218.9
NP_418546.1,Fumerase_C,PF05683,1.6e-86,289.5
NP_418546.1,Fumerase,PF05681,9.1e-83,278.3
NP_418547.1,DcuA_DcuB,PF03605,2e-143,478.4
NP_418548.1,Response_reg,PF00072,7.1e-19,68.6
NP_418549.1,sCache_3_2,PF17203,2.9e-24,86.3
NP_418549.1,HATPase_c,PF02518,1.3e-22,80.9
NP_418549.1,PAS,PF00989,1.6e-12,48.0
NP_418549.1,SPOB_a,PF14689,3.5e-08,33.5
NP_418549.1,HATPase_c_5,PF14501,1.1e-07,32.3
NP_418549.1,PAS_10,PF13596,2e-05,25.8
NP_418549.1,PAS_8,PF13188,7.3e-05,23.1
NP_418550.1,Fer4_19,PF06902,5.3e-30,103.8
NP_418551.1,Acetyltransf_CG,PF14542,3.8e-24,85.2
NP_418551.1,Acetyltransf_1,PF00583,7.3e-07,30.1
NP_418551.1,Acetyltransf_7,PF13508,4.7e-06,27.5
NP_418552.1,GhoS,PF11080,6.8e-41,138.8
NP_418553.1,tRNA-synt_2,PF00152,9.8e-97,324.3
NP_418553.1,tRNA_anti-codon,PF01336,5.4e-17,62.1
NP_418553.1,tRNA-synt_2d,PF01409,3.4e-05,24.0
NP_418554.1,PTR2,PF00854,8e-98,328.5
NP_418554.1,MFS_1,PF07690,4.7e-22,79.0
NP_418555.1,OKR_DC_1,PF01276,1.5e-200,666.9
NP_418555.1,OKR_DC_1_C,PF03711,5.5e-47,160.0
NP_418555.1,OKR_DC_1_N,PF03709,3.2e-31,108.5
NP_418556.1,AA_permease_2,PF13520,8.7e-40,137.5
NP_418556.1,AA_permease,PF00324,2.9e-21,76.3
NP_418557.1,CadC_C1,PF18500,3.1e-67,225.5
NP_418557.1,Trans_reg_C,PF00486,3.4e-19,69.3
NP_418559.1,DsbD_TM,PF02683,6.1e-81,271.5
NP_418559.1,DsbD_N,PF11412,8.7e-37,126.4
NP_418559.1,Thioredoxin_2,PF13098,9.3e-16,58.8
NP_418559.1,Thioredoxin_7,PF13899,1.9e-13,50.9
NP_418559.1,Thioredoxin,PF00085,1.2e-07,32.2
NP_418559.1,DsbD_2,PF13386,1.7e-07,31.9
NP_418560.1,CutA1,PF03091,1.3e-34,118.5
NP_418561.1,DcuA_DcuB,PF03605,2.5e-149,497.8
NP_418561.1,DcuC,PF03606,8.7e-09,35.0
NP_418561.1,CitMHS,PF03600,3e-08,33.8
NP_418562.4,Lyase_1,PF00206,9.1e-113,377.4
NP_418562.4,FumaraseC_C,PF10415,4.5e-18,66.0
NP_418564.2,FxsA,PF04186,1.5e-33,115.7
NP_418565.1,AA_permease_2,PF13520,5.5e-28,98.6
NP_418565.1,AA_permease,PF00324,4.2e-10,39.5
NP_418566.1,Cpn10,PF00166,4e-30,104.3
NP_418567.1,Cpn60_TCP1,PF00118,1.3e-73,248.9
NP_418568.2,DUF4156,PF13698,2.1e-35,121.6
NP_418569.1,YjeJ,PF15922,2.9e-131,437.4
NP_418570.1,Radical_SAM,PF04055,1.2e-09,39.1
NP_418570.1,Fer4_12,PF13353,4.7e-05,24.3
NP_418571.1,Elong-fact-P_C,PF09285,2e-26,92.0
NP_418571.1,EFP,PF01132,5.2e-24,84.4
NP_418571.1,EFP_N,PF08207,6.1e-24,84.3
NP_418572.4,Multi_Drug_Res,PF00893,2.1e-33,115.3
NP_418573.1,Lipocalin_2,PF08212,5e-45,153.6
NP_418573.1,Lipocalin,PF00061,5.9e-08,33.6
NP_418574.1,Beta-lactamase,PF00144,5.3e-98,328.8
NP_418575.1,Fumarate_red_D,PF02313,1.4e-48,164.5
NP_418576.1,Fumarate_red_C,PF02300,3.4e-54,182.9
NP_418577.1,Fer2_3,PF13085,2.6e-31,108.4
NP_418577.1,Fer4_10,PF13237,2.6e-12,47.0
NP_418577.1,Fer4_8,PF13183,3.4e-11,44.1
NP_418577.1,Fer4_17,PF13534,4.3e-09,37.4
NP_418577.1,Fer4_7,PF12838,4.3e-07,30.9
NP_418577.1,Fer4_9,PF13187,1.3e-06,28.9
NP_418578.1,FAD_binding_2,PF00890,1.3e-115,387.6
NP_418578.1,Succ_DH_flav_C,PF02910,4.6e-41,140.4
NP_418578.1,Pyr_redox_2,PF07992,7.9e-11,42.5
NP_418579.2,tRNA-synt_2,PF00152,1.1e-51,176.3
NP_418580.2,AA_permease_2,PF13520,2e-26,93.4
NP_418580.2,AA_permease,PF00324,1.7e-11,44.1
NP_418582.1,DUF2645,PF10840,2.1e-33,115.5
NP_418583.1,MscS_TM,PF12794,4.9e-114,381.3
NP_418583.1,MscS_porin,PF12795,7.5e-49,167.1
NP_418583.1,MS_channel_2nd,PF00924,2e-25,89.3
NP_418583.1,MS_channel_3rd,PF21082,2.1e-15,57.5
NP_418583.1,MS_channel_1st,PF21088,1.1e-10,41.8
NP_418584.1,PS_Dcarbxylase,PF02666,2.9e-61,207.2
NP_418584.1,PSD,PF27523,6.1e-16,58.4
NP_418585.4,RsgA_GTPase,PF03193,4.4e-61,206.3
NP_418585.4,MMR_HSR1,PF01926,8.3e-05,23.3
NP_418586.4,RNase_T,PF00929,5.6e-41,141.4
NP_418587.1,QueG_DUF1730,PF08331,1.3e-24,86.4
NP_418587.1,Fer4_16,PF13484,1.4e-22,80.7
NP_418588.1,Carb_kinase,PF01256,6.4e-86,288.3
NP_418588.1,YjeF_N,PF03853,1.2e-45,156.1
NP_418589.1,TsaE,PF02367,5.9e-42,143.2
NP_418590.1,Amidase_3,PF01520,5.8e-48,163.8
NP_418590.1,AMIN,PF11741,0.00051,20.7
NP_418591.1,DNA_mis_repair,PF01119,1.1e-36,125.7
NP_418591.1,MutL_C,PF08676,6.1e-26,91.4
NP_418591.1,HATPase_c_3,PF13589,7.2e-14,52.6
NP_418591.1,HATPase_c,PF02518,3.1e-08,34.6
NP_418592.1,IPPT,PF01715,1e-91,307.5
NP_418592.1,IPT,PF01745,1.3e-06,28.6
NP_418593.1,Hfq,PF17209,8.2e-30,102.8
NP_418594.1,GTP-bdg_N,PF13167,2.9e-32,111.7
NP_418594.1,GTP-bdg_M,PF16360,4.6e-30,104.6
NP_418594.1,MMR_HSR1,PF01926,1.5e-22,80.5
NP_418594.1,HflX_C,PF19275,4.7e-11,43.2
NP_418594.1,FeoB_N,PF02421,1e-07,32.2
NP_418594.1,Arf,PF00025,4.4e-05,23.6
NP_418595.1,Band_7,PF01145,1e-31,110.8
NP_418595.1,HflK_N,PF12221,2.8e-17,62.9
NP_418596.1,Band_7,PF01145,1.8e-34,119.8
NP_418597.1,DUF2065,PF09838,5.5e-21,75.0
NP_418598.1,Adenylsucc_synt,PF00709,2e-184,613.8
NP_418599.1,Rrf2,PF02082,1.5e-36,126.0
NP_418600.4,RNB,PF00773,4.2e-114,381.8
NP_418600.4,CSD2,PF17876,2e-27,95.6
NP_418600.4,OB_RNB,PF08206,9.1e-27,93.1
NP_418600.4,S1,PF00575,9.6e-19,68.1
NP_418600.4,WHD_RNase_R,PF08461,1.3e-12,48.1
NP_418601.1,SpoU_methylase,PF00588,4.5e-44,150.6
NP_418601.1,SpoU_sub_bind,PF08032,6.5e-19,68.6
NP_418602.1,DUF2170,PF09938,1.6e-44,151.6
NP_418603.1,PspA_IM30,PF04012,5.9e-58,196.7
NP_418604.1,DUF2491,PF10679,3.5e-71,239.3
NP_418605.1,DUF350,PF03994,1.5e-33,116.3
NP_418606.1,DUF1190,PF06693,3.2e-17,63.9
NP_418607.1,GSP_synth,PF03738,4e-149,497.4
NP_418608.6,AidB_N,PF18158,3.3e-55,187.0
NP_418608.6,Acyl-CoA_dh_1,PF00441,2.1e-31,109.7
NP_418608.6,Acyl-CoA_dh_M,PF02770,5.4e-17,62.3
NP_418608.6,ACOX_C_alpha1,PF22924,1.8e-06,28.5
NP_418608.6,Acyl-CoA_dh_2,PF08028,7.1e-06,26.9
NP_418609.4,YdgH_BhsA-like,PF07338,2.2e-17,63.4
NP_418610.4,YdgH_BhsA-like,PF07338,9.9e-16,58.1
NP_418611.1,Hydrolase_4,PF12146,6e-14,52.5
NP_418611.1,Peptidase_S9,PF00326,6.7e-12,46.0
NP_418611.1,Abhydrolase_1,PF00561,1.7e-10,41.5
NP_418611.1,Abhydrolase_6,PF12697,1.8e-07,32.6
NP_418611.1,Abhydrolase_2,PF02230,2.4e-07,31.4
NP_418612.1,DeoRC,PF00455,1.5e-38,132.8
NP_418612.1,HTH_DeoR,PF08220,7.5e-21,74.2
NP_418612.1,HTH_11,PF08279,1.2e-05,25.7
NP_418613.2,Lactamase_B_3,PF13483,4.8e-12,46.7
NP_418613.2,Lactamase_B_2,PF12706,1.1e-11,45.3
NP_418614.4,EIIC-GAT,PF03611,2.3e-109,366.7
NP_418615.1,PTS_IIB,PF02302,4.6e-14,53.4
NP_418616.1,PTS_EIIA_2,PF00359,6.4e-34,117.6
NP_418617.1,OMPdecase,PF00215,6.2e-47,160.9
NP_418618.1,AP_endonuc_2,PF01261,3e-56,191.5
NP_418619.1,Aldolase_II,PF00596,1e-53,182.5
NP_418620.1,YdgH_BhsA-like,PF07338,5.9e-20,71.6
NP_418621.5,Ribosomal_S6,PF01250,5.3e-32,110.4
NP_418622.1,SSB_1,PF22657,3.7e-23,82.1
NP_418622.1,SSB,PF00436,2.2e-13,50.7
NP_418623.1,Ribosomal_S18,PF01084,1.1e-24,86.8
NP_418624.1,Ribosomal_L9_C,PF03948,8.6e-26,90.8
NP_418624.1,Ribosomal_L9_N,PF01281,1.3e-22,79.6
NP_418625.1,DUF2686,PF10887,1.8e-156,519.9
NP_418627.4,LysM_OapA,PF04225,6.1e-36,123.0
NP_418627.4,OapA_N,PF08525,3.4e-09,36.9
NP_418628.4,FKBP_C,PF00254,2.4e-31,108.5
NP_418628.4,FKBP_N,PF01346,1.5e-21,77.6
NP_418629.1,AA_permease,PF00324,3.6e-135,451.9
NP_418629.1,AA_permease_2,PF13520,8.8e-46,157.2
NP_418630.1,Hemerythrin,PF01814,1.8e-28,100.1
NP_418630.1,ScdA_N,PF04405,6.2e-21,74.4
NP_418631.2,EamA,PF00892,2.1e-19,70.7
NP_418632.1,NmrA,PF05368,4.3e-24,86.2
NP_418632.1,NAD_binding_10,PF13460,1.7e-21,77.5
NP_418632.1,3Beta_HSD,PF01073,4.1e-06,26.6
NP_418632.1,NAD_binding_4,PF07993,1.2e-05,25.2
NP_418632.1,Epimerase,PF01370,7.5e-05,22.8
NP_418633.4,HxlR,PF01638,2.9e-32,110.9
NP_418634.1,5_nucleotid_C,PF02872,2e-19,70.9
NP_418634.1,Metallophos,PF00149,4.1e-15,57.3
NP_418635.1,Inositol_P,PF00459,6.7e-52,177.2
NP_418637.1,YtfJ_HI0045,PF09695,9.8e-77,256.8
NP_418638.2,DUF1107,PF06526,4.8e-29,100.7
NP_418639.1,CNNM,PF01595,9e-43,146.6
NP_418639.1,CorC_HlyC,PF03471,1.9e-22,79.7
NP_418639.1,CBS,PF00571,2e-07,31.8
NP_418640.1,PMSR,PF01625,2e-60,204.3
NP_418641.1,Omp85,PF01103,2.8e-33,116.4
NP_418641.1,POTRA_TamA_1,PF17243,1.9e-21,76.5
NP_418641.1,POTRA,PF07244,1.4e-16,61.5
NP_418642.1,TamB_N,PF27051,0.0,1242.6
NP_418642.1,TamB,PF04357,5.2e-72,243.8
NP_418643.1,GGACT,PF06094,1e-28,100.9
NP_418645.2,MazE_antitoxin,PF04014,1.1e-11,45.1
NP_418646.1,PemK_toxin,PF02452,5e-25,88.4
NP_418647.1,Pyrophosphatase,PF00719,4.6e-60,202.5
NP_418648.1,Peripla_BP_4,PF13407,1.1e-46,160.0
NP_418648.1,Peripla_BP_1,PF00532,1.4e-16,61.4
NP_418648.1,Peripla_BP_6,PF13458,1.5e-07,32.0
NP_418651.3,BPD_transp_2,PF02653,8.3e-53,179.8
NP_418652.2,BPD_transp_2,PF02653,3.3e-38,131.9
NP_418653.1,FBPase,PF00316,5.7e-91,303.9
NP_418653.1,FBPase_C,PF18913,1.4e-48,164.5
NP_418654.1,Mur_ligase,PF01225,5.6e-23,81.7
NP_418654.1,Mur_ligase_C,PF02875,1.3e-19,71.9
NP_418654.1,Mur_ligase_M,PF08245,5.8e-17,62.9
NP_418655.1,DarP,PF04751,2.1e-56,190.6
NP_418656.1,PmbA_TldD_3rd,PF19289,4.2e-73,245.8
NP_418656.1,PmbA_TldD_2nd,PF19290,2.5e-21,76.7
NP_418656.1,PmbA_TldD_1st,PF01523,4.7e-13,49.7
NP_418658.1,Fer4_12,PF13353,1.3e-56,191.3
NP_418659.1,NRDD,PF13597,1.8e-185,618.4
NP_418659.1,Gly_radical,PF01228,5e-32,111.1
NP_418659.1,ATP-cone,PF03477,7.2e-23,81.5
NP_418660.1,Alpha-amylase,PF00128,4.3e-187,623.4
NP_418661.1,PTS_EIIC,PF02378,1e-34,120.6
NP_418661.1,PTS_EIIB,PF00367,5.6e-11,42.3
NP_418662.1,LacI,PF00356,2.7e-21,75.7
NP_418662.1,Peripla_BP_3,PF13377,1.4e-18,68.1
NP_418662.1,Peripla_BP_1,PF00532,1.9e-11,44.6
NP_418663.1,Cation_ATPase,PF13246,2.7e-24,86.5
NP_418663.1,E1-E2_ATPase,PF00122,1.7e-24,86.2
NP_418663.1,Cation_ATPase_C,PF00689,3.5e-21,76.3
NP_418663.1,Hydrolase,PF00702,1.3e-17,65.4
NP_418663.1,Cation_ATPase_N,PF00690,4e-14,52.6
NP_418664.2,Ribonuc_L-PSP,PF01042,5.9e-46,156.0
NP_418665.1,PyrI,PF01948,2.8e-31,108.1
NP_418665.1,PyrI_C,PF02748,7.3e-19,68.0
NP_418666.1,OTCace_N,PF02729,7.8e-48,162.9
NP_418666.1,OTCace,PF00185,4.2e-27,95.7
NP_418667.1,PyrBI_leader,PF08052,3.4e-34,117.1
NP_418669.1,Ribonuc_L-PSP,PF01042,6.7e-33,113.8
NP_418670.1,adh_short_C2,PF13561,5.3e-51,174.1
NP_418670.1,adh_short,PF00106,3.1e-46,157.9
NP_418670.1,Epimerase,PF01370,1.3e-06,28.6
NP_418672.4,TetR_N,PF00440,1.4e-13,51.0
NP_418673.4,DUF386,PF04074,2.9e-44,151.2
NP_418674.2,SopA,PF13981,9.7e-09,35.9
NP_418675.1,OTCace,PF00185,1.3e-54,185.0
NP_418675.1,OTCace_N,PF02729,9.2e-50,169.2
NP_418676.1,RraB,PF06877,2.3e-34,118.6
NP_418679.1,tRNA-synt_1,PF00133,2e-164,547.9
NP_418679.1,Anticodon_1,PF08264,4.1e-43,147.4
NP_418679.1,tRNA-synt_1g,PF09334,1.3e-17,64.3
NP_418679.1,Val_tRNA-synt_C,PF10458,5.4e-16,59.2
NP_418679.1,tRNA-synt_1_2,PF13603,3.4e-09,37.0
NP_418680.1,DNA_pol3_chi,PF04364,2.1e-40,138.6
NP_418681.1,Peptidase_M17,PF00883,3e-126,421.5
NP_418681.1,Peptidase_M17_N,PF02789,2.7e-38,131.4
NP_418682.1,LptF_LptG,PF03739,1.9e-76,258.0
NP_418683.4,LptF_LptG,PF03739,1.1e-83,281.9
NP_418684.1,HerA_C,PF05872,1.6e-254,845.7
NP_418684.1,DUF87,PF01935,1e-06,29.6
NP_418684.1,AAA_22,PF13401,1.3e-06,29.3
NP_418684.1,TrwB_AAD_bind,PF10412,1.8e-05,24.4
NP_418684.1,ResIII,PF04851,4.6e-05,24.0
NP_418685.1,Peripla_BP_3,PF13377,1.4e-21,77.9
NP_418685.1,Peripla_BP_1,PF00532,2.4e-21,77.1
NP_418685.1,LacI,PF00356,4.3e-21,75.0
NP_418685.1,Peripla_BP_4,PF13407,1.4e-15,58.1
NP_418686.1,GntP_permease,PF02447,2.7e-184,613.6
NP_418686.1,CitMHS,PF03600,5.3e-14,52.7
NP_418686.1,DctM,PF06808,6.5e-06,25.8
NP_418687.1,adh_short,PF00106,2.2e-65,220.4
NP_418687.1,adh_short_C2,PF13561,2.6e-58,198.0
NP_418687.1,KR,PF08659,2.4e-12,47.7
NP_418688.1,ADH_zinc_N,PF00107,7.7e-29,100.8
NP_418688.1,ADH_N,PF08240,3e-23,82.6
NP_418688.1,ADH_zinc_N_2,PF13602,1.1e-06,30.1
NP_418689.1,SKI,PF01202,9.6e-08,32.9
NP_418690.4,ADH_zinc_N,PF00107,1.2e-25,90.5
NP_418690.4,ADH_N,PF08240,3.9e-25,88.7
NP_418690.4,ADH_zinc_N_2,PF13602,5.8e-09,37.5
NP_418690.4,AlaDh_PNT_C,PF01262,1.4e-07,31.8
NP_418692.2,HTH_Tnp_1,PF01527,4.6e-18,65.8
NP_418693.1,rve_3,PF13683,1e-18,67.4
NP_418693.1,rve,PF00665,1.9e-16,60.8
NP_418693.1,HTH_21,PF13276,5.2e-11,43.2
NP_418697.1,DDE_Tnp_IS66_C,PF13817,3.2e-10,40.6
NP_418698.1,Nterm_IS4,PF13006,1.4e-33,115.6
NP_418698.1,DDE_Tnp_1,PF01609,3.2e-31,109.3
NP_418699.4,MFS_1,PF07690,9e-49,166.8
NP_418699.4,Sugar_tr,PF00083,3.2e-27,96.1
NP_418700.2,GFO_IDH_MocA_C,PF02894,4.1e-57,194.1
NP_418700.2,GFO_IDH_MocA,PF01408,3.9e-33,115.3
NP_418700.2,GFO_IDH_MocA_C3,PF22725,8.2e-21,74.9
NP_418704.1,HTH_38,PF13936,1.8e-23,82.6
NP_418704.1,rve,PF00665,1.6e-14,54.6
NP_418704.1,HTH_23,PF13384,4.3e-08,33.3
NP_418707.1,ABC_tran,PF00005,7.6e-36,124.3
NP_418707.1,AAA_21,PF13304,1.5e-12,48.7
NP_418707.1,AAA_29,PF13555,1e-06,29.0
NP_418708.1,FecCD,PF01032,1.4e-92,310.6
NP_418709.1,FecCD,PF01032,5.7e-86,288.9
NP_418709.1,ABC-3,PF00950,3.4e-06,27.4
NP_418710.4,Peripla_BP_2,PF01497,2.8e-28,99.5
NP_418711.1,TonB_dep_Rec_b-barrel,PF00593,2.7e-51,176.4
NP_418711.1,Plug,PF07715,2.2e-20,73.7
NP_418711.1,STN,PF07660,4.2e-11,43.0
NP_418711.1,OMP_b-brl_3,PF14905,2.5e-09,37.2
NP_418712.1,FecR,PF04773,4.8e-16,59.6
NP_418712.1,DUF4880,PF16220,3.7e-10,40.1
NP_418713.1,Sigma70_r4_2,PF08281,1e-15,57.7
NP_418713.1,Sigma70_r2,PF04542,3.1e-13,49.9
NP_418713.1,Sigma70_r4,PF04545,4e-08,33.2
NP_418713.1,Sigma70_ECF,PF07638,0.00013,22.5
NP_418714.1,HTH_Tnp_IS1,PF12759,4.7e-29,100.3
NP_418714.1,Zn_ribbon_InsA,PF03811,3.8e-19,68.7
NP_418715.2,Sugar-bind,PF04198,1e-79,268.0
NP_418716.1,GntP_permease,PF02447,1.6e-181,604.4
NP_418716.1,CitMHS,PF03600,1.1e-16,61.5
NP_418717.1,ILVD_EDD_N,PF00920,6e-69,233.2
NP_418717.1,ILV_EDD_C,PF24877,6.9e-40,137.1
NP_418718.4,DHDPS,PF00701,8.6e-112,373.2
NP_418719.1,IclR_C,PF01614,6e-63,212.2
NP_418720.1,DeoRC,PF00455,1.2e-47,162.4
NP_418720.1,HTH_DeoR,PF08220,9.5e-22,77.1
NP_418721.1,Ribul_P_3_epim,PF00834,3.3e-75,252.4
NP_418722.1,PTS_EIIA_2,PF00359,3e-26,92.7
NP_418723.1,BtpA,PF03437,8.4e-111,370.1
NP_418724.1,EIIC-GAT,PF03611,1.4e-72,245.6
NP_418725.4,Peptidase_M42,PF05343,1e-90,304.3
NP_418726.1,Methyltransf_25,PF13649,1.3e-10,42.4
NP_418726.1,Methyltransf_31,PF13847,5.6e-10,39.8
NP_418726.1,Methyltransf_11,PF08241,2.4e-08,35.1
NP_418726.1,Methyltransf_23,PF13489,6.4e-07,29.8
NP_418726.1,CMAS,PF02353,6.6e-07,29.5
NP_418726.1,PCMT,PF01135,2.6e-06,28.0
NP_418726.1,MetW,PF07021,0.00019,21.7
NP_418727.1,Acetyltransf_1,PF00583,5.3e-12,46.6
NP_418727.1,Acetyltransf_7,PF13508,6.4e-09,36.7
NP_418729.1,SASA,PF03629,1.7e-13,51.4
NP_418730.4,NANM,PF24996,2.4e-117,392.3
NP_418730.4,Kelch_KLHDC2_KLHL20_DRC7,PF24681,7e-21,75.1
NP_418730.4,Beta-prop_ATRN-LZTR1,PF24981,1.7e-14,54.4
NP_418730.4,Kelch_2,PF07646,2.6e-13,49.8
NP_418730.4,Kelch_1,PF01344,3.6e-13,49.3
NP_418731.2,KdgM,PF06178,1.4e-28,100.7
NP_418732.1,Phage_integrase,PF00589,2.5e-58,197.2
NP_418733.1,Phage_integrase,PF00589,7.3e-56,189.2
NP_418734.1,Fimbrial,PF00419,1.7e-33,116.6
NP_418735.2,Fimbrial,PF00419,3.3e-35,122.2
NP_418736.3,PapD_N,PF00345,2.9e-38,131.2
NP_418736.3,PapD_C,PF02753,1.3e-10,42.0
NP_418737.1,Usher,PF00577,1.1e-228,761.1
NP_418737.1,PapC_N,PF13954,2.8e-50,170.7
NP_418737.1,PapC_C,PF13953,1.4e-25,89.5
NP_418738.1,Fimbrial,PF00419,8.2e-29,101.5
NP_418740.1,FimH_man-bind,PF09160,2.5e-58,196.4
NP_418740.1,Fimbrial,PF00419,1.5e-07,32.5
NP_418741.1,GntP_permease,PF02447,1.1e-165,552.3
NP_418741.1,CitMHS,PF03600,5.1e-11,42.8
NP_418742.1,UxuA,PF03786,9.1e-161,535.1
NP_418742.1,AP_endonuc_2,PF01261,3.9e-09,37.1
NP_418743.1,Mannitol_dh_C,PF08125,4.2e-75,252.0
NP_418743.1,Mannitol_dh,PF01232,4.4e-70,236.3
NP_418744.1,GntR,PF00392,3.7e-23,81.5
NP_418744.1,FCD,PF07729,2.7e-22,80.1
NP_418745.3,DUF2686,PF10887,2e-165,549.3
NP_418746.4,GPW_gp25,PF04965,7.5e-14,51.9
NP_418747.1,LysR_substrate,PF03466,1.4e-26,93.8
NP_418747.1,HTH_1,PF00126,3.3e-16,59.6
NP_418748.1,Amidohydro_3,PF07969,1.1e-11,45.5
NP_418748.1,Amidohydro_1,PF01979,8.7e-10,38.9
NP_418749.1,Gate,PF07670,5.4e-12,46.7
NP_418750.2,Gate,PF07670,2.8e-08,34.7
NP_418751.4,PTS_2-RNA,PF01885,3.4e-47,161.4
NP_418752.1,MFS_4,PF06779,2.6e-143,478.4
NP_418752.1,MFS_1,PF07690,3.2e-18,66.4
NP_418753.3,SdiA-regulated,PF06977,8.8e-95,317.2
NP_418753.3,Phytase-like,PF13449,2.1e-07,31.7
NP_418754.2,BcrAD_BadFG,PF01869,1.2e-76,258.4
NP_418755.4,HGD-D,PF06050,4.4e-122,408.4
NP_418756.1,DUF445,PF04286,2.9e-119,399.8
NP_418757.1,MFS_1,PF07690,3.2e-31,109.1
NP_418757.1,Sugar_tr,PF00083,6.6e-09,35.7
NP_418760.1,Aminotran_1_2,PF00155,2.6e-38,132.8
NP_418760.1,GntR,PF00392,6.6e-16,58.3
NP_418760.1,HTH_41,PF14502,2.9e-06,27.2
NP_418761.1,YjiS-like,PF06568,3.4e-14,52.9
NP_418765.1,McrBC,PF10117,2.4e-27,96.3
NP_418766.4,AAA_5,PF07728,4e-32,111.7
NP_418766.4,McrB_lid,PF28529,2.9e-20,72.6
NP_418766.4,MrcB_N,PF12102,1.2e-06,28.8
NP_418766.4,AAA,PF00004,4.3e-06,27.8
NP_418766.4,Mg_chelatase,PF01078,0.00022,21.3
NP_418767.4,SymE_toxin,PF08845,7.1e-22,77.8
NP_418768.1,Methylase_S,PF01420,6.4e-24,85.6
NP_418769.1,N6_Mtase,PF02384,1.7e-94,317.3
NP_418769.1,HsdM_N,PF12161,1e-07,33.2
NP_418769.1,Eco57I,PF07669,1.6e-05,25.6
NP_418770.2,ResIII,PF04851,1.5e-36,126.3
NP_418770.2,EcoEI_R_C,PF08463,4e-31,108.9
NP_418770.2,SWI2_SNF2,PF18766,3.2e-15,57.0
NP_418770.2,DEAD,PF00270,1.8e-11,44.6
NP_418770.2,Helicase_C,PF00271,8e-10,39.5
NP_418771.1,Mrr_cat,PF04471,2.7e-39,134.5
NP_418771.1,Mrr_N,PF14338,1.3e-20,73.9
NP_418771.1,NA-iREase1,PF22722,2.7e-10,40.8
NP_418772.4,cobW,PF02492,3.9e-55,186.9
NP_418772.4,CobW_C,PF07683,3.9e-21,75.3
NP_418773.1,Sel_put,PF04328,3.2e-27,95.0
NP_418774.2,CstA,PF02554,6e-242,804.9
NP_418775.1,MCPsignal,PF00015,1.3e-62,211.3
NP_418775.1,TarH,PF02203,6.6e-55,186.3
NP_418775.1,HAMP,PF00672,2.3e-12,47.6
NP_418776.1,MFS_1,PF07690,4.6e-62,210.5
NP_418778.4,ADH_N,PF08240,1.4e-28,99.8
NP_418778.4,ADH_zinc_N,PF00107,1.2e-25,90.5
NP_418778.4,Glu_dehyd_C,PF16912,2.3e-10,40.9
NP_418778.4,ADH_zinc_N_2,PF13602,4.9e-07,31.3
NP_418778.4,AlaDh_PNT_C,PF01262,1.4e-06,28.5
NP_418779.2,DUF7024,PF22895,3.4e-66,222.2
NP_418779.2,Sulfatase,PF00884,2.9e-24,86.5
NP_418780.2,DUF2501,PF10696,4.5e-31,107.5
NP_418781.1,IstB_IS21,PF01695,2e-14,54.3
NP_418781.1,Bac_DnaA,PF00308,1.5e-06,29.0
NP_418781.1,AAA,PF00004,2.4e-06,28.6
NP_418782.1,DnaT,PF17948,2.5e-21,75.8
NP_418783.2,ThrE_2,PF12821,4.4e-33,114.9
NP_418784.4,ThrE,PF06738,9.9e-69,232.0
NP_418785.1,GerE,PF00196,7.4e-08,32.5
NP_418786.4,GerE,PF00196,1.5e-12,47.5
NP_418787.1,FhuF,PF06276,1.2e-26,94.7
NP_418787.1,FhuF_C,PF11575,4.5e-07,30.2
NP_418788.1,MTS,PF05175,5e-63,212.3
NP_418788.1,MTS_N,PF08468,4.6e-57,193.1
NP_418788.1,Methyltransf_25,PF13649,2.4e-11,44.8
NP_418788.1,Methyltransf_12,PF08242,8.5e-10,39.8
NP_418788.1,Methyltransf_31,PF13847,6e-10,39.7
NP_418788.1,PrmA,PF06325,1.6e-08,35.0
NP_418788.1,Methyltransf_11,PF08241,3.3e-06,28.2
NP_418789.1,DNA_III_psi,PF03603,5.5e-47,159.8
NP_418790.1,Acetyltransf_1,PF00583,4.5e-22,79.1
NP_418790.1,Acetyltransf_7,PF13508,8.4e-16,58.7
NP_418790.1,Acetyltransf_10,PF13673,8.6e-14,52.2
NP_418790.1,FR47,PF08445,3e-12,46.9
NP_418790.1,GNAT_acetyltran,PF12746,2.6e-09,37.6
NP_418790.1,Acetyltransf_4,PF13420,4.1e-08,34.0
NP_418790.1,Acetyltransf_9,PF13527,1.5e-05,25.6
NP_418790.1,Acetyltransf_6,PF13480,2.9e-05,24.8
NP_418791.1,Hydrolase,PF00702,5.9e-26,92.6
NP_418791.1,HAD_2,PF13419,5.8e-18,66.1
NP_418791.1,Hydrolase_like,PF13242,2.5e-12,47.1
NP_418792.1,GTP_EFTU,PF00009,2.4e-48,164.8
NP_418792.1,RF3_C,PF16658,6e-48,162.6
NP_418792.1,EF-G_D2,PF22042,5.6e-25,87.9
NP_418792.1,GTP_EFTU_D2,PF03144,1.1e-13,51.9
NP_418792.1,MMR_HSR1,PF01926,3.5e-05,24.5
NP_418793.1,BON,PF04972,1e-40,138.4
NP_418793.1,Yop-YscD_ppl_1st,PF16693,2.3e-05,24.7
NP_418794.1,Patatin,PF01734,1.2e-23,84.9
NP_418794.1,DUF6363,PF19890,1.1e-22,80.2
NP_418796.1,Radical_SAM,PF04055,1.6e-14,55.0
NP_418796.1,Fer4_12,PF13353,3.2e-11,44.3
NP_418796.1,Fer4_9,PF13187,1.1e-06,29.2
NP_418796.1,Fer4_7,PF12838,5.9e-06,27.2
NP_418796.1,Fer4,PF00037,3.1e-05,24.2
NP_418797.1,YjjI-like,PF11230,4.7e-223,741.6
NP_418798.1,DeoC,PF01791,4.8e-49,167.6
NP_418799.1,Glycos_transf_3,PF00591,2.1e-61,208.4
NP_418799.1,PYNP_C,PF07831,3.1e-25,88.2
NP_418799.1,Glycos_trans_3N,PF02885,2.1e-19,69.7
NP_418800.1,Metalloenzyme,PF01676,3.1e-57,194.6
NP_418801.1,PNP_UDP_1,PF01048,1.7e-39,136.2
NP_418802.1,HipA_C,PF07804,8.8e-21,75.1
NP_418803.1,LplA-B_cat,PF21948,1.5e-61,208.4
NP_418803.1,Lip_prot_lig_C,PF10437,9.2e-20,70.9
NP_418803.1,BPL_LplA_LipB,PF03099,1.6e-09,38.3
NP_418804.1,SMP_2,PF10144,4.7e-69,231.7
NP_418805.1,HAD,PF12710,5.2e-20,73.2
NP_418805.1,Hydrolase,PF00702,6.7e-20,72.9
NP_418805.1,DUF5609,PF18429,5.6e-19,68.3
NP_418805.1,Hydrolase_3,PF08282,7.6e-15,55.9
NP_418806.1,ATPase,PF06745,7.1e-18,65.4
NP_418806.1,AAA_25,PF13481,3.3e-15,56.8
NP_418806.1,Zn_ribbon_LapB,PF18073,7.5e-11,42.1
NP_418806.1,ChlI,PF13541,2e-09,38.0
NP_418806.1,DnaB_C,PF03796,1.9e-08,34.6
NP_418806.1,DUF7125,PF23442,9.4e-08,32.4
NP_418806.1,Lon_C,PF05362,1.2e-07,32.1
NP_418806.1,Rad51,PF08423,6.9e-05,22.8
NP_418807.4,AAA_28,PF13521,2.1e-30,106.7
NP_418807.4,HTH_3,PF01381,1.9e-09,38.0
NP_418807.4,CTP_transf_like,PF01467,4.2e-05,24.3
NP_418808.1,ABC_tran,PF00005,5e-59,199.4
NP_418808.1,AAA_21,PF13304,4.7e-14,53.6
NP_418808.1,ABC_tran_Xtn,PF12848,5.9e-12,46.1
NP_418808.1,MMR_HSR1,PF01926,3.8e-05,24.3
NP_418809.4,SLT,PF01464,4.7e-36,123.5
NP_418809.4,SLT_L,PF14718,2.6e-23,82.6
NP_418809.4,SLT_superhelical,PF27553,1.7e-17,63.5
NP_418810.1,Trp_repressor,PF01371,8.7e-29,100.0
NP_418811.2,NTPase_I-T,PF01931,2.4e-56,190.7
NP_418812.1,His_Phos_1,PF00300,1.9e-57,194.7
NP_418813.1,GyrI-like,PF06445,4.7e-25,89.2
NP_418813.1,HTH_18,PF12833,1.5e-19,70.6
NP_418813.1,HTH_AraC,PF00165,4.8e-14,52.7
NP_418813.1,Cass2,PF14526,7.1e-07,30.1
NP_418814.1,CreA,PF05981,8.9e-58,194.5
NP_418815.1,Response_reg,PF00072,2.1e-27,96.1
NP_418815.1,Trans_reg_C,PF00486,3.9e-24,85.1
NP_418816.1,HATPase_c,PF02518,2.6e-22,80.0
NP_418816.1,HisKA,PF00512,1.2e-14,54.6
NP_418816.1,HAMP,PF00672,3.9e-11,43.7
NP_418817.1,CreD,PF06123,4.5e-147,490.9
NP_418818.1,Response_reg,PF00072,6.3e-28,97.7
NP_418818.1,Trans_reg_C,PF00486,6.7e-19,68.3
NP_418820.1,SpoU_methylase,PF00588,9.9e-28,97.6
YP_001165309.1,DUF3950,PF13132,2.7e-18,66.3
YP_001165313.1,YbgT_YccB,PF08173,9.4e-12,45.4
YP_001165314.1,YmgI,PF28591,2.1e-30,104.8
YP_001165315.1,YmgJ,PF28592,5e-45,151.8
YP_001165316.1,YciY,PF26518,2.6e-29,101.7
YP_001165317.1,YciZ,PF23675,4.1e-30,104.1
YP_001165318.1,YncL,PF28073,8.5e-20,70.8
YP_001165319.1,MgtS-like,PF22865,6.1e-22,77.8
YP_001165320.1,YdgU,PF28593,3.7e-16,59.1
YP_001165321.1,YnhF,PF28012,3.1e-14,53.2
YP_001165325.1,YpfM,PF28148,3.4e-15,56.0
YP_001165328.2,DinQ,PF28061,3.5e-13,50.0
YP_001165331.1,TisB_toxin,PF13939,2.8e-09,37.4
YP_001165332.1,YjbT,PF17089,1.5e-65,217.7
YP_001165334.1,Ytca,PF17090,1.9e-15,57.7
YP_002791237.1,SgrT,PF15894,1.4e-16,60.4
YP_002791238.1,YkgR,PF28062,6.1e-27,93.5
YP_002791241.1,RzoQ,PF28595,5.3e-35,120.2
YP_002791242.1,YoaK,PF28021,2.7e-19,69.2
YP_002791245.1,AzuC,PF28150,4e-19,68.7
YP_002791246.1,YoeI-like,PF28102,4.6e-16,58.9
YP_002791247.1,Ibs_toxin,PF13956,1.8e-13,50.6
YP_002791248.1,Ibs_toxin,PF13956,3.3e-11,43.4
YP_002791249.1,YohP,PF25659,2e-13,50.6
YP_002791250.1,YpdK,PF28022,1.6e-14,54.1
YP_002791255.1,Ibs_toxin,PF13956,8.8e-12,45.3
YP_002791256.1,Ibs_toxin,PF13956,1.7e-10,41.1
YP_002791257.1,Ibs_toxin,PF13956,2.2e-12,47.2
YP_002791258.1,YrbN,PF28071,7.1e-18,64.5
YP_002791260.1,YshB,PF28018,2.7e-20,72.6
YP_003933616.1,MGTL,PF17059,2.1e-10,40.5
YP_004831120.1,PmrR,PF28106,1.8e-21,76.3
YP_009029994.1,AllG,PF06545,7.9e-99,330.0
YP_009029995.1,MntS,PF26599,1.3e-27,95.6
YP_009518739.1,DDE_Tnp_IS1,PF03400,6.6e-78,260.0
YP_009518740.1,HTH_Tnp_IS1,PF12759,5.2e-31,106.6
YP_009518740.1,Zn_ribbon_InsA,PF03811,1.4e-21,76.4
YP_009518741.1,RVT_1,PF00078,9.5e-31,107.8
YP_009518742.1,CbeA_antitoxin,PF06154,1e-49,167.9
YP_009518743.1,DUF3987,PF13148,4e-08,33.4
YP_009518744.1,YagJ,PF27151,1.2e-59,201.2
YP_009518745.1,HTH_17,PF12728,2.6e-06,28.2
YP_009518746.1,LysR_substrate,PF03466,1.7e-14,54.3
YP_009518749.1,YkiC,PF23686,2.9e-31,107.8
YP_009518751.1,DNA_pol3_delta2,PF13177,1.1e-43,149.6
YP_009518751.1,DNA_pol3_gamma3,PF12169,8.5e-28,97.5
YP_009518751.1,DNAX_ATPase_lid,PF22608,5.2e-25,87.6
YP_009518751.1,AAA,PF00004,8.5e-12,46.2
YP_009518751.1,RuvB_N,PF05496,2.2e-06,28.1
YP_009518751.1,AAA_22,PF13401,4.5e-06,27.6
YP_009518751.1,AAA_5,PF07728,3.1e-05,24.6
YP_009518752.1,HMA,PF00403,3e-13,50.5
YP_009518753.1,HTH_29,PF13551,2.3e-20,73.0
YP_009518753.1,HTH_28,PF13518,5.6e-06,26.9
YP_009518753.1,HTH_23,PF13384,1.1e-05,25.6
YP_009518754.1,YlcJ,PF23688,2.2e-34,118.0
YP_009518755.1,Caudo_TAP,PF02413,3.2e-45,154.0
YP_009518756.1,Caudo_TAP,PF02413,9e-07,29.7
YP_009518757.1,YldA,PF23689,2.5e-15,56.7
YP_009518758.1,DDE_Tnp_1_assoc,PF13808,3.7e-27,94.9
YP_009518759.1,YbgU,PF23495,4.2e-30,103.9
YP_009518761.1,YmcF-like,PF23641,2.4e-31,107.9
YP_009518764.1,TerL_nuclease,PF20441,3.1e-34,119.1
YP_009518764.1,HTH_36,PF13730,1.1e-10,41.7
YP_009518764.1,TerL_ATPase,PF03354,4e-09,37.0
YP_009518764.1,GntR,PF00392,5.7e-07,29.7
YP_009518765.1,Phage_portal,PF04860,7.6e-23,81.7
YP_009518767.1,YmgL,PF23691,2.5e-29,101.4
YP_009518768.1,YmgM,PF23693,4.2e-43,146.2
YP_009518770.2,DDE_Tnp_1,PF01609,8e-36,124.3
YP_009518770.2,DUF772,PF05598,3.9e-25,88.8
YP_009518771.1,YmiC,PF23694,1.3e-18,67.1
YP_009518772.1,YmjE,PF23692,1e-43,147.6
YP_009518775.1,YnaL,PF23677,4.1e-18,65.4
YP_009518776.1,DUF1627,PF07789,4e-34,118.2
YP_009518776.1,FeoC,PF09012,0.00038,21.1
YP_009518777.1,Phage_YdaY,PF27119,4.4e-27,94.7
YP_009518778.1,TMP_2,PF06791,4.5e-17,63.0
YP_009518779.1,YnaM,PF23676,6.9e-27,93.4
YP_009518780.1,YncO,PF23695,6.5e-45,151.4
YP_009518781.1,LRR_4,PF12799,5.1e-20,71.6
YP_009518781.1,LRR_8,PF13855,8.7e-13,48.4
YP_009518781.1,LRR_1,PF00560,1.2e-07,31.0
YP_009518782.1,Porin_1,PF00267,2.4e-23,83.7
YP_009518784.1,YneP,PF23696,1.8e-34,117.8
YP_009518785.1,Usher,PF00577,1.8e-77,262.0
YP_009518785.1,PapC_C,PF13953,8.4e-23,80.6
YP_009518786.1,MFS_1,PF07690,2.9e-37,129.0
YP_009518786.1,Sugar_tr,PF00083,6.6e-25,88.5
YP_009518786.1,MFS_2,PF13347,5.1e-07,29.2
YP_009518787.1,YnaM,PF23676,6.9e-27,93.4
YP_009518788.1,Phage_Nu1,PF07471,3e-101,336.5
YP_009518790.1,YmcF-like,PF23641,1.6e-29,102.1
YP_009518791.1,YnfS,PF23697,5.2e-23,80.9
YP_009518793.1,YdaT_toxin,PF06254,6.4e-18,65.7
YP_009518795.2,YoaL,PF22867,8.8e-34,116.2
YP_009518796.1,YecU,PF23680,2e-44,150.3
YP_009518797.1,DUF5983_N,PF25638,2.3e-29,101.4
YP_009518798.1,PduV-EutP,PF10662,7e-13,49.2
YP_009518799.1,WGR,PF05406,1.4e-16,61.0
YP_009518800.1,SWIM,PF04434,1.4e-07,31.5
YP_009518801.1,YojO,PF28594,2.5e-43,146.4
YP_009518803.1,Dam,PF05869,2.7e-23,83.1
YP_009518808.1,DUF5508,PF17621,1.9e-187,621.2
YP_009518809.1,DUF5507,PF17612,6.5e-111,367.8
YP_009518813.1,YqfI,PF23690,8.1e-22,77.3
YP_009518816.1,YqhI,PF23678,2e-21,75.6
YP_009518821.1,Imm57,PF15596,1.1e-48,164.1
YP_009518822.1,RNase_PH,PF01138,2e-30,106.4
YP_009518822.1,RNase_PH_C,PF03725,1.8e-14,54.0
YP_009518824.1,PTS_EIIB,PF00367,3.4e-13,49.3
YP_009518825.1,PTS_EIIC,PF02378,2.1e-71,241.2
YP_009518826.1,YsdD,PF23700,2.1e-22,78.5
YP_009518830.1,YtiC,PF23685,5.4e-27,93.8
YP_009518833.1,Se_S_carrier,PF11823,2.4e-13,49.9
YP_009518834.1,YjiT_N,PF27201,6.7e-48,162.6
YP_009518834.1,YjiT_2nd,PF27205,2.3e-31,108.8
YP_010051172.1,Transgly,PF00912,1.5e-56,191.2
YP_010051172.1,UB2H,PF14814,1.4e-25,89.8
YP_010051172.1,Transpeptidase,PF00905,2.1e-24,86.9
YP_010051174.1,ArgL-like,PF22864,6.5e-26,90.2
YP_010051180.1,SIR2,PF02146,3.4e-54,184.1
YP_010051182.1,YmiD,PF23497,2.1e-35,121.0
YP_010051185.1,MgtT,PF23498,6.8e-28,96.3
YP_010051186.1,YnfU,PF23499,3.9e-31,107.3
YP_010051187.1,YdgV,PF23502,2.4e-22,79.4
YP_010051190.1,YodE,PF23504,1.6e-37,127.5
YP_010051192.1,PssL,PF22869,3.4e-09,36.0
YP_010051194.1,AAA_2,PF07724,2.4e-72,242.9
YP_010051194.1,AAA_lid_9,PF17871,5.4e-35,120.0
YP_010051194.1,ClpB_D2-small,PF10431,2.8e-29,101.5
YP_010051194.1,AAA,PF00004,5.8e-27,95.3
YP_010051194.1,AAA_5,PF07728,6.7e-19,68.9
YP_010051194.1,AAA_16,PF13191,1.9e-12,48.6
YP_010051194.1,AAA_22,PF13401,6.9e-11,43.2
YP_010051194.1,Sigma54_activat,PF00158,1.4e-09,38.4
YP_010051194.1,NBD_SMAX1,PF23569,2e-07,31.6
YP_010051194.1,nSTAND3,PF20720,3.7e-06,27.3
YP_010051194.1,TniB,PF05621,3.3e-06,27.3
YP_010051195.1,YqgG,PF23505,2.5e-29,101.7
YP_010051196.1,YqgH,PF23506,1.1e-18,66.8
YP_010051197.1,GspL_C,PF12693,1.5e-49,168.5
YP_010051199.1,T2SSC,PF11356,5.2e-35,120.9
YP_010051200.1,YqiM,PF23507,1e-22,79.6
YP_010051203.1,YhiY,PF23514,6.8e-30,103.1
YP_010051208.1,YibX,PF22870,6e-57,190.5
YP_010051209.1,YibX,PF22870,2.8e-12,47.3
YP_010051210.1,YibY,PF23515,2e-29,101.3
YP_010051213.1,YsgD,PF28199,1.7e-13,49.3
YP_010051216.1,YthB,PF23516,7.3e-26,89.9
YP_010051217.1,AAA_5,PF07728,1.7e-32,112.9
YP_010051217.1,McrB_lid,PF28529,1.6e-20,73.5
YP_010051217.1,AAA,PF00004,1.7e-06,29.1
YP_010051217.1,nSTAND3,PF20720,3.6e-06,27.4
YP_010051217.1,Mg_chelatase,PF01078,0.00013,22.0
YP_010283910.1,YnhH-like,PF23642,7.2e-50,167.6
YP_010283911.1,CheW,PF01584,9.9e-31,106.8
YP_010283911.1,H-kinase_dim,PF02895,4.5e-21,75.7
YP_010283911.1,Hpt,PF01627,1.8e-19,70.3
YP_010283911.1,HATPase_c,PF02518,1.7e-18,67.6
YP_010283911.1,CheY-binding,PF09078,9e-17,61.5
YP_010283913.1,YpeD-like,PF23644,2.9e-24,84.6
YP_010283915.1,IF-2,PF11987,2.8e-43,147.2
YP_010283915.1,GTP_EFTU,PF00009,2.4e-39,135.5
YP_010283915.1,EF-G_D2,PF22042,2.2e-29,102.0
YP_010283915.1,IF2_N,PF04760,2.4e-15,56.7
YP_010283915.1,GTP_EFTU_D2,PF03144,1.4e-12,48.4
YP_010283915.1,MMR_HSR1,PF01926,8.5e-11,42.6
YP_010283915.1,Ras,PF00071,5.4e-06,26.7
YP_010283915.1,Arf,PF00025,1.1e-05,25.5
YP_010283916.1,IF-2,PF11987,2.8e-43,147.1
YP_010283916.1,GTP_EFTU,PF00009,2.5e-39,135.4
YP_010283916.1,EF-G_D2,PF22042,2.1e-29,102.0
YP_010283916.1,IF2_N,PF04760,2.3e-15,56.7
YP_010283916.1,GTP_EFTU_D2,PF03144,1.4e-12,48.4
YP_010283916.1,MMR_HSR1,PF01926,8.4e-11,42.6
YP_010283916.1,Ras,PF00071,5.4e-06,26.7
YP_010283916.1,Arf,PF00025,1.2e-05,25.5
YP_025292.1,HOK_GEF,PF01848,2e-24,85.5
YP_025293.1,MFS_1,PF07690,2.2e-41,142.6
YP_025294.2,TPP_enzyme_C,PF02775,3.2e-55,186.7
YP_025294.2,TPP_enzyme_M,PF00205,2e-49,167.4
YP_025294.2,TPP_enzyme_N,PF02776,1.8e-40,138.0
YP_025295.1,HOK_GEF,PF01848,9.3e-08,32.1
YP_025297.1,Ldr_toxin,PF13940,8.1e-24,83.6
YP_025298.1,Ldr_toxin,PF13940,4.1e-24,84.5
YP_025299.1,Ldr_toxin,PF13940,8.1e-24,83.6
YP_025300.1,ABC_tran,PF00005,1e-29,104.5
YP_025300.1,oligo_HPY,PF08352,7.7e-22,78.0
YP_025300.1,AAA_21,PF13304,2.7e-07,31.5
YP_025301.1,HOK_GEF,PF01848,1.2e-23,83.0
YP_025302.1,Mannitol_dh_C,PF08125,2.1e-60,204.1
YP_025302.1,Mannitol_dh,PF01232,2.3e-51,175.2
YP_025303.1,Blr_divisome,PF24673,1.6e-25,88.9
YP_025304.1,Rick_17kDa_Anti,PF05433,3.3e-07,30.6
YP_025305.1,Aldo_ket_red,PF00248,2.5e-46,158.6
YP_025306.1,MFS_1,PF07690,5.3e-47,161.0
YP_025306.1,Sugar_tr,PF00083,3.7e-09,36.6
YP_025307.1,MatE,PF01554,1.4e-74,249.7
YP_025308.1,Catalase,PF00199,7.8e-178,592.0
YP_025308.1,Catalase-rel,PF06628,4e-19,69.1
YP_025308.1,Catalase_C,PF18011,1.4e-13,51.3
YP_025309.2,CutC,PF03932,1.5e-91,305.9
YP_025310.1,SRAP,PF02586,4.2e-52,177.4
YP_026160.1,UPF0253,PF06786,8.1e-34,116.4
YP_026161.1,ProQ,PF04352,4.3e-41,139.9
YP_026161.1,ProQ_C,PF17516,3.5e-24,84.5
YP_026162.2,BPD_transp_2,PF02653,2.9e-41,142.0
YP_026163.2,HTH_Tnp_1,PF01527,4.6e-18,65.8
YP_026164.1,AIDA,PF16168,1.9e-56,188.6
YP_026164.1,AC_1,PF18883,1.8e-20,73.8
YP_026164.1,Autotransporter,PF03797,7.1e-19,69.1
YP_026164.1,ESPR,PF13018,8.3e-15,55.6
YP_026168.2,BPD_transp_1,PF00528,2.8e-14,53.8
YP_026169.1,Aminotran_5,PF00266,9.4e-90,301.8
YP_026170.1,GATase_5,PF13507,2.6e-108,361.6
YP_026170.1,FGAR-AT_PurM_N-like,PF22689,3e-83,277.9
YP_026170.1,AIRS_C,PF02769,1e-49,169.3
YP_026170.1,FGAR-AT_N,PF18076,3.9e-46,156.3
YP_026170.1,FGAR-AT_linker,PF18072,1.5e-22,80.4
YP_026171.3,CNNM,PF01595,1e-53,182.3
YP_026171.3,CorC_HlyC,PF03471,3.7e-19,69.1
YP_026171.3,CBS,PF00571,1.1e-08,35.8
YP_026172.1,SMC_N,PF02463,5.6e-19,69.0
YP_026172.1,AAA_23,PF13476,1.2e-16,62.6
YP_026173.1,MMR_HSR1,PF01926,1.1e-15,58.3
YP_026173.1,Dynamin_N,PF00350,6.2e-11,43.2
YP_026180.1,EII-GUT,PF03608,1e-74,250.7
YP_026181.1,EIIBC-GUT_N,PF03612,4.5e-65,219.4
YP_026181.1,EIIBC-GUT_C,PF07663,4.9e-44,149.0
YP_026182.1,PTS_EIIC,PF02378,1.4e-42,146.5
YP_026182.1,PTS_EIIB,PF00367,1.7e-15,56.7
YP_026183.1,FAD_binding_4,PF01565,4.6e-36,124.2
YP_026183.1,FAD-oxidase_C,PF02913,4.8e-19,69.6
YP_026185.1,OTCace_N,PF02729,1.1e-23,84.6
YP_026185.1,OTCace,PF00185,2e-19,70.8
YP_026186.1,Xan_ur_permease,PF00860,1.4e-80,271.5
YP_026187.1,ADH_zinc_N,PF00107,3.3e-17,63.2
YP_026187.1,ADH_N,PF08240,6.1e-09,36.7
YP_026188.1,Transketolase_N,PF00456,4.4e-175,582.0
YP_026188.1,Transket_pyr,PF02779,7.7e-53,179.3
YP_026188.1,Transketolase_C_1,PF22613,1.6e-43,148.1
YP_026188.1,Transketolase_C,PF02780,9.1e-21,74.6
YP_026188.1,DXP_synthase_N,PF13292,2.3e-07,31.0
YP_026189.1,DUF4092,PF13322,1.1e-95,319.0
YP_026189.1,AcfD_helical,PF26759,6.5e-69,230.8
YP_026189.1,Peptidase_M60,PF13402,1.9e-37,129.8
YP_026189.1,M60-like_N,PF17291,4e-12,46.6
YP_026190.1,CCG,PF02754,8.9e-31,106.4
YP_026190.1,Fer4_8,PF13183,1.2e-12,48.8
YP_026190.1,Fer4_17,PF13534,1.8e-11,45.0
YP_026190.1,Fer4_7,PF12838,2.5e-10,41.2
YP_026190.1,Fer4_10,PF13237,3e-08,34.0
YP_026190.1,Fer4_16,PF13484,6.4e-07,30.6
YP_026190.1,Fer4_9,PF13187,4.1e-07,30.5
YP_026190.1,Fer4_6,PF12837,4.9e-07,30.0
YP_026190.1,Fer4,PF00037,1.2e-05,25.4
YP_026191.1,FAD_binding_4,PF01565,1.6e-17,64.1
YP_026192.1,Polysacc_synt,PF01943,5.6e-09,36.4
YP_026192.1,Polysacc_synt_3,PF13440,9.1e-08,32.3
YP_026195.1,DUF3828,PF12883,2.5e-46,157.5
YP_026195.1,Mtb12_C,PF26580,1.4e-06,29.2
YP_026196.1,Radical_SAM_N,PF08497,2.2e-143,477.5
YP_026196.1,DUF3362,PF11842,4.5e-40,137.9
YP_026196.1,Radical_SAM,PF04055,8.1e-12,46.2
YP_026197.1,GyrI-like,PF06445,1.1e-36,127.0
YP_026197.1,Cass2,PF14526,1.8e-07,32.1
YP_026199.1,Glyco_hydro_2_C,PF02836,1.3e-124,415.9
YP_026199.1,Bgal_small_N,PF02929,4.1e-70,236.9
YP_026199.1,Glyco_hydro_2_N,PF02837,2.8e-53,181.0
YP_026199.1,Glyco_hydro_2,PF00703,1.2e-20,74.8
YP_026199.1,LacZ_4,PF16353,1.2e-19,70.9
YP_026199.1,Glyco_hydro_2_N2,PF22666,6.4e-08,33.4
YP_026200.1,AA_permease_2,PF13520,2.1e-32,113.1
YP_026200.1,AA_permease,PF00324,1.2e-16,61.1
YP_026201.1,TerC,PF03741,8.7e-54,182.5
YP_026202.1,SDH_alpha,PF03313,3.3e-56,191.4
YP_026204.1,SDH_alpha,PF03313,7.4e-95,318.1
YP_026204.1,SDH_beta,PF03315,5.7e-56,189.7
YP_026205.1,PFL-like,PF02901,4.2e-208,693.7
YP_026205.1,Gly_radical,PF01228,4.3e-36,124.2
YP_026207.1,HATPase_c,PF02518,4.8e-32,111.3
YP_026207.1,HKR_ArcB_TM,PF18415,2.9e-30,105.3
YP_026207.1,Response_reg,PF00072,9.1e-23,81.1
YP_026207.1,PAS,PF00989,4e-18,66.0
YP_026207.1,HisKA,PF00512,6.7e-18,65.1
YP_026207.1,PAS_4,PF08448,4.2e-15,56.5
YP_026207.1,Hpt,PF01627,7.6e-14,52.3
YP_026207.1,HATPase_c_3,PF13589,1.3e-05,25.8
YP_026208.1,YhdP,PF13116,0.0,1306.8
YP_026209.1,BPD_transp_1,PF00528,2.2e-16,60.7
YP_026210.1,Zn_ribbon_Top1,PF01396,6.6e-54,180.0
YP_026210.1,CoiA_N,PF25164,5.8e-06,26.3
YP_026211.1,DNA_processg_A,PF02481,7.4e-72,241.6
YP_026211.1,SAM_SMF,PF25317,1e-20,74.3
YP_026211.1,WHD_DprA,PF17782,2.4e-11,44.1
YP_026212.2,Form_Nir_trans,PF01226,7.1e-59,199.7
YP_026213.1,AP_endonuc_2,PF01261,1.1e-45,156.9
YP_026214.1,YhfZ_C,PF14503,3.9e-84,282.3
YP_026214.1,HTH_41,PF14502,5.9e-19,67.8
YP_026215.2,SKI,PF01202,1.6e-59,201.1
YP_026215.2,AAA_18,PF13238,8.8e-09,36.5
YP_026215.2,AAA_33,PF13671,2.7e-07,31.6
YP_026216.2,GreA_GreB_N,PF03449,7.5e-27,94.0
YP_026216.2,GreA_GreB,PF01272,1.1e-23,83.6
YP_026217.1,GntP_permease,PF02447,4.9e-189,629.2
YP_026217.1,CitMHS,PF03600,3.7e-16,59.7
YP_026218.1,Phosphorylase,PF00343,2.1e-313,1041.7
YP_026219.1,RTC,PF01137,9.7e-81,270.7
YP_026219.1,RTC_insert,PF05189,9.5e-13,49.0
YP_026220.1,Rhomboid,PF01694,3.7e-31,108.8
YP_026220.1,Rhomboid_N,PF12122,7.8e-31,106.8
YP_026221.1,GntP_permease,PF02447,2.2e-168,561.2
YP_026221.1,CitMHS,PF03600,1.6e-10,41.2
YP_026222.1,Peripla_BP_1,PF00532,2.9e-32,112.9
YP_026222.1,Peripla_BP_3,PF13377,3.1e-24,86.5
YP_026222.1,LacI,PF00356,8.8e-19,67.6
YP_026222.1,Peripla_BP_4,PF13407,5.3e-11,43.1
YP_026223.1,Peripla_BP_6,PF13458,4e-51,175.3
YP_026223.1,ANF_receptor,PF01094,4e-24,85.9
YP_026223.1,Peripla_BP_5,PF13433,5.2e-17,62.6
YP_026224.1,RHS_repeat,PF05593,1.2e-68,226.9
YP_026224.1,DUF4329,PF14220,7.8e-39,132.8
YP_026224.1,TEN_YD-shell,PF25023,5.2e-38,131.3
YP_026224.1,DUF6531,PF20148,7.3e-18,65.3
YP_026224.1,RHS,PF03527,1e-16,61.1
YP_026225.1,ABC_tran,PF00005,3.5e-60,203.1
YP_026225.1,ABC2_membrane_3,PF12698,7.8e-40,137.6
YP_026225.1,AAA_21,PF13304,6.3e-20,72.9
YP_026225.1,ABC2_membrane,PF01061,1.3e-17,64.7
YP_026225.1,ABC2_membrane_2,PF12679,3.5e-10,40.2
YP_026226.4,BCSC_C,PF05420,1.7e-120,402.9
YP_026226.4,TPR_19,PF14559,5.9e-35,120.0
YP_026226.4,TPR_14,PF13428,3.2e-19,68.1
YP_026226.4,TPR_16,PF13432,4.7e-16,59.5
YP_026226.4,TPR_2,PF07719,2.5e-16,58.9
YP_026226.4,TPR_7,PF13176,1.9e-11,43.6
YP_026226.4,TPR_8,PF13181,4.4e-11,42.6
YP_026226.4,TPR_12,PF13424,1.6e-09,38.4
YP_026226.4,ARM_TT21_5th,PF25064,6.1e-09,36.8
YP_026226.4,TPR_1,PF00515,2.2e-08,34.2
YP_026226.4,TPR_20,PF14561,6.4e-07,30.2
YP_026226.4,TPR_17,PF13431,8.2e-07,29.4
YP_026227.1,Ldr_toxin,PF13940,5.2e-24,84.2
YP_026228.1,OmpA,PF00691,3.6e-23,82.4
YP_026228.1,Gly-zipper_YMGG,PF13441,3.6e-16,59.5
YP_026228.1,Gly-zipper_Omp,PF13488,3.5e-11,43.4
YP_026229.1,HOK_GEF,PF01848,1.6e-21,76.2
YP_026230.1,Glucosaminidase,PF01832,1.4e-18,68.3
YP_026231.1,Aminotran_1_2,PF00155,4.3e-23,82.7
YP_026232.1,DctM,PF06808,1.8e-138,462.4
YP_026233.1,ADH_Fe_C,PF25137,1.7e-83,279.6
YP_026233.1,Fe-ADH,PF00465,4e-48,163.8
YP_026233.1,Fe-ADH_2,PF13685,8.7e-12,45.9
YP_026237.1,MR_MLE_C,PF13378,6.3e-62,209.7
YP_026237.1,MR_MLE_N,PF02746,5.9e-31,107.7
YP_026238.1,Aldolase,PF01081,2.3e-29,102.8
YP_026239.1,FCD,PF07729,3.2e-27,96.0
YP_026239.1,GntR,PF00392,3.2e-14,52.9
YP_026240.1,YidX_N,PF27265,8.1e-11,42.9
YP_026241.1,DNA_gyraseB,PF00204,1.1e-58,198.2
YP_026241.1,GyrB_insert,PF18053,8e-56,189.1
YP_026241.1,DNA_gyraseB_C,PF00986,1.3e-31,109.1
YP_026241.1,Toprim,PF01751,4.4e-19,69.0
YP_026241.1,GyrB_hook,PF21249,3.2e-19,68.8
YP_026241.1,HATPase_c,PF02518,6.9e-18,65.7
YP_026242.1,Glucosamine_iso,PF01182,1.3e-16,61.8
YP_026243.1,VWA_CoxE,PF05762,2.5e-10,40.8
YP_026243.1,VWA_2,PF13519,2.6e-08,35.0
YP_026244.1,K_trans,PF02705,2.6e-186,620.1
YP_026244.1,K_trans_C,PF22776,2.3e-49,167.6
YP_026245.1,FCD,PF07729,3.2e-21,76.6
YP_026245.1,GntR,PF00392,4.3e-19,68.5
YP_026246.1,HTH_1,PF00126,1.2e-21,77.0
YP_026246.1,LysR_substrate,PF03466,5.4e-13,49.4
YP_026247.1,Aminotran_4,PF01063,5.9e-52,177.4
YP_026248.1,ILVD_EDD_N,PF00920,1.2e-128,429.4
YP_026248.1,ILV_EDD_C,PF24877,7.2e-75,251.2
YP_026251.1,UvrD-helicase,PF00580,5e-92,309.0
YP_026251.1,UvrD_C,PF13361,2.7e-80,271.1
YP_026251.1,AAA_19,PF13245,1.6e-26,93.6
YP_026251.1,AAA_30,PF13604,1.3e-08,35.5
YP_026251.1,UvrD_C_2,PF13538,1.5e-08,34.9
YP_026251.1,Viral_helicase1,PF01443,6.9e-06,26.6
YP_026252.1,Ppx-GppA,PF02541,1.2e-106,356.9
YP_026252.1,Ppx-GppA_III,PF21447,1.7e-43,149.1
YP_026253.1,Epimerase_2,PF02350,2.6e-129,431.6
YP_026254.1,UDPG_MGDP_dh_N,PF03721,8.6e-61,205.4
YP_026254.1,UDPG_MGDP_dh,PF00984,5.4e-28,97.5
YP_026254.1,UDPG_MGDP_dh_C,PF03720,5.3e-19,69.1
YP_026254.1,NAD_binding_2,PF03446,2.2e-06,28.4
YP_026255.1,GDP_Man_Dehyd,PF16363,2.3e-93,313.9
YP_026255.1,Epimerase,PF01370,6.5e-75,252.2
YP_026255.1,Polysacc_synt_2,PF02719,6e-16,59.1
YP_026255.1,3Beta_HSD,PF01073,1.5e-14,54.3
YP_026255.1,RmlD_sub_bind,PF04321,1.6e-14,54.3
YP_026255.1,NAD_binding_4,PF07993,5.8e-11,42.6
YP_026256.2,Acetyltransf_3,PF13302,1.3e-06,29.7
YP_026256.2,Acetyltransf_1,PF00583,2e-06,28.7
YP_026257.1,Glyco_transf_56,PF07429,3.5e-189,628.9
YP_026258.1,AA_permease,PF00324,2e-111,373.6
YP_026258.1,AA_permease_2,PF13520,5.7e-38,131.5
YP_026259.1,Radical_SAM,PF04055,5.6e-18,66.3
YP_026259.1,SPASM,PF13186,2.7e-12,47.3
YP_026260.1,Porphobil_deam,PF01379,5.8e-87,291.2
YP_026260.1,Porphobil_deamC,PF03900,3e-26,92.2
YP_026261.1,NAGPA,PF09992,2.3e-17,64.3
YP_026262.1,EamA,PF00892,2.2e-22,80.4
YP_026263.3,RQC,PF09382,9.6e-36,122.7
YP_026263.3,DEAD,PF00270,4.2e-29,102.0
YP_026263.3,Helicase_C,PF00271,8.6e-28,97.4
YP_026263.3,HRDC,PF00570,9.7e-24,83.7
YP_026263.3,RecQ_Zn_bind,PF16124,8.9e-17,62.2
YP_026263.3,ResIII,PF04851,4.2e-05,24.1
YP_026264.1,LysE,PF01810,1.9e-60,204.3
YP_026265.1,LysE,PF01810,8.6e-55,185.8
YP_026266.1,Hydrolase_4,PF12146,1.5e-56,192.0
YP_026266.1,Abhydrolase_1,PF00561,1.9e-40,139.7
YP_026266.1,Abhydrolase_6,PF12697,5.9e-09,37.4
YP_026267.1,Hydrolase_3,PF08282,3.4e-61,207.8
YP_026267.1,S6PP,PF05116,5.4e-16,59.5
YP_026267.1,Hydrolase,PF00702,1.2e-11,46.0
YP_026268.1,DLH,PF01738,3.5e-78,262.7
YP_026268.1,BAAT_C,PF08840,2.8e-07,31.4
YP_026268.1,Abhydrolase_1,PF00561,6.1e-07,29.9
YP_026268.1,Peptidase_S9,PF00326,1.1e-06,29.0
YP_026269.1,Ubie_methyltran,PF01209,4.7e-114,380.1
YP_026269.1,Methyltransf_25,PF13649,1.2e-24,87.4
YP_026269.1,Methyltransf_31,PF13847,1.6e-23,83.7
YP_026269.1,Methyltransf_11,PF08241,1.8e-23,83.6
YP_026269.1,Methyltransf_23,PF13489,5.2e-16,59.4
YP_026269.1,Methyltransf_12,PF08242,3.3e-14,54.0
YP_026269.1,PCMT,PF01135,1.2e-06,29.1
YP_026269.1,UPF0020,PF01170,0.00012,22.4
YP_026270.1,TatA_B_E,PF02416,2e-17,63.1
YP_026271.1,TatD_DNase,PF01026,1.2e-74,251.5
YP_026272.1,Thiolase_N,PF00108,9.3e-86,288.0
YP_026272.1,Thiolase_C,PF02803,4.5e-50,169.0
YP_026272.1,ketoacyl-synt,PF00109,6.3e-06,26.6
YP_026273.1,TrkH,PF02386,8.1e-103,345.1
YP_026274.1,GTP_EFTU,PF00009,3e-60,203.6
YP_026274.1,BipA_C,PF21018,3.8e-46,155.9
YP_026274.1,EFG_C,PF00679,7.4e-23,81.0
YP_026274.1,GTP_EFTU_D2,PF03144,1.2e-11,45.4
YP_026274.1,EF-G_D2,PF22042,6.2e-08,33.2
YP_026274.1,MMR_HSR1,PF01926,2.1e-06,28.4
YP_026275.1,MFS_2,PF13347,3.1e-79,267.1
YP_026275.1,MFS_1,PF07690,1.4e-12,47.8
YP_026276.1,RhaA,PF06134,4.7e-239,794.2
YP_026277.1,LTXXQ,PF07813,1.6e-23,83.9
YP_026278.1,PEP-utilizers_C,PF02896,1.9e-120,402.0
YP_026278.1,PTS_EIIA_2,PF00359,1.1e-33,116.8
YP_026278.1,PTS-HPr,PF00381,6e-15,55.7
YP_026278.1,PEP-utilizers,PF00391,4.4e-15,55.6
YP_026278.1,PEP-utilisers_N,PF05524,6.9e-11,43.0
YP_026279.1,ThiS,PF02597,7.9e-19,68.6
YP_026280.1,NUDIX,PF00293,8.4e-20,71.7
YP_026280.1,Zn_ribbon_NUD,PF09297,4.1e-10,39.8
YP_026281.1,YjdP,PF28054,6.8e-49,165.1
YP_026282.1,ABC_tran,PF00005,4.8e-35,121.7
YP_026282.1,AAA_21,PF13304,2e-07,31.8
YP_026282.1,oligo_HPY,PF08352,4.4e-06,27.6
YP_026283.1,Entericidin,PF08085,9.3e-06,26.1
YP_026284.1,Entericidin,PF08085,5.1e-07,30.1
YP_026286.1,ABC_tran,PF00005,6.3e-57,192.6
YP_026286.1,AAA_21,PF13304,1.1e-15,58.9
YP_026286.1,ABC_ATPase,PF09818,3.7e-06,26.8
YP_026287.1,Acetyltransf_1,PF00583,6.6e-20,72.1
YP_026287.1,Acetyltransf_7,PF13508,4.9e-15,56.3
YP_026287.1,Acetyltransf_3,PF13302,1.4e-06,29.7
YP_026287.1,Acetyltransf_10,PF13673,1.5e-06,28.8
YP_026287.1,FR47,PF08445,6.9e-05,23.3
YP_026288.1,DUF898,PF05987,6.3e-46,157.6
YP_026290.1,GntR,PF00392,1.6e-12,47.5
YP_026290.1,FCD,PF07729,2.8e-10,41.3
YP_026290.1,HTH_Crp_2,PF13545,8e-08,32.7
YP_026291.2,TatD_DNase,PF01026,5.2e-76,256.0
YP_588435.1,DUF987,PF06174,3.1e-42,143.2
YP_588437.1,Ribosomal_L36,PF00444,6.6e-19,68.3
YP_588439.1,Phage_YlcG,PF26818,5.2e-28,97.0
YP_588440.1,Rz1,PF06085,4.4e-20,71.7
YP_588441.1,MbtH,PF03621,3.8e-21,74.8
YP_588442.1,Sel_put,PF04328,2e-30,105.2
YP_588443.1,Potass_KdpF,PF09604,1.2e-06,28.9
YP_588444.1,YbgT_YccB,PF08173,2e-14,53.9
YP_588445.1,HTH_Tnp_IS1,PF12759,1.9e-30,104.8
YP_588445.1,Zn_ribbon_InsA,PF03811,3.4e-21,75.3
YP_588446.1,GnsAB_toxin,PF08178,8.4e-36,122.3
YP_588447.1,YmgF,PF28058,2.7e-50,168.7
YP_588449.3,YmiA-like,PF22868,2.1e-25,89.0
YP_588451.1,YdaE,PF27493,7.7e-25,87.2
YP_588452.1,Rz1,PF06085,2.2e-19,69.5
YP_588453.1,DUF333,PF03891,1.1e-14,55.0
YP_588454.1,DUF3950,PF13132,1.2e-18,67.5
YP_588455.2,YniD-like,PF28032,6.4e-23,80.5
YP_588456.1,YobH,PF13996,3.4e-44,149.3
YP_588458.1,YoeB_toxin,PF06769,4e-43,145.9
YP_588458.1,ParE_toxin,PF05016,2.8e-05,25.2
YP_588460.1,UPF0387_membrane,PF27791,4.8e-18,65.4
YP_588461.1,CxxCxxCC,PF03692,7.7e-08,33.5
YP_588462.1,EamA,PF00892,3.5e-10,40.9
YP_588462.1,Multi_Drug_Res,PF00893,2e-05,25.6
YP_588464.1,QSregVF_b,PF12843,5.1e-29,100.5
YP_588465.1,UPF0370,PF13980,5.9e-35,119.7
YP_588466.1,DUF987,PF06174,2.5e-33,114.6
YP_588467.1,ArfA,PF03889,1.1e-25,89.4
YP_588468.1,DUF2387,PF09526,2.9e-19,69.5
YP_588469.1,YsaB,PF13983,1.3e-42,144.5
YP_588471.1,YicS,PF27428,7e-31,106.5
YP_588472.1,YidD,PF01809,1.8e-31,108.3
YP_588473.1,LptM_cons,PF13627,1.9e-08,34.5
YP_588474.1,Toxin_GhoT_OrtT,PF10753,1.5e-24,86.6
YP_588476.1,PTS_IIB,PF02302,1.4e-12,48.7
YP_588477.1,YjhX_toxin,PF09857,2.7e-37,127.2
YP_588478.1,DUF1435,PF07256,3.4e-31,107.7
YP_588479.2,DUF1328,PF07043,1.9e-13,51.1
