protein,pfam_name,pfam_accession,full_seq_evalue,full_seq_score,full_seq_bias,best_domain_evalue,best_domain_score,best_domain_bias
NP_414543.1,AA_kinase,PF00696,1.1e-47,157.6,1.2,1.9e-47,156.8,0.1
NP_414544.1,GHMP_kinases_N,PF00288,4.1e-23,76.4,0.2,8.3e-23,75.4,0.0
NP_414545.1,PALP,PF00291,4.2e-25,83.6,0.0,5.9e-25,83.1,0.0
NP_414555.1,HSP70,PF00012,3e-275,909.0,16.3,3.5e-275,908.7,16.3
NP_414556.1,DnaJ_C,PF01556,5.3e-56,183.8,0.1,6.9e-56,183.5,0.1
NP_414556.1,DnaJ,PF00226,5.4e-31,101.5,4.4,8.5e-31,100.9,4.4
NP_414561.1,HTH_1,PF00126,6.3e-19,62.7,0.0,1.2e-18,61.8,0.0
NP_414561.1,LysR_substrate,PF03466,7.5e-12,40.0,0.0,1e-11,39.5,0.0
NP_414566.1,FAD_syn,PF06574,2.4e-59,194.6,0.0,3.4e-59,194.1,0.0
NP_414566.1,Flavokinase,PF01687,1.7e-43,142.8,0.0,2.6e-43,142.1,0.0
NP_414566.1,CTP_transf_like,PF01467,2.8e-06,22.5,0.0,5.1e-06,21.7,0.0
NP_414567.1,tRNA-synt_1,PF00133,1.4e-163,539.4,0.0,1.7e-163,539.1,0.0
NP_414567.1,Anticodon_1,PF08264,5.6e-31,102.4,0.0,1e-30,101.5,0.0
NP_414567.1,tRNA-synt_1g,PF09334,4.4e-21,70.0,0.1,5.2e-12,40.1,0.0
NP_414567.1,tRNA-synt_1e,PF01406,1.8e-10,35.6,0.0,3.9e-08,27.9,0.0
NP_414567.1,tRNA-synt_1_2,PF13603,5.9e-08,27.3,0.0,1.1e-07,26.5,0.0
NP_414568.1,Peptidase_A8,PF01252,2e-43,143.0,9.7,2.2e-43,142.8,9.7
NP_414569.1,FKBP_C,PF00254,8.6e-16,53.1,0.0,1.8e-15,52.0,0.0
NP_414572.1,DapB_C,PF05173,9.5e-47,153.0,0.2,1.3e-46,152.5,0.2
NP_414572.1,DapB_N,PF01113,3.9e-45,147.9,0.7,1.6e-44,145.9,0.1
NP_414573.1,GATase,PF00117,5.7e-60,197.2,0.0,1.1e-59,196.2,0.0
NP_414573.1,CPSase_sm_chain,PF00988,4e-55,180.0,0.1,6.3e-55,179.3,0.1
NP_414574.1,CPSase_L_D2,PF02786,1.8e-119,391.7,2.5,3.8e-79,260.0,0.0
NP_414574.1,CPSase_L_D3,PF02787,3.2e-28,92.6,0.2,1.4e-27,90.6,0.1
NP_414574.1,MGS,PF02142,1.7e-23,77.6,0.6,9.4e-23,75.2,0.0
NP_414574.1,Dala_Dala_lig_C,PF07478,4.2e-13,44.2,0.5,2e-07,25.7,0.2
NP_414577.2,Hexapep,PF00132,9.4e-17,55.0,16.3,1.6e-09,32.2,0.2
NP_414579.4,AMP-binding,PF00501,1.7e-77,255.7,0.0,2.1e-77,255.4,0.0
NP_414579.4,AMP-binding_C,PF13193,4.2e-18,61.1,0.0,8.3e-18,60.1,0.0
NP_414585.1,DAO,PF01266,1.3e-19,65.8,6.8,3e-10,35.0,0.9
NP_414585.1,Pyr_redox_2,PF07992,1.8e-10,35.6,5.9,5.6e-06,20.9,1.3
NP_414587.1,MFS_1,PF07690,1.8e-42,140.4,58.7,6.5e-39,128.7,32.7
NP_414589.1,Na_H_Exchanger,PF00999,7.1e-60,197.7,44.6,9.8e-60,197.2,44.6
NP_414589.1,TrkA_N,PF02254,3.7e-30,99.6,0.1,1.2e-29,98.0,0.0
NP_414591.1,Metallophos,PF00149,1.3e-18,63.1,0.1,4.8e-18,61.2,0.0
NP_414593.1,RrnaAD,PF00398,1.5e-99,327.3,0.0,1.7e-99,327.1,0.0
NP_414597.1,DnaJ,PF00226,2.4e-12,41.8,0.1,4.8e-12,40.8,0.1
NP_414600.1,PseudoU_synth_2,PF00849,1.3e-33,111.3,0.0,1.6e-33,111.0,0.0
NP_414601.1,Helicase_C,PF00271,8.2e-24,79.0,0.0,2e-21,71.3,0.0
NP_414601.1,ResIII,PF04851,2.3e-13,45.3,0.0,7.5e-13,43.7,0.0
NP_414601.1,DEAD,PF00270,1.5e-08,29.5,0.0,7.3e-08,27.2,0.0
NP_414607.1,VTT_dom,PF09335,6.3e-21,70.1,9.4,7.5e-21,69.9,1.5
NP_414608.1,ABC_tran,PF00005,1.1e-40,134.4,0.0,1.8e-40,133.6,0.0
NP_414609.1,BPD_transp_1,PF00528,2.7e-15,51.5,24.0,1.4e-10,36.1,10.9
NP_414611.1,SBP_bac_5,PF00496,5.7e-23,76.5,0.0,6.4e-21,69.7,0.0
NP_414616.1,HMGL-like,PF00682,1.3e-109,360.4,4.8,2e-109,359.8,4.8
NP_414618.4,HTH_1,PF00126,2.1e-19,64.2,0.0,3.9e-19,63.4,0.0
NP_414618.4,LysR_substrate,PF03466,2.9e-19,64.2,0.0,4.5e-19,63.6,0.0
NP_414624.1,Methyltransf_5,PF01795,1.4e-125,413.8,0.0,1.6e-125,413.6,0.0
NP_414626.1,Transpeptidase,PF00905,3.4e-89,293.9,0.0,4.4e-89,293.5,0.0
NP_414626.1,PBP_dimer,PF03717,1.4e-24,82.5,0.0,2.5e-23,78.4,0.0
NP_414627.1,Mur_ligase_M,PF08245,4.8e-56,184.8,0.1,7.3e-56,184.2,0.1
NP_414627.1,Mur_ligase_C,PF02875,3.1e-37,123.2,0.5,3.1e-37,123.2,0.5
NP_414627.1,Mur_ligase,PF01225,5.3e-12,40.9,0.8,3.2e-11,38.5,0.2
NP_414628.1,Mur_ligase_M,PF08245,4.6e-55,181.6,0.0,8.2e-55,180.8,0.0
NP_414628.1,Mur_ligase_C,PF02875,4.5e-17,58.0,4.4,1.8e-16,56.1,0.7
NP_414628.1,Mur_ligase,PF01225,1.2e-08,30.2,0.0,6.4e-08,27.9,0.0
NP_414629.1,Glycos_transf_4,PF00953,1.1e-33,111.5,16.9,1.1e-33,111.5,16.9
NP_414630.1,Mur_ligase_M,PF08245,1.4e-28,95.1,0.1,2.2e-28,94.5,0.1
NP_414630.1,Mur_ligase_C,PF02875,6.1e-18,60.9,0.0,1.4e-17,59.6,0.0
NP_414631.1,FTSW_RODA_SPOVE,PF01098,8e-137,450.8,23.6,9.5e-137,450.6,23.6
NP_414632.1,Glyco_transf_28,PF03033,1.3e-51,169.3,0.2,2.5e-51,168.3,0.2
NP_414632.1,Glyco_tran_28_C,PF04101,2e-40,133.4,0.0,2.7e-40,133.0,0.0
NP_414632.1,Glyco_transf_4,PF13439,5.2e-09,31.3,0.1,1.9e-08,29.4,0.1
NP_414633.1,Mur_ligase,PF01225,5.2e-36,117.9,0.3,1.2e-35,116.8,0.3
NP_414633.1,Mur_ligase_M,PF08245,8.2e-29,95.9,0.0,1.2e-28,95.3,0.0
NP_414633.1,Mur_ligase_C,PF02875,8.9e-18,60.3,0.0,5.5e-17,57.8,0.0
NP_414634.1,Dala_Dala_lig_C,PF07478,1.3e-76,251.6,0.0,1.6e-76,251.3,0.0
NP_414634.1,Dala_Dala_lig_N,PF01820,9.2e-22,72.8,1.1,1.5e-12,43.0,0.3
NP_414634.1,CPSase_L_D2,PF02786,4e-09,31.2,0.0,2e-08,28.9,0.0
NP_414637.1,Tubulin,PF00091,2.1e-53,176.4,1.6,3e-53,175.8,1.6
NP_414637.1,FtsZ_C,PF12327,5.9e-39,127.3,1.1,1.8e-38,125.8,1.1
NP_414640.1,SecA_DEAD,PF07517,1.1e-132,436.5,0.3,2.2e-132,435.6,0.3
NP_414640.1,SecA_SW,PF07516,1.6e-74,245.2,5.3,1.6e-74,245.2,5.3
NP_414640.1,DEAD,PF00270,7.5e-08,27.2,0.0,3.3e-07,25.1,0.0
NP_414641.1,NUDIX,PF00293,5.8e-25,82.8,0.9,6.8e-25,82.6,0.9
NP_414645.1,CoaE,PF01121,5.4e-79,259.0,0.3,6.9e-79,258.6,0.3
NP_414645.1,SKI,PF01202,2.8e-06,22.5,0.8,0.012,10.6,0.1
NP_414646.1,IMPDH,PF00478,6.3e-78,257.0,0.5,7.9e-78,256.7,0.5
NP_414649.1,T2SSE,PF00437,2.2e-148,488.7,0.0,2.6e-148,488.5,0.0
NP_414656.1,Transketolase_N,PF00456,1.1e-17,58.9,0.1,3.5e-11,37.5,0.0
NP_414657.1,Biotin_lipoyl,PF00364,3.3e-69,223.7,34.9,1.1e-24,81.0,5.5
NP_414658.1,Pyr_redox_2,PF07992,2.9e-68,225.3,4.2,4.2e-68,224.8,4.2
NP_414658.1,Pyr_redox_dim,PF02852,5.1e-39,127.9,0.1,1.3e-38,126.5,0.1
NP_414667.4,Pribosyltran,PF00156,3.2e-28,93.0,0.0,3.8e-28,92.7,0.0
NP_414669.1,ABC_tran,PF00005,5.6e-35,115.9,0.0,9.9e-35,115.1,0.0
NP_414685.4,PolyA_pol,PF01743,3.6e-43,141.9,0.5,1.6e-42,139.7,0.1
NP_414685.4,PolyA_pol_RNAbd,PF12627,1.4e-22,74.2,0.2,6.7e-22,72.0,0.0
NP_414686.3,tRNA-synt_1c,PF00749,4.4e-50,165.2,0.0,4.2e-49,162.0,0.0
NP_414690.4,DEAD,PF00270,6.1e-14,47.0,0.0,1.4e-13,45.9,0.0
NP_414690.4,Helicase_C,PF00271,2.7e-11,38.7,0.0,4.8e-11,37.9,0.0
NP_414691.1,Transgly,PF00912,3e-58,191.1,0.0,4.7e-58,190.5,0.0
NP_414691.1,Transpeptidase,PF00905,4.2e-26,86.7,0.0,1e-25,85.5,0.0
NP_414693.1,ABC_tran,PF00005,9.6e-37,121.6,0.0,1.2e-36,121.2,0.0
NP_414701.1,PNP_UDP_1,PF01048,1.1e-57,190.0,2.3,1.3e-57,189.8,2.3
NP_414702.1,HD,PF01966,1.6e-09,33.0,0.0,4.8e-09,31.5,0.0
NP_414703.1,Trypsin_2,PF13365,1.9e-35,117.7,0.7,3.2e-35,117.0,0.7
NP_414703.1,PDZ_2,PF13180,8.6e-29,94.6,0.6,4.2e-16,54.0,0.0
NP_414706.2,Metallophos,PF00149,1.3e-14,50.0,0.0,1.8e-14,49.6,0.0
NP_414708.1,Hexapep,PF00132,4.2e-15,49.8,9.6,3.4e-09,31.1,1.3
NP_414709.1,HD,PF01966,1.3e-14,49.5,0.2,4e-14,47.9,0.1
NP_414710.1,Peptidase_M24,PF00557,6.6e-56,184.3,0.3,7.5e-56,184.1,0.3
NP_414711.1,Ribosomal_S2,PF00318,1.3e-98,323.4,0.0,1.5e-98,323.3,0.0
NP_414712.1,EF_TS,PF00889,3.8e-66,217.4,4.4,6.1e-66,216.8,4.4
NP_414713.1,AA_kinase,PF00696,7.3e-36,118.9,0.4,8.4e-36,118.8,0.4
NP_414714.1,RRF,PF01765,4.8e-70,229.6,1.6,6.2e-70,229.2,1.6
NP_414716.1,Prenyltransf,PF01255,2.2e-87,287.1,0.1,2.5e-87,286.9,0.1
NP_414717.2,CTP_transf_1,PF01148,4.8e-73,241.1,17.4,5.6e-73,240.9,17.4
NP_414718.1,Peptidase_M50,PF02163,6.4e-81,265.8,0.1,7.4e-81,265.6,0.1
NP_414718.1,PDZ_2,PF13180,5.1e-11,37.7,0.0,7.8e-10,33.9,0.0
NP_414721.1,Hexapep,PF00132,7.3e-34,109.2,41.2,1.8e-12,41.5,3.6
NP_414723.1,Hexapep,PF00132,3e-31,100.9,21.5,4.9e-11,36.9,0.1
NP_414725.1,RNase_HII,PF01351,1.2e-38,128.0,0.0,1.3e-38,127.8,0.0
NP_414726.1,DNA_pol3_alpha,PF07733,3.3e-108,356.1,0.0,7.7e-108,354.9,0.0
NP_414726.1,DNA_pol3_finger,PF17657,6e-69,225.6,0.0,9.9e-69,224.8,0.0
NP_414726.1,PHP,PF02811,1.6e-44,147.0,0.0,7.8e-44,144.8,0.0
NP_414726.1,HHH_6,PF14579,4.8e-30,98.6,0.0,1.1e-29,97.4,0.0
NP_414726.1,tRNA_anti-codon,PF01336,4.3e-13,44.0,0.1,9.5e-13,42.9,0.1
NP_414727.1,Carboxyl_trans,PF01039,8.5e-20,65.7,0.1,1e-19,65.4,0.1
NP_414730.1,ATP_bind_3,PF01171,1.8e-65,215.0,0.0,2.4e-65,214.6,0.0
NP_414733.1,RF-1,PF00472,9.8e-28,91.4,1.1,1.3e-27,91.0,1.1
NP_414736.1,tRNA-synt_2b,PF00587,9.1e-39,128.3,0.0,1.4e-38,127.7,0.0
NP_414736.1,HGTP_anticodon,PF03129,3.4e-24,79.8,0.1,8.2e-24,78.6,0.1
NP_414740.1,BPD_transp_1,PF00528,3.2e-22,74.1,20.6,3.2e-22,74.1,20.6
NP_414741.1,ABC_tran,PF00005,1.2e-40,134.3,0.0,2.2e-40,133.4,0.0
NP_414742.1,HAD_2,PF13419,7.4e-13,43.8,0.0,1.2e-07,26.8,0.0
NP_414742.1,Hydrolase,PF00702,1e-11,40.5,0.3,1.3e-10,37.0,0.0
NP_414744.1,LysR_substrate,PF03466,7.8e-47,154.3,0.0,1.2e-46,153.7,0.0
NP_414744.1,HTH_1,PF00126,4e-24,79.3,1.4,1.9e-23,77.2,1.4
NP_414745.1,Exo_endo_phos,PF03372,1.2e-17,59.3,0.2,1.5e-17,59.0,0.2
NP_414746.1,Methyltransf_25,PF13649,4.5e-20,67.1,0.0,7.5e-20,66.4,0.0
NP_414747.1,LysM,PF01476,5.7e-34,110.8,0.2,2.5e-17,57.5,0.1
NP_414748.1,Lactamase_B,PF00753,6.5e-28,92.9,1.8,7.1e-26,86.3,1.8
NP_414751.1,RNase_T,PF00929,3.8e-46,152.5,0.5,6.8e-46,151.7,0.1
NP_414757.1,SIS,PF01380,2.4e-10,35.3,0.0,4.8e-10,34.3,0.0
NP_414766.1,IMS,PF00817,1e-52,173.0,0.0,1.7e-52,172.2,0.0
NP_414769.1,Acetyltransf_1,PF00583,2.1e-10,35.9,0.0,3.2e-10,35.3,0.0
NP_414772.1,Peptidase_M20,PF01546,7.7e-18,60.0,0.1,1.1e-17,59.5,0.1
NP_414773.1,Pribosyltran,PF00156,7.9e-19,62.4,0.0,1e-18,62.1,0.0
NP_414777.1,AA_kinase,PF00696,3.9e-49,162.4,2.3,5.1e-49,162.0,2.3
NP_414778.1,Aldedh,PF00171,2.8e-22,73.8,4.2,3e-17,57.2,2.1
NP_414787.4,MMR_HSR1,PF01926,1.6e-17,58.7,0.0,2.4e-17,58.0,0.0
NP_414788.1,LysR_substrate,PF03466,6.7e-30,98.9,0.0,9.5e-30,98.4,0.0
NP_414788.1,HTH_1,PF00126,1.2e-21,71.5,2.1,2.2e-21,70.6,2.1
NP_414796.2,ABC_tran,PF00005,1.2e-41,137.5,0.0,1.8e-41,136.9,0.0
NP_414802.2,DHDPS,PF00701,7.1e-87,285.7,0.0,8e-87,285.5,0.0
NP_414804.1,MFS_1,PF07690,8e-13,42.9,32.0,8e-13,42.9,32.0
NP_414807.1,OTCace,PF00185,1.9e-56,185.4,0.1,5.4e-56,183.9,0.2
NP_414807.1,OTCace_N,PF02729,9e-51,166.8,0.0,1.7e-50,166.0,0.0
NP_414815.1,Phage_integrase,PF00589,9e-19,62.8,0.0,1.8e-18,61.9,0.0
NP_414830.1,Ribosomal_L31,PF01197,1.4e-26,87.4,0.2,1.8e-26,87.1,0.2
NP_414838.2,Pyr_redox_2,PF07992,2.9e-63,208.9,0.3,3.7e-63,208.5,0.3
NP_414838.2,Pyr_redox_dim,PF02852,2.9e-31,102.9,0.0,5.7e-31,102.0,0.0
NP_414838.2,DAO,PF01266,2.2e-11,38.7,3.2,4.5e-05,18.0,0.0
NP_414846.1,Aldedh,PF00171,2e-182,601.8,0.0,2.2e-182,601.6,0.0
NP_414847.3,TetR_N,PF00440,1.4e-16,55.0,0.3,4.1e-16,53.5,0.0
NP_414850.1,LysR_substrate,PF03466,1.3e-24,81.7,0.0,1.8e-24,81.2,0.0
NP_414850.1,HTH_1,PF00126,2.2e-20,67.4,0.9,4.4e-20,66.4,0.9
NP_414854.1,CoA_binding,PF02629,1.8e-14,49.2,0.1,8.4e-13,43.9,0.0
NP_414857.1,AA_kinase,PF00696,1.4e-24,82.0,0.5,2.7e-24,81.1,0.5
NP_414858.1,Amidohydro_1,PF01979,8.3e-09,30.0,0.2,1.4e-08,29.3,0.2
NP_414859.1,ADH_zinc_N,PF00107,1.2e-29,97.8,0.1,2.1e-29,97.1,0.1
NP_414859.1,ADH_N,PF08240,1.3e-28,94.3,3.4,2.4e-28,93.4,3.4
NP_414869.1,AMP-binding,PF00501,4.1e-77,254.4,0.0,5.4e-77,254.0,0.0
NP_414869.1,AMP-binding_C,PF13193,5.3e-26,86.3,0.2,1.4e-25,85.0,0.2
NP_414871.1,Amidohydro_1,PF01979,4e-17,57.4,0.0,4.8e-17,57.1,0.0
NP_414872.3,LysR_substrate,PF03466,6.1e-55,180.7,4.1,9.3e-55,180.1,4.1
NP_414872.3,HTH_1,PF00126,3.6e-30,98.7,0.3,1.2e-29,97.0,0.3
NP_414875.1,MFS_1,PF07690,9.5e-30,98.5,48.2,9.5e-30,98.5,48.2
NP_414876.1,Hexapep,PF00132,3.8e-18,59.4,15.5,4.9e-13,43.2,8.7
NP_414877.1,MFS_1,PF07690,1.3e-24,81.6,54.5,2.6e-23,77.4,42.3
NP_414885.1,Semialdhyde_dh,PF01118,3.9e-12,41.6,0.0,9.3e-12,40.4,0.0
NP_414886.1,HMGL-like,PF00682,7.2e-72,236.8,2.4,1.3e-71,235.9,2.4
NP_414887.2,MFS_1,PF07690,4.2e-43,142.5,73.5,2e-40,133.6,46.9
NP_414890.1,ADH_N,PF08240,7.2e-27,88.7,1.9,7.2e-27,88.7,1.9
NP_414890.1,ADH_zinc_N,PF00107,3.8e-23,76.8,0.1,6.6e-23,76.0,0.1
NP_414897.1,Glycos_transf_2,PF00535,1e-29,98.6,0.0,1.4e-29,98.1,0.0
NP_414900.1,ABC_tran,PF00005,8e-37,121.8,0.0,1.1e-36,121.4,0.0
NP_414901.1,BPD_transp_1,PF00528,3.9e-27,90.1,18.6,3.9e-27,90.1,18.6
NP_414915.1,Dala_Dala_lig_C,PF07478,2.1e-84,277.0,0.0,2.9e-84,276.6,0.0
NP_414915.1,Dala_Dala_lig_N,PF01820,2.9e-38,126.1,0.0,5.4e-38,125.2,0.0
NP_414920.1,P5CR_dimer,PF14748,8.7e-42,136.6,1.4,1.6e-41,135.8,1.4
NP_414920.1,F420_oxidored,PF03807,1.1e-26,88.3,0.7,2.5e-26,87.1,0.7
NP_414922.1,SKI,PF01202,6.6e-51,167.5,0.0,7.5e-51,167.3,0.0
NP_414922.1,AAA,PF00004,8.6e-08,27.7,0.0,6.5e-06,21.6,0.0
NP_414930.3,MFS_1,PF07690,7e-44,145.0,61.3,1.4e-43,144.0,52.1
NP_414932.1,Metallophos,PF00149,1.3e-18,63.0,0.0,2.4e-18,62.2,0.0
NP_414933.1,Response_reg,PF00072,1.6e-31,103.8,0.0,2.3e-31,103.2,0.0
NP_414933.1,Trans_reg_C,PF00486,1.8e-31,103.0,0.0,2.9e-31,102.3,0.0
NP_414934.1,HATPase_c,PF02518,4.7e-32,105.7,0.1,9.1e-32,104.8,0.1
NP_414934.1,HisKA,PF00512,3.7e-22,73.2,1.3,5.3e-22,72.7,0.4
NP_414941.1,YajC,PF02699,6.3e-28,91.5,0.7,7.4e-28,91.3,0.7
NP_414947.1,ATP-cone,PF03477,8.4e-23,75.7,0.2,1.2e-22,75.3,0.2
NP_414948.1,dCMP_cyt_deam_1,PF00383,4.5e-26,85.7,0.5,7e-26,85.1,0.5
NP_414950.1,NusB,PF01029,3.1e-38,126.1,0.2,3.5e-38,126.0,0.2
NP_414951.1,AIRS,PF00586,7.1e-30,98.7,0.0,1.2e-29,98.0,0.0
NP_414951.1,AIRS_C,PF02769,4.8e-11,38.0,0.0,6.9e-11,37.5,0.0
NP_414954.1,Transket_pyr,PF02779,6.9e-50,164.0,0.0,1.3e-49,163.1,0.0
NP_414954.1,Transketolase_C,PF02780,4.7e-29,95.8,0.0,9.6e-29,94.8,0.0
NP_414954.1,TPP_enzyme_C,PF02775,2.3e-06,22.4,0.6,5.2e-06,21.3,0.1
NP_414955.1,polyprenyl_synt,PF00348,4.8e-61,201.0,0.1,5.8e-61,200.7,0.1
NP_414961.4,MFS_1,PF07690,7.6e-51,167.9,61.6,3.2e-44,146.1,41.7
NP_414967.1,MFS_1,PF07690,1.6e-35,117.5,70.8,5.2e-33,109.3,41.6
NP_414970.1,Trigger_N,PF05697,4.8e-46,151.6,0.4,4.8e-46,151.6,0.4
NP_414970.1,Trigger_C,PF05698,3.8e-43,142.3,10.8,3.8e-43,142.3,10.8
NP_414970.1,FKBP_C,PF00254,5.7e-20,66.4,0.2,1.4e-19,65.2,0.2
NP_414971.1,CLP_protease,PF00574,5.6e-91,298.3,0.0,6.5e-91,298.1,0.0
NP_414972.1,AAA_2,PF07724,1.7e-35,117.4,0.0,2.9e-35,116.7,0.0
NP_414972.1,zf-C4_ClpX,PF06689,1.7e-22,74.0,3.7,5e-22,72.5,3.7
NP_414972.1,AAA,PF00004,6.5e-18,60.4,0.0,4.6e-17,57.7,0.0
NP_414972.1,ClpB_D2-small,PF10431,5.5e-15,50.2,2.7,6.3e-15,50.0,0.5
NP_414973.1,AAA,PF00004,7.5e-23,76.4,0.0,1.7e-22,75.3,0.0
NP_414973.1,ChlI,PF13541,4.3e-08,28.1,0.0,1e-07,26.9,0.0
NP_414974.1,Bac_DNA_binding,PF00216,1.5e-36,119.5,0.1,1.7e-36,119.4,0.1
NP_414977.1,4HBT,PF03061,2.6e-14,48.3,0.0,3.5e-14,47.9,0.0
NP_414979.1,SBP_bac_5,PF00496,4.6e-19,63.6,0.0,2.7e-18,61.1,0.0
NP_414980.2,Hydrolase_3,PF08282,1e-51,171.1,0.0,1.1e-51,170.9,0.0
NP_414980.2,Hydrolase,PF00702,2.9e-11,39.0,0.2,8.9e-11,37.4,0.2
NP_414982.1,ABC_membrane,PF00664,3.1e-38,126.9,6.8,3.9e-38,126.6,6.8
NP_414982.1,ABC_tran,PF00005,1.4e-32,108.1,0.0,2.4e-32,107.3,0.0
NP_414983.1,ABC_membrane,PF00664,7.8e-43,142.0,9.9,1e-42,141.6,9.9
NP_414983.1,ABC_tran,PF00005,3.7e-33,110.0,0.0,7.3e-33,109.0,0.0
NP_414988.1,DNA_binding_1,PF01035,9.2e-29,94.1,0.1,1.2e-28,93.8,0.1
NP_414992.1,Hexapep,PF00132,4.7e-16,52.8,16.4,3.7e-13,43.6,7.7
NP_414997.1,TetR_N,PF00440,2.5e-21,70.2,0.0,3.7e-21,69.6,0.0
NP_414998.1,MS_channel_2nd,PF00924,2.6e-26,86.5,2.0,5e-26,85.6,2.0
NP_415002.1,Pribosyltran,PF00156,1.6e-16,54.9,0.0,2e-16,54.6,0.0
NP_415003.1,DNA_pol3_delta2,PF13177,3.8e-45,148.7,0.0,7e-45,147.8,0.0
NP_415003.1,AAA,PF00004,3.4e-13,45.1,0.0,1.9e-12,42.7,0.0
NP_415005.1,Toprim_4,PF13662,2.8e-27,89.8,0.0,5.1e-27,88.9,0.0
NP_415005.1,Toprim,PF01751,8.6e-18,59.3,0.0,1.4e-17,58.7,0.0
NP_415005.1,RecR_ZnF,PF02132,9e-09,30.0,6.2,1.7e-08,29.0,6.2
NP_415006.1,HATPase_c,PF02518,2.2e-10,36.0,0.1,4.4e-10,35.0,0.1
NP_415007.1,ADK,PF00406,1.4e-62,205.2,0.0,1.7e-62,205.0,0.0
NP_415010.1,PfkB,PF00294,2.3e-14,48.3,0.0,5.5e-10,33.9,0.0
NP_415011.1,Na_H_Exchanger,PF00999,3.8e-57,188.7,51.6,4.9e-57,188.4,51.6
NP_415011.1,TrkA_N,PF02254,1e-28,95.0,0.3,1.7e-28,94.2,0.3
NP_415012.1,MFS_1,PF07690,1.2e-41,137.7,51.4,4.7e-28,93.0,23.8
NP_415013.1,Metallophos,PF00149,8.7e-14,47.3,0.1,1.3e-13,46.8,0.1
NP_415016.4,HTH_3,PF01381,6e-13,43.6,0.0,3.3e-12,41.3,0.0
NP_415017.1,Hydrolase,PF00702,2.2e-41,137.3,4.2,4.6e-41,136.2,3.0
NP_415017.1,E1-E2_ATPase,PF00122,2.4e-29,96.1,0.6,4.7e-29,95.2,0.1
NP_415017.1,Hydrolase_3,PF08282,1.2e-10,36.4,1.0,8.1e-08,27.2,0.9
NP_415020.1,MerR_1,PF13411,1e-20,68.6,0.4,2.1e-20,67.6,0.0
NP_415023.1,ABC_tran,PF00005,3.8e-33,109.9,0.0,5.5e-33,109.4,0.0
NP_415023.1,SMC_N,PF02463,4.6e-12,40.7,0.4,1.3e-08,29.5,0.1
NP_415023.1,AAA,PF00004,1.9e-07,26.6,1.8,1e-05,20.9,1.8
NP_415025.4,Thioredoxin,PF00085,6.8e-21,69.2,0.0,1.3e-20,68.3,0.0
NP_415026.1,adh_short,PF00106,7.1e-41,134.8,0.0,8.6e-41,134.5,0.0
NP_415026.1,adh_short_C2,PF13561,1.4e-29,98.2,0.0,1.8e-29,97.9,0.0
NP_415028.1,ABC_tran,PF00005,1.5e-35,117.7,0.0,2e-35,117.3,0.0
NP_415029.1,FtsX,PF02687,1.4e-22,74.9,15.3,3.6e-14,47.8,7.8
NP_415036.1,Rhodanese,PF00581,1.8e-06,23.3,0.0,1.1e-05,20.8,0.0
NP_415037.1,LysR_substrate,PF03466,2.3e-25,84.1,0.1,3.2e-25,83.6,0.1
NP_415037.1,HTH_1,PF00126,1.4e-23,77.6,1.5,2.6e-23,76.7,1.0
NP_415040.1,TPP_enzyme_C,PF02775,2.3e-39,129.5,0.2,2.6e-37,122.9,0.1
NP_415040.1,TPP_enzyme_N,PF02776,2.4e-36,119.1,0.6,6.3e-36,117.7,0.6
NP_415042.1,F420_oxidored,PF03807,1.2e-08,30.5,0.1,9e-08,27.6,0.1
NP_415045.1,Amidohydro_1,PF01979,3.3e-20,67.5,0.1,1.8e-19,65.1,0.1
NP_415049.1,Peptidase_M20,PF01546,3.4e-28,93.9,0.0,4.5e-28,93.5,0.0
NP_415051.1,CoA_binding,PF02629,1.6e-14,49.4,0.0,4e-13,44.9,0.1
NP_415054.1,AA_kinase,PF00696,2e-27,91.3,0.0,3.2e-27,90.7,0.0
NP_415056.1,AIRC,PF00731,3.6e-66,216.2,0.9,4.1e-66,216.0,0.9
NP_415057.1,Metallophos,PF00149,2.5e-13,45.9,0.0,3.3e-13,45.4,0.0
NP_415058.1,Pro_isomerase,PF00160,1.3e-51,170.0,1.3,1.4e-51,169.8,1.3
NP_415059.1,tRNA-synt_1e,PF01406,4.1e-154,507.2,0.2,5.4e-154,506.8,0.2
NP_415059.1,tRNA-synt_1g,PF09334,2.3e-16,54.4,1.6,2.8e-08,27.8,0.2
NP_415059.1,tRNA-synt_1,PF00133,3.4e-08,27.5,0.1,5.1e-07,23.6,0.0
NP_415062.1,THF_DHG_CYH_C,PF02882,6e-62,202.4,0.4,1e-61,201.7,0.4
NP_415062.1,THF_DHG_CYH,PF00763,7.7e-45,146.8,0.1,1.2e-44,146.2,0.1
NP_415068.1,Response_reg,PF00072,2.5e-29,96.6,0.2,4e-29,96.0,0.2
NP_415069.1,Phage_integrase,PF00589,1e-48,160.3,0.3,5.4e-48,157.9,0.0
NP_415102.1,HATPase_c,PF02518,1.5e-28,94.4,0.0,2.7e-28,93.6,0.0
NP_415102.1,HisKA,PF00512,4.7e-15,50.4,1.5,1.4e-14,48.9,1.5
NP_415102.1,HAMP,PF00672,9.5e-13,43.3,0.0,3.2e-12,41.6,0.0
NP_415103.1,Response_reg,PF00072,2.1e-29,96.9,0.0,3.4e-29,96.2,0.0
NP_415103.1,Trans_reg_C,PF00486,2.8e-28,92.8,0.0,4.6e-28,92.1,0.0
NP_415109.1,MS_channel_2nd,PF00924,1.6e-19,64.7,1.0,5.3e-19,63.1,0.0
NP_415110.1,Nitroreductase,PF00881,3.7e-29,97.0,0.0,4.9e-29,96.6,0.0
NP_415115.2,ACPS,PF01648,1.6e-16,55.3,0.3,3.3e-16,54.3,0.3
NP_415118.1,AMP-binding,PF00501,8.5e-90,296.2,0.2,1.2e-89,295.7,0.2
NP_415118.1,PP-binding,PF00550,2.8e-14,48.1,0.1,9.6e-14,46.4,0.1
NP_415120.1,ABC_tran,PF00005,1.9e-36,120.6,0.0,2.7e-36,120.1,0.0
NP_415123.1,MFS_1,PF07690,8.6e-30,98.7,63.7,4.6e-20,66.7,29.2
NP_415126.1,AMP-binding,PF00501,7.2e-69,227.3,0.0,8.9e-69,227.0,0.0
NP_415126.1,AMP-binding_C,PF13193,3.4e-14,48.5,0.1,1.2e-13,46.8,0.1
NP_415127.1,PP-binding,PF00550,3.1e-09,32.0,0.0,5.2e-09,31.2,0.0
NP_415128.1,adh_short_C2,PF13561,2.1e-53,176.2,2.0,2.8e-53,175.8,2.0
NP_415128.1,adh_short,PF00106,2e-48,159.4,3.4,4.4e-48,158.3,3.4
NP_415128.1,Epimerase,PF01370,2.6e-06,21.9,0.3,1.1e-05,19.8,0.2
NP_415129.1,4HBT,PF03061,6.2e-21,69.5,0.1,9.6e-21,68.9,0.1
NP_415133.1,Aminotran_1_2,PF00155,2.1e-61,203.0,0.0,2.4e-61,202.8,0.0
NP_415133.1,Cys_Met_Meta_PP,PF01053,1.6e-08,28.4,0.0,2.7e-08,27.6,0.0
NP_415134.1,ParB_N,PF02195,5e-08,28.0,0.0,1.6e-07,26.4,0.0
NP_415136.1,HTH_1,PF00126,4e-20,66.6,0.0,7.8e-20,65.6,0.0
NP_415136.1,LysR_substrate,PF03466,1.4e-11,39.1,0.0,2e-11,38.6,0.0
NP_415138.1,AhpC-TSA,PF00578,1.1e-36,120.4,0.1,1.4e-36,120.1,0.1
NP_415139.2,Pyr_redox_2,PF07992,2.6e-50,166.4,6.1,4.6e-50,165.5,6.0
NP_415141.1,ADH_N,PF08240,1.2e-27,91.2,0.2,3.3e-27,89.8,0.2
NP_415141.1,ADH_zinc_N,PF00107,1.1e-13,46.2,0.1,4.8e-12,40.9,0.0
NP_415143.1,GreA_GreB,PF01272,3.5e-23,76.4,0.0,4.7e-23,76.0,0.0
NP_415152.1,HATPase_c,PF02518,1.9e-19,65.1,0.0,3.3e-19,64.3,0.0
NP_415153.1,Response_reg,PF00072,3e-21,70.6,0.0,9.9e-21,69.0,0.0
NP_415161.1,Radical_SAM,PF04055,1.2e-24,82.3,0.0,1.8e-24,81.7,0.0
NP_415162.4,LysR_substrate,PF03466,2.7e-18,61.0,0.0,3.7e-18,60.6,0.0
NP_415162.4,HTH_1,PF00126,5.2e-16,53.4,0.0,8.8e-16,52.6,0.0
NP_415167.1,FTSW_RODA_SPOVE,PF01098,6.7e-130,428.1,29.4,8.3e-130,427.8,29.4
NP_415168.1,Transpeptidase,PF00905,1.5e-82,272.1,0.1,2.1e-82,271.6,0.1
NP_415168.1,PBP_dimer,PF03717,2.8e-48,159.7,0.8,4.3e-48,159.1,0.8
NP_415170.4,RsfS,PF02410,3.6e-35,115.2,0.1,4e-35,115.0,0.1
NP_415171.1,His_Phos_1,PF00300,2e-58,192.2,0.5,2.2e-58,192.1,0.5
NP_415172.1,CTP_transf_like,PF01467,5.1e-33,109.1,0.0,6e-33,108.8,0.0
NP_415175.1,tRNA-synt_1_2,PF13603,9.3e-83,271.2,0.0,1.5e-82,270.5,0.0
NP_415175.1,tRNA-synt_1,PF00133,2.5e-52,172.9,5.4,1.4e-32,107.9,2.0
NP_415175.1,tRNA-synt_1g,PF09334,3.6e-34,113.0,0.1,9.4e-25,82.0,0.0
NP_415175.1,Anticodon_1,PF08264,1e-21,72.3,0.0,1.8e-21,71.5,0.0
NP_415183.1,HSP70,PF00012,6.6e-118,389.3,0.0,5.6e-100,330.1,0.0
NP_415185.1,ABC_tran,PF00005,1.2e-37,124.5,0.0,1.7e-37,124.0,0.0
NP_415186.1,BPD_transp_1,PF00528,4.5e-20,67.1,19.9,5.9e-20,66.7,19.9
NP_415187.1,BPD_transp_1,PF00528,5.1e-29,96.2,8.2,5.1e-29,96.2,8.2
NP_415191.1,CorC_HlyC,PF03471,4.9e-26,85.6,1.2,1.7e-25,83.8,0.0
NP_415191.1,CBS,PF00571,6.4e-19,63.1,2.9,2.2e-10,35.7,0.1
NP_415192.1,YbeY,PF02130,4.4e-43,141.6,0.0,4.8e-43,141.5,0.0
NP_415193.2,PhoH,PF02562,2.6e-100,329.0,0.0,3.4e-100,328.6,0.0
NP_415194.1,Radical_SAM,PF04055,5.9e-29,96.3,0.0,9.1e-29,95.7,0.0
NP_415200.1,GATase_6,PF13522,3.5e-41,135.2,0.0,7.9e-41,134.1,0.0
NP_415201.1,Hydrolase,PF00702,2.9e-19,65.1,0.0,3.5e-19,64.9,0.0
NP_415201.1,HAD_2,PF13419,1.4e-10,36.4,0.0,9.4e-10,33.7,0.0
NP_415203.1,Amidohydro_1,PF01979,1.1e-51,171.0,0.6,1.3e-51,170.8,0.6
NP_415206.1,tRNA-synt_1c,PF00749,3e-131,431.9,0.0,3.9e-131,431.5,0.0
NP_415214.1,PGM_PMM_I,PF02878,1.7e-33,110.2,0.1,4.9e-33,108.7,0.1
NP_415214.1,PGM_PMM_III,PF02880,2.4e-33,109.6,0.0,4.7e-33,108.7,0.0
NP_415214.1,PGM_PMM_II,PF02879,3.3e-17,57.9,0.0,8.8e-17,56.5,0.0
NP_415214.1,PGM_PMM_IV,PF00408,1.8e-08,29.3,0.0,5e-08,27.9,0.0
NP_415222.1,Response_reg,PF00072,1.3e-32,107.3,0.0,1.8e-32,106.8,0.0
NP_415222.1,Trans_reg_C,PF00486,1.3e-24,81.1,0.0,2.7e-24,80.0,0.0
NP_415223.1,HATPase_c,PF02518,2.9e-29,96.7,0.0,8.5e-29,95.2,0.0
NP_415223.1,HisKA,PF00512,8.6e-15,49.6,1.3,2.3e-14,48.2,1.3
NP_415225.1,Hydrolase,PF00702,1.1e-31,105.7,1.7,2.1e-31,104.8,1.7
NP_415225.1,E1-E2_ATPase,PF00122,5.5e-22,72.5,0.0,1.2e-21,71.4,0.0
NP_415225.1,Hydrolase_3,PF08282,1.7e-06,22.9,1.2,6.3e-06,21.0,0.3
NP_415237.1,MFS_1,PF07690,1.7e-19,64.8,48.3,3.7e-18,60.4,44.5
NP_415254.1,Transket_pyr,PF02779,1e-54,179.7,0.0,1.8e-54,179.0,0.0
NP_415255.1,Biotin_lipoyl,PF00364,4e-17,56.8,0.2,9e-17,55.7,0.2
NP_415257.1,CoA_binding,PF02629,7.1e-34,111.5,0.8,7.1e-34,111.5,0.8
NP_415264.1,4HBT,PF03061,3.2e-19,64.0,0.5,4.7e-19,63.5,0.5
NP_415273.1,Cation_efflux,PF01545,3.8e-53,175.1,13.9,4.7e-53,174.8,13.9
NP_415276.1,His_Phos_1,PF00300,5.8e-38,125.5,0.1,3.1e-31,103.5,0.2
NP_415278.1,GHMP_kinases_N,PF00288,4.2e-23,76.4,0.2,8e-23,75.5,0.2
NP_415279.1,HIT,PF01230,9.5e-07,24.4,0.0,6e-05,18.6,0.0
NP_415280.3,Epimerase,PF01370,1.6e-66,219.1,0.0,2e-66,218.7,0.0
NP_415280.3,adh_short,PF00106,2.7e-08,28.4,0.0,5e-08,27.6,0.0
NP_415281.1,ABC_tran,PF00005,8.8e-52,170.3,0.0,5.9e-30,99.6,0.0
NP_415281.1,AAA,PF00004,2.9e-06,22.7,0.1,0.0015,13.9,0.0
NP_415285.1,BPD_transp_1,PF00528,3.6e-21,70.7,13.8,4.7e-21,70.3,13.8
NP_415286.1,ABC_tran,PF00005,7.6e-36,118.7,0.0,1.3e-35,118.0,0.0
NP_415287.1,Hydrolase_3,PF08282,3.4e-66,218.5,0.0,3.8e-66,218.3,0.0
NP_415287.1,Hydrolase,PF00702,3.1e-16,55.2,0.3,1.8e-13,46.2,0.3
NP_415289.4,LysR_substrate,PF03466,6.7e-48,157.7,0.0,9.6e-48,157.2,0.0
NP_415289.4,HTH_1,PF00126,2.2e-23,77.0,0.2,4.6e-23,76.0,0.2
NP_415296.1,Radical_SAM,PF04055,6e-27,89.8,0.0,1e-25,85.8,0.0
NP_415297.1,Aminotran_1_2,PF00155,2.4e-73,242.3,0.0,2.7e-73,242.1,0.0
NP_415298.1,Methyltransf_25,PF13649,3e-22,74.1,0.0,7e-22,73.0,0.0
NP_415300.1,UvrB_inter,PF17757,5.8e-35,114.3,1.0,1.3e-34,113.1,0.1
NP_415300.1,UvrB,PF12344,6.9e-24,78.4,0.7,4e-23,76.0,0.1
NP_415300.1,Helicase_C,PF00271,3.3e-22,73.8,0.2,8.9e-22,72.4,0.2
NP_415300.1,ResIII,PF04851,4.7e-13,44.3,0.0,3.9e-12,41.3,0.0
NP_415300.1,DEAD,PF00270,2.5e-08,28.7,0.1,3.8e-06,21.6,0.0
NP_415300.1,UVR,PF02151,2.2e-08,28.6,1.4,7.2e-08,27.0,1.4
NP_415302.1,Radical_SAM,PF04055,4.9e-37,122.6,0.0,7.1e-37,122.1,0.0
NP_415311.1,Exo_endo_phos,PF03372,1.1e-25,85.6,1.1,1.2e-25,85.4,1.1
NP_415315.4,ABC_tran,PF00005,1.6e-62,205.1,0.0,2.7e-32,107.2,0.0
NP_415315.4,AAA,PF00004,3.2e-06,22.6,0.3,0.011,11.2,0.1
NP_415317.4,TetR_N,PF00440,4.9e-16,53.3,2.6,1.5e-15,51.7,0.7
NP_415318.1,DEAD,PF00270,5.1e-52,170.9,0.0,1e-50,166.7,0.0
NP_415318.1,Helicase_C,PF00271,1.2e-32,107.4,0.0,7.5e-32,104.8,0.0
NP_415318.1,ResIII,PF04851,1.3e-09,33.1,0.0,3.2e-09,31.8,0.0
NP_415320.1,DEAD,PF00270,4.6e-11,37.7,0.1,8.4e-08,27.1,0.0
NP_415320.1,ResIII,PF04851,1.4e-08,29.8,0.0,1.5e-05,19.9,0.0
NP_415329.4,MS_channel_2nd,PF00924,8.4e-20,65.7,1.3,1.7e-19,64.7,1.3
NP_415330.1,ABC_tran,PF00005,5.9e-40,132.0,0.0,8.2e-40,131.5,0.0
NP_415331.1,BPD_transp_1,PF00528,8.9e-31,102.0,16.6,1.2e-30,101.5,16.6
NP_415334.1,EamA,PF00892,4.8e-24,80.1,37.0,1e-19,66.1,14.7
NP_415341.1,ABC_tran,PF00005,1.2e-49,163.3,0.0,8.3e-27,89.4,0.0
NP_415341.1,ABC_tran_Xtn,PF12848,9.8e-26,84.7,3.5,7e-23,75.5,2.4
NP_415341.1,MMR_HSR1,PF01926,3e-06,22.3,0.0,0.004,12.2,0.1
NP_415343.1,Hydrolase_3,PF08282,1e-54,180.9,0.0,1.1e-54,180.7,0.0
NP_415343.1,Hydrolase,PF00702,2e-10,36.3,0.5,2.7e-09,32.6,0.5
NP_415345.2,Radical_SAM,PF04055,1.7e-15,52.5,0.5,9.5e-14,46.8,0.5
NP_415350.2,ABC_tran,PF00005,3e-65,213.9,0.0,1.5e-32,108.0,0.0
NP_415350.2,SMC_N,PF02463,1.6e-13,45.5,0.5,1.3e-08,29.5,0.4
NP_415351.1,SBP_bac_5,PF00496,3.6e-103,340.4,9.8,4.6e-103,340.0,9.8
NP_415352.1,BPD_transp_1,PF00528,2.4e-44,146.2,11.2,2.4e-44,146.2,11.2
NP_415353.1,BPD_transp_1,PF00528,8.1e-35,115.1,13.5,8.1e-35,115.1,13.5
NP_415356.1,Radical_SAM,PF04055,2e-29,97.8,0.0,1.5e-27,91.7,0.0
NP_415363.1,MFS_1,PF07690,1.4e-31,104.6,42.6,1.8e-31,104.2,42.6
NP_415365.4,Hydrolase_3,PF08282,9.7e-56,184.2,0.1,1.1e-55,184.0,0.1
NP_415365.4,Hydrolase,PF00702,2.3e-14,49.1,0.1,3.2e-14,48.7,0.1
NP_415366.1,MFS_1,PF07690,2.1e-35,117.1,85.4,6.9e-21,69.4,23.9
NP_415367.1,TetR_N,PF00440,2.8e-09,31.6,0.1,4.4e-09,31.0,0.1
NP_415368.1,TrkA_C,PF02080,1.6e-23,77.4,0.3,3.2e-11,38.0,0.0
NP_415372.1,Nitroreductase,PF00881,1.4e-20,69.1,1.5,2.6e-19,65.0,1.5
NP_415373.1,Dala_Dala_lig_C,PF07478,6.2e-08,27.3,0.1,2.3e-07,25.4,0.1
NP_415376.4,ABC_tran,PF00005,4.2e-41,135.7,0.0,6.3e-41,135.1,0.0
NP_415377.1,BPD_transp_1,PF00528,4.4e-23,76.9,16.2,4.4e-23,76.9,16.2
NP_415378.1,BPD_transp_1,PF00528,8.5e-16,53.1,21.4,8.5e-16,53.1,21.4
NP_415380.1,tRNA_U5-meth_tr,PF05958,1.3e-20,68.6,0.0,3.9e-18,60.5,0.0
NP_415380.1,MTS,PF05175,4.8e-07,24.4,0.0,7.9e-07,23.7,0.0
NP_415382.1,BPD_transp_1,PF00528,1.6e-16,55.5,15.9,3.9e-16,54.2,14.2
NP_415383.1,BPD_transp_1,PF00528,2.1e-18,61.6,13.7,2.2e-18,61.6,12.9
NP_415385.1,ABC_tran,PF00005,2.1e-40,133.5,0.0,2.9e-40,133.0,0.0
NP_415389.2,Epimerase,PF01370,1.1e-31,105.0,0.0,4.8e-31,102.9,0.0
NP_415389.2,adh_short,PF00106,3e-08,28.3,0.0,4.7e-08,27.6,0.0
NP_415390.4,Epimerase,PF01370,6.1e-17,56.7,0.0,1.4e-16,55.6,0.0
NP_415391.1,Aminotran_1_2,PF00155,1.3e-11,39.1,0.1,2e-11,38.6,0.1
NP_415392.1,TPP_enzyme_C,PF02775,4.9e-45,147.9,1.1,1.5e-44,146.4,0.4
NP_415392.1,TPP_enzyme_N,PF02776,3.6e-33,108.8,0.1,1e-32,107.4,0.1
NP_415400.1,MacB_PCD,PF12704,4.7e-49,162.4,6.1,1.7e-48,160.6,3.6
NP_415400.1,ABC_tran,PF00005,1.9e-35,117.4,0.0,3.7e-35,116.5,0.0
NP_415400.1,FtsX,PF02687,1.2e-20,68.7,9.8,1.2e-20,68.7,9.8
NP_415403.1,AAA_2,PF07724,5.3e-66,216.7,0.1,1.5e-60,198.9,0.0
NP_415403.1,Clp_N,PF02861,3.2e-32,106.4,5.7,4.2e-32,106.0,3.6
NP_415403.1,AAA_lid_9,PF17871,7.5e-31,101.1,1.3,2.5e-30,99.4,1.3
NP_415403.1,ClpB_D2-small,PF10431,1.7e-28,93.4,0.0,5.2e-28,91.9,0.0
NP_415403.1,AAA,PF00004,1.4e-27,91.7,0.1,3.3e-15,51.6,0.0
NP_415403.1,ResIII,PF04851,4.2e-08,28.2,0.0,0.00076,14.3,0.0
NP_415404.1,eIF-1a,PF01176,1.3e-30,99.8,0.1,1.5e-30,99.6,0.1
NP_415406.1,ABC_tran,PF00005,5.9e-35,115.8,0.3,1.2e-34,114.8,0.0
NP_415406.1,ABC_membrane,PF00664,2.7e-13,45.1,10.3,7.7e-13,43.6,10.2
NP_415407.1,ABC_membrane,PF00664,5.3e-53,175.3,3.4,6.9e-53,175.0,3.4
NP_415407.1,ABC_tran,PF00005,9.1e-32,105.5,0.0,1.6e-31,104.7,0.0
NP_415408.1,Pyr_redox_2,PF07992,1.1e-55,184.0,0.3,1.3e-55,183.8,0.3
NP_415410.1,FtsK_SpoIIIE,PF01580,1.7e-89,293.9,0.1,2.5e-89,293.4,0.1
NP_415410.1,FtsK_alpha,PF17854,8.4e-32,104.4,0.0,1.7e-31,103.4,0.0
NP_415410.1,FtsK_gamma,PF09397,2.1e-30,99.3,0.1,4.8e-30,98.2,0.1
NP_415412.1,MgsA_C,PF12002,7.3e-66,216.1,1.3,1.1e-65,215.5,0.8
NP_415412.1,AAA_assoc_2,PF16193,1.4e-26,87.5,0.1,5.1e-26,85.8,0.0
NP_415412.1,AAA,PF00004,3.2e-21,71.1,0.1,2.1e-20,68.4,0.0
NP_415412.1,RuvB_N,PF05496,1.1e-16,55.9,0.0,3.8e-16,54.2,0.0
NP_415413.1,tRNA-synt_2b,PF00587,6.1e-45,148.4,0.0,9.4e-45,147.8,0.0
NP_415413.1,Seryl_tRNA_N,PF02403,3.9e-36,118.6,3.3,6.3e-36,117.9,3.3
NP_415418.1,MFS_1,PF07690,5.4e-42,138.8,68.3,2e-29,97.5,41.0
NP_415420.1,LysR_substrate,PF03466,1e-34,114.7,0.0,1.5e-34,114.1,0.0
NP_415420.1,HTH_1,PF00126,1.6e-22,74.2,1.0,4.1e-22,72.9,0.8
NP_415422.1,Radical_SAM,PF04055,6.5e-30,99.4,0.1,9.7e-30,98.8,0.1
NP_415427.1,Aminotran_5,PF00266,9.2e-74,243.5,0.0,1e-73,243.3,0.0
NP_415428.1,EPSP_synthase,PF00275,1.7e-149,493.0,0.0,1.9e-149,492.8,0.0
NP_415430.1,Cytidylate_kin,PF02224,5.4e-89,292.4,0.1,6.1e-89,292.2,0.1
NP_415431.1,S1,PF00575,2.2e-105,340.2,35.2,1.3e-23,78.2,0.8
NP_415432.1,Bac_DNA_binding,PF00216,8.1e-33,107.5,0.0,8.9e-33,107.4,0.0
NP_415433.4,Competence,PF03772,7.2e-55,181.1,33.6,7.2e-55,181.1,33.6
NP_415433.4,Lactamase_B,PF00753,4e-25,83.8,0.2,7.2e-25,83.0,0.2
NP_415434.1,ABC_membrane,PF00664,2.6e-65,215.7,16.3,3.4e-65,215.3,16.3
NP_415434.1,ABC_tran,PF00005,8.5e-38,125.0,0.2,4e-37,122.8,0.0
NP_415441.1,Methyltransf_25,PF13649,3.5e-20,67.5,0.1,6.5e-20,66.6,0.1
NP_415441.1,MTS,PF05175,2.2e-07,25.6,0.0,3.2e-07,25.0,0.0
NP_415447.1,Lactamase_B,PF00753,4.2e-43,142.5,0.9,4.8e-43,142.3,0.9
NP_415448.1,Aminotran_1_2,PF00155,1.2e-100,332.1,0.0,1.4e-100,331.9,0.0
NP_415450.1,tRNA-synt_2,PF00152,8.2e-66,217.0,0.0,1e-65,216.7,0.0
NP_415450.1,tRNA_anti-codon,PF01336,2.5e-16,54.4,0.2,9.2e-16,52.6,0.0
NP_415453.1,ABC_tran,PF00005,2.8e-32,107.1,0.0,4e-32,106.6,0.0
NP_415454.4,BPD_transp_1,PF00528,3.8e-33,109.7,13.5,3.8e-33,109.7,13.5
NP_415465.1,DHO_dh,PF01180,1.3e-87,288.5,0.2,1.6e-87,288.3,0.2
NP_415468.1,Cons_hypoth95,PF03602,4.6e-16,53.9,0.0,4.4e-11,37.7,0.0
NP_415468.1,Methyltransf_25,PF13649,8.9e-11,37.4,0.0,3.4e-05,19.5,0.0
NP_415468.1,MTS,PF05175,2.2e-08,28.8,0.0,0.00033,15.2,0.0
NP_415469.1,ABC_tran,PF00005,2e-51,169.1,3.2,2.9e-27,90.9,0.0
NP_415469.1,SMC_N,PF02463,5e-14,47.2,0.1,2.1e-07,25.5,0.0
NP_415469.1,ABC_tran_Xtn,PF12848,1.1e-13,46.0,14.7,1.7e-13,45.4,2.4
NP_415469.1,TsaE,PF02367,7.2e-08,27.4,0.2,0.0012,13.8,0.1
NP_415469.1,AAA,PF00004,1.3e-07,27.1,0.0,0.00041,15.8,0.0
NP_415469.1,MMR_HSR1,PF01926,4.8e-07,24.9,0.1,0.006,11.7,0.0
NP_415482.1,UvrD-helicase,PF00580,8.4e-51,168.1,0.0,2.3e-50,166.7,0.0
NP_415482.1,UvrD_C,PF13361,2.3e-15,51.8,0.0,3.2e-13,44.8,0.0
NP_415483.2,MGS,PF02142,2.2e-19,64.4,0.0,2.9e-19,64.0,0.0
NP_415485.4,CoA_binding,PF02629,1.4e-06,23.9,0.0,2e-06,23.4,0.0
NP_415487.4,Cons_hypoth95,PF03602,5.7e-14,47.1,0.0,9e-14,46.5,0.0
NP_415487.4,MTS,PF05175,4.9e-08,27.7,0.0,7.7e-08,27.0,0.0
NP_415501.1,AAA_31,PF13614,1.8e-11,39.2,0.2,1.1e-10,36.6,0.0
NP_415513.2,HATPase_c,PF02518,1.3e-29,97.8,0.0,4.1e-29,96.2,0.0
NP_415513.2,HisKA,PF00512,4e-20,66.6,0.1,4e-20,66.6,0.1
NP_415513.2,Response_reg,PF00072,3.3e-16,54.4,0.2,2.4e-15,51.7,0.0
NP_415513.2,HAMP,PF00672,4.5e-09,31.5,0.4,4.6e-08,28.3,0.1
NP_415515.1,Response_reg,PF00072,2.1e-30,100.1,0.1,4e-30,99.2,0.1
NP_415515.1,Trans_reg_C,PF00486,3.3e-19,63.7,0.2,6.1e-19,62.9,0.2
NP_415520.1,DnaJ_C,PF01556,2.6e-43,142.6,0.1,3.4e-43,142.2,0.1
NP_415520.1,DnaJ,PF00226,2.8e-26,86.4,1.1,6.1e-26,85.3,1.1
NP_415528.1,Nitroreductase,PF00881,3.3e-15,51.6,0.0,4.5e-15,51.2,0.0
NP_415533.1,TetR_N,PF00440,1.7e-16,54.7,0.2,2.7e-16,54.1,0.2
NP_415534.1,Aldedh,PF00171,2.8e-111,367.2,0.2,5e-111,366.4,0.2
NP_415539.1,PhoH,PF02562,5.7e-78,256.0,0.0,7.4e-78,255.6,0.0
NP_415541.1,Glycos_transf_2,PF00535,4.5e-41,135.5,0.0,6.4e-41,135.0,0.0
NP_415551.2,2-Hacid_dh_C,PF02826,1.3e-47,156.3,0.0,1.7e-47,156.0,0.0
NP_415552.1,PHP,PF02811,3.8e-11,38.5,1.1,2.4e-10,35.9,1.1
NP_415567.1,Glycos_transf_2,PF00535,7.9e-22,72.9,0.0,1.2e-21,72.3,0.0
NP_415571.1,MFS_1,PF07690,8.4e-59,194.1,44.1,1.6e-36,120.8,27.5
NP_415573.1,Rhodanese,PF00581,1.8e-18,61.8,0.1,5.8e-18,60.2,0.1
NP_415577.1,DAO,PF01266,9.5e-54,178.1,0.1,1.1e-53,178.0,0.1
NP_415580.1,Amidohydro_1,PF01979,1.1e-22,75.6,0.0,1.6e-22,75.1,0.0
NP_415583.4,MFS_1,PF07690,8.1e-38,125.1,49.0,4.4e-27,89.8,28.2
NP_415584.1,Acetyltransf_1,PF00583,1e-12,43.3,0.2,1.3e-12,42.9,0.2
NP_415602.1,S1,PF00575,2e-14,48.7,0.0,5e-14,47.4,0.0
NP_415604.1,PseudoU_synth_2,PF00849,2.4e-30,100.7,0.1,3.9e-30,100.0,0.1
NP_415604.1,S4,PF01479,6.9e-13,43.1,0.2,1.3e-12,42.3,0.2
NP_415607.1,Ribosomal_L32p,PF01783,2.9e-22,73.6,0.9,3.1e-22,73.5,0.9
NP_415609.1,ACP_syn_III_C,PF08541,1.9e-39,128.7,0.0,6.4e-39,127.0,0.0
NP_415609.1,ACP_syn_III,PF08545,1.6e-31,103.1,1.5,3e-31,102.2,1.5
NP_415610.1,Acyl_transf_1,PF00698,5.1e-42,139.3,3.4,6.1e-42,139.1,3.4
NP_415611.1,adh_short_C2,PF13561,3.7e-68,224.5,7.0,4.2e-68,224.3,7.0
NP_415611.1,adh_short,PF00106,3.8e-64,210.7,3.5,4.7e-64,210.4,3.5
NP_415611.1,Epimerase,PF01370,9.2e-08,26.7,0.2,1.3e-07,26.1,0.2
NP_415612.1,PP-binding,PF00550,2.8e-18,60.9,0.2,3.2e-18,60.8,0.2
NP_415613.1,ketoacyl-synt,PF00109,8.6e-63,207.2,0.8,8.6e-63,207.2,0.8
NP_415613.1,Ketoacyl-synt_C,PF02801,1.1e-42,139.8,1.4,2.1e-42,138.9,1.4
NP_415614.1,Aminotran_4,PF01063,2.7e-53,176.1,0.0,3e-53,175.9,0.0
NP_415616.1,Thymidylate_kin,PF02223,2.1e-62,205.0,0.0,2.4e-62,204.8,0.0
NP_415617.1,DNA_pol3_delta2,PF13177,8.8e-40,131.3,0.0,1.7e-39,130.3,0.0
NP_415618.1,TatD_DNase,PF01026,3.6e-88,290.1,0.0,4.1e-88,289.9,0.0
NP_415621.3,HIT,PF01230,3.8e-33,109.1,0.1,4.3e-33,108.9,0.1
NP_415627.1,Pyr_redox_2,PF07992,1.9e-66,219.3,0.1,2.2e-66,219.1,0.1
NP_415627.1,DAO,PF01266,1.1e-11,39.8,3.9,2.3e-05,19.0,0.0
NP_415629.4,TetR_N,PF00440,2e-17,57.7,0.2,4.1e-17,56.7,0.2
NP_415631.1,LysM,PF01476,1.8e-07,26.0,0.0,4.2e-07,24.8,0.0
NP_415632.1,TRCF,PF03461,4.3e-33,108.5,0.1,1.1e-31,104.0,0.0
NP_415632.1,DEAD,PF00270,1.1e-30,101.5,0.2,4.3e-30,99.6,0.1
NP_415632.1,UvrB_inter,PF17757,1e-27,91.1,0.0,2.9e-27,89.6,0.0
NP_415632.1,Helicase_C,PF00271,1.7e-24,81.2,1.7,3.6e-21,70.5,0.5
NP_415632.1,CarD_TRCF_RID,PF02559,2.2e-21,70.7,0.1,5.3e-21,69.4,0.1
NP_415632.1,ResIII,PF04851,1.1e-15,52.8,0.0,2.5e-15,51.7,0.0
NP_415634.1,FtsX,PF02687,6.5e-19,63.1,15.8,1.5e-18,62.0,13.2
NP_415634.1,MacB_PCD,PF12704,1.6e-15,52.8,0.3,1.6e-15,52.8,0.3
NP_415635.4,ABC_tran,PF00005,2.7e-40,133.1,0.0,3.8e-40,132.6,0.0
NP_415636.1,FtsX,PF02687,2.2e-20,67.9,12.0,1.3e-19,65.3,6.6
NP_415636.1,MacB_PCD,PF12704,1.6e-19,66.0,0.3,1.6e-19,66.0,0.3
NP_415642.1,BPD_transp_1,PF00528,3.6e-21,70.6,16.7,3.6e-21,70.6,16.7
NP_415643.3,BPD_transp_1,PF00528,4.3e-16,54.1,18.2,4.3e-16,54.1,18.2
NP_415644.1,ABC_tran,PF00005,9.6e-39,128.1,0.0,2.2e-38,126.9,0.0
NP_415645.1,Peptidase_M20,PF01546,9.4e-19,63.0,0.4,2.4e-18,61.7,0.4
NP_415647.1,HATPase_c,PF02518,1.3e-18,62.4,0.1,2.3e-18,61.6,0.1
NP_415648.1,Response_reg,PF00072,8.1e-28,91.8,0.2,1.3e-27,91.2,0.2
NP_415648.1,Trans_reg_C,PF00486,3.2e-21,70.2,0.1,6.9e-21,69.1,0.1
NP_415649.1,Lyase_1,PF00206,2.4e-85,281.6,0.0,3.1e-85,281.2,0.0
NP_415651.4,tRNA_Me_trans,PF03054,5.9e-86,282.2,0.0,8e-86,281.8,0.0
NP_415651.4,NAD_synthase,PF02540,2.2e-11,38.2,0.0,3.3e-09,31.1,0.0
NP_415652.1,NUDIX,PF00293,7.3e-22,72.8,0.2,9.4e-22,72.4,0.2
NP_415653.4,PseudoU_synth_2,PF00849,1.2e-19,66.0,0.2,1.4e-18,62.5,0.0
NP_415658.1,Phage_integrase,PF00589,2.9e-18,61.1,2.2,3.4e-18,60.9,0.3
NP_415663.1,Peptidase_S24,PF00717,2.6e-28,93.0,0.0,8.1e-28,91.4,0.0
NP_415680.1,MerR_1,PF13411,1.7e-20,67.9,0.0,3e-20,67.1,0.0
NP_415693.1,AAA_31,PF13614,7.3e-21,69.8,0.4,1.3e-20,68.9,0.4
NP_415701.1,Peptidase_S24,PF00717,6.2e-32,104.7,0.0,7.1e-32,104.5,0.0
NP_415702.1,IMS,PF00817,4e-45,148.3,0.0,1.1e-44,146.8,0.0
NP_415707.1,DAO,PF01266,1.1e-83,276.6,1.0,1.3e-83,276.4,1.0
NP_415707.1,Pyr_redox_2,PF07992,1e-09,33.1,0.4,1.9e-06,22.4,0.3
NP_415708.1,Ala_racemase_N,PF01168,2.2e-68,225.1,0.1,3.6e-68,224.4,0.1
NP_415708.1,Ala_racemase_C,PF00842,5.3e-43,140.6,0.6,8.5e-43,139.9,0.6
NP_415709.2,Na_H_Exchanger,PF00999,3.5e-70,231.6,44.1,4.6e-70,231.2,44.1
NP_415709.2,TrkA_C,PF02080,1.5e-12,42.3,0.0,3e-12,41.3,0.0
NP_415709.2,CorC_HlyC,PF03471,2.7e-12,41.5,0.1,7.2e-12,40.2,0.1
NP_415716.4,PEP-utilizers,PF00391,7.3e-15,49.3,0.0,1.6e-14,48.2,0.0
NP_415721.1,YchF-GTPase_C,PF06071,5.6e-41,133.6,0.2,9.9e-41,132.8,0.2
NP_415721.1,MMR_HSR1,PF01926,5.6e-22,73.0,0.0,1.2e-21,71.9,0.0
NP_415722.1,Pept_tRNA_hydro,PF01195,4e-65,214.0,0.0,4.5e-65,213.8,0.0
NP_415725.1,Pribosyltran_N,PF13793,5.5e-55,179.2,0.1,1.1e-53,175.1,0.0
NP_415725.1,Pribosyl_synth,PF14572,2.9e-33,110.3,0.2,6.1e-33,109.2,0.1
NP_415725.1,Pribosyltran,PF00156,1.6e-22,74.5,0.6,1.1e-21,71.7,0.4
NP_415726.1,GHMP_kinases_N,PF00288,8.4e-20,65.8,0.1,1.3e-19,65.2,0.1
NP_415729.1,PCRF,PF03462,2.2e-80,264.0,1.2,2.2e-80,264.0,1.2
NP_415729.1,RF-1,PF00472,1.2e-44,145.9,0.1,1.2e-44,145.9,0.1
NP_415730.1,MTS,PF05175,7.8e-20,66.0,0.1,1e-18,62.4,0.0
NP_415730.1,Methyltransf_25,PF13649,2.5e-11,39.1,0.0,4.9e-11,38.2,0.0
NP_415730.1,Methyltransf_4,PF02390,2.1e-10,35.3,0.0,4e-10,34.3,0.0
NP_415730.1,Cons_hypoth95,PF03602,6.6e-08,27.3,0.0,1.6e-07,26.1,0.0
NP_415739.1,Response_reg,PF00072,1.1e-32,107.4,0.1,1.9e-32,106.7,0.1
NP_415739.1,Sigma70_r4,PF04545,3.1e-08,28.0,0.1,9e-08,26.5,0.1
NP_415740.1,HATPase_c,PF02518,1.9e-17,58.6,0.1,3.9e-17,57.7,0.1
NP_415740.1,HAMP,PF00672,4.8e-13,44.2,0.7,1.3e-12,42.9,0.7
NP_415741.1,MFS_1,PF07690,5.8e-18,59.8,62.6,5.8e-18,59.8,62.6
NP_415748.1,Formyl_trans_N,PF00551,1.6e-61,202.2,0.1,1.9e-61,201.9,0.1
NP_415751.1,Response_reg,PF00072,2e-30,100.2,0.1,4.5e-30,99.1,0.1
NP_415752.1,NTP_transferase,PF00483,5.8e-30,99.5,0.0,7.6e-30,99.1,0.0
NP_415757.1,Aldedh,PF00171,5.7e-31,102.4,2.9,2.7e-30,100.2,2.9
NP_415759.1,SBP_bac_5,PF00496,2.6e-98,324.4,8.2,3.6e-98,323.9,8.2
NP_415760.1,BPD_transp_1,PF00528,2.6e-41,136.3,18.9,2.6e-41,136.3,18.9
NP_415761.1,BPD_transp_1,PF00528,7e-29,95.8,9.8,7e-29,95.8,9.8
NP_415763.1,ABC_tran,PF00005,2.3e-34,113.9,0.0,3.3e-34,113.4,0.0
NP_415766.1,TrkA_N,PF02254,1.2e-21,72.2,0.2,1.8e-21,71.6,0.2
NP_415769.1,4HBT,PF03061,3.3e-21,70.4,0.3,4.4e-21,70.0,0.3
NP_415777.1,PALP,PF00291,4.5e-46,152.4,0.6,6.4e-46,151.9,0.6
NP_415779.1,GATase,PF00117,4.7e-52,171.4,0.0,8.1e-52,170.6,0.0
NP_415782.1,PHP,PF02811,1.5e-10,36.5,0.0,2.7e-10,35.7,0.0
NP_415783.6,Sua5_yciO_yrdC,PF01300,8.2e-52,170.2,0.0,9.5e-52,170.0,0.0
NP_415785.1,PseudoU_synth_2,PF00849,7.8e-22,73.1,0.0,1.6e-21,72.1,0.0
NP_415785.1,S4,PF01479,7.1e-13,43.1,0.1,2.5e-12,41.4,0.1
NP_415787.1,adh_short,PF00106,3.8e-57,187.8,0.0,4.4e-57,187.6,0.0
NP_415787.1,adh_short_C2,PF13561,2.5e-38,126.9,0.0,6.1e-38,125.6,0.0
NP_415787.1,Epimerase,PF01370,2e-06,22.3,0.0,5.8e-06,20.8,0.0
NP_415790.1,Topoisom_bac,PF01131,1.8e-130,430.5,0.5,1.8e-130,430.5,0.5
NP_415790.1,Toprim,PF01751,4e-23,76.4,0.0,1e-22,75.1,0.0
NP_415791.1,LysR_substrate,PF03466,9.2e-46,150.8,0.0,1.2e-45,150.4,0.0
NP_415791.1,HTH_1,PF00126,5.3e-16,53.4,0.0,9.2e-16,52.6,0.0
NP_415797.1,OMPdecase,PF00215,1.2e-70,232.7,0.0,1.4e-70,232.6,0.0
NP_415802.1,S1,PF00575,1.2e-15,52.6,1.1,2.1e-13,45.4,0.3
NP_415804.1,adh_short_C2,PF13561,6.2e-90,295.8,0.5,6.9e-90,295.6,0.5
NP_415804.1,adh_short,PF00106,5.7e-17,56.7,0.1,7.1e-17,56.4,0.1
NP_415806.1,ABC_tran,PF00005,7.9e-38,125.1,0.0,1.7e-37,124.0,0.0
NP_415807.1,ABC_tran,PF00005,1.8e-32,107.8,0.0,8.4e-31,102.3,0.0
NP_415808.1,BPD_transp_1,PF00528,1.7e-20,68.5,14.3,1.7e-20,68.5,14.3
NP_415809.1,BPD_transp_1,PF00528,1.2e-43,144.0,11.5,1.2e-43,144.0,11.5
NP_415810.1,SBP_bac_5,PF00496,5.2e-90,297.1,0.0,6.3e-90,296.8,0.0
NP_415813.4,Gln-synt_C,PF00120,2.9e-108,356.8,0.0,3.6e-108,356.6,0.0
NP_415814.4,GATase,PF00117,1.5e-13,45.8,0.0,2.9e-13,44.8,0.0
NP_415815.1,HTH_3,PF01381,1.3e-16,55.4,0.5,1.9e-16,54.8,0.5
NP_415816.1,Aldedh,PF00171,3.5e-172,568.0,0.0,4e-172,567.8,0.0
NP_415817.1,DAO,PF01266,3.9e-76,251.8,0.6,4.5e-76,251.6,0.6
NP_415818.1,Aminotran_1_2,PF00155,6.9e-06,20.3,0.1,5.5e-05,17.4,0.1
NP_415824.1,Rhodanese,PF00581,8.9e-18,59.6,0.0,1.1e-17,59.3,0.0
NP_415827.1,BPD_transp_1,PF00528,5.1e-25,83.2,16.4,5.1e-25,83.2,16.4
NP_415828.1,BPD_transp_1,PF00528,9.6e-19,62.7,18.1,9.6e-19,62.7,18.1
NP_415829.1,ADH_zinc_N,PF00107,3.6e-28,93.1,0.0,6.2e-28,92.3,0.0
NP_415833.1,Hydrolase,PF00702,6e-26,86.9,0.0,7e-26,86.7,0.0
NP_415833.1,HAD_2,PF13419,1.8e-23,78.4,0.0,2.2e-23,78.1,0.0
NP_415839.1,AAA,PF00004,2.9e-06,22.7,0.0,7e-06,21.5,0.0
NP_415840.1,AhpC-TSA,PF00578,6.6e-18,59.8,0.0,8e-18,59.5,0.0
NP_415844.1,LysR_substrate,PF03466,6e-37,122.0,0.0,8.7e-37,121.4,0.0
NP_415844.1,HTH_1,PF00126,2.9e-23,76.6,3.4,5.1e-23,75.8,3.4
NP_415845.2,SBP_bac_5,PF00496,5.7e-97,320.0,9.9,8.1e-97,319.5,9.9
NP_415846.1,MS_channel_2nd,PF00924,2.4e-24,80.2,0.1,2.4e-24,80.2,0.1
NP_415851.1,DNA_binding_1,PF01035,6.1e-39,126.8,0.2,8.4e-39,126.3,0.2
NP_415853.1,Peptidase_M20,PF01546,5e-10,34.5,0.8,1.1e-09,33.5,0.1
NP_415854.4,Peptidase_M20,PF01546,5.4e-37,122.6,4.4,7.2e-37,122.2,4.4
NP_415855.1,LysR_substrate,PF03466,3.3e-42,139.1,0.0,4.4e-42,138.7,0.0
NP_415855.1,HTH_1,PF00126,1.1e-22,74.7,0.5,2.3e-22,73.7,0.5
NP_415859.1,DEAD,PF00270,7.7e-52,170.3,0.0,6.9e-49,160.7,0.0
NP_415859.1,Helicase_C,PF00271,1.2e-32,107.4,0.0,3.8e-31,102.6,0.0
NP_415859.1,ResIII,PF04851,3.8e-10,34.8,0.0,6.6e-10,34.1,0.0
NP_415860.1,ATP_bind_3,PF01171,2.3e-15,51.7,0.0,3.5e-15,51.1,0.0
NP_415861.1,Phage_integrase,PF00589,1.3e-24,81.8,0.0,3.8e-24,80.3,0.0
NP_415875.1,HTH_3,PF01381,3.3e-07,25.3,0.0,8.2e-07,24.0,0.0
NP_415878.1,Bac_DnaA,PF00308,1.8e-10,36.2,0.0,2.3e-10,35.8,0.0
NP_415883.1,ParB_N,PF02195,1.3e-12,42.7,0.1,1.3e-12,42.7,0.1
NP_415898.1,2-Hacid_dh_C,PF02826,1.3e-53,176.0,0.0,2e-53,175.3,0.0
NP_415903.4,Aldedh,PF00171,1.6e-162,536.1,0.0,2e-162,535.8,0.0
NP_415905.1,Aldedh,PF00171,5.1e-61,201.5,0.1,6.2e-61,201.2,0.1
NP_415914.1,4HBT,PF03061,7.5e-23,75.7,0.2,1.2e-22,74.9,0.0
NP_415915.1,ketoacyl-synt,PF00109,4.4e-06,21.4,0.3,1.1e-05,20.1,0.3
NP_415916.1,AMP-binding,PF00501,9e-20,65.7,0.0,1.2e-19,65.3,0.0
NP_415918.1,Hexapep,PF00132,1.9e-17,57.2,14.8,3e-10,34.4,1.9
NP_415926.4,CDP-OH_P_transf,PF01066,4.3e-11,38.4,8.1,5.7e-11,38.0,8.1
NP_415927.1,CTP_transf_1,PF01148,2e-71,235.8,17.3,2.7e-71,235.4,17.3
NP_415931.4,Helicase_C,PF00271,2.2e-14,48.6,0.1,8.6e-14,46.7,0.1
NP_415931.4,DEAD,PF00270,4.8e-09,31.1,0.0,1.4e-08,29.6,0.0
NP_415933.1,Aldedh,PF00171,6.5e-169,557.2,0.9,7.2e-169,557.0,0.9
NP_415938.1,HAMP,PF00672,7.7e-13,43.6,0.8,7.7e-13,43.6,0.8
NP_415939.2,LysR_substrate,PF03466,1.9e-36,120.4,0.0,2.5e-36,119.9,0.0
NP_415939.2,HTH_1,PF00126,4.6e-21,69.5,2.9,8.9e-21,68.6,2.9
NP_415944.1,Acetyltransf_1,PF00583,2.6e-16,54.9,0.0,3.6e-16,54.5,0.0
NP_415947.1,Methyltransf_25,PF13649,5.7e-16,54.0,0.0,9.5e-16,53.3,0.0
NP_415947.1,MTS,PF05175,3.5e-09,31.4,0.0,5.3e-09,30.8,0.0
NP_415951.1,HTH_3,PF01381,2.1e-18,61.1,0.0,3e-18,60.6,0.0
NP_415955.2,HTH_3,PF01381,3.5e-09,31.6,0.1,5.2e-09,31.0,0.1
NP_415956.1,Aminotran_1_2,PF00155,3.1e-35,116.9,0.0,5.8e-35,116.0,0.0
NP_415958.1,ABC_tran,PF00005,8.3e-36,118.6,0.0,1.9e-35,117.4,0.0
NP_415959.1,BPD_transp_1,PF00528,9.5e-15,49.7,20.6,9.5e-15,49.7,20.6
NP_415960.1,BPD_transp_1,PF00528,4.9e-13,44.1,13.7,4.9e-13,44.1,13.7
NP_415961.1,Aldedh,PF00171,1.2e-169,559.6,0.0,1.4e-169,559.4,0.0
NP_415965.1,Acetyltransf_1,PF00583,8e-23,75.9,0.1,1e-22,75.5,0.1
NP_415966.6,ADH_zinc_N,PF00107,8.1e-21,69.3,0.0,1.1e-20,68.8,0.0
NP_415986.1,MFS_1,PF07690,2.8e-14,47.7,61.0,2.8e-14,47.7,61.0
NP_415990.5,EamA,PF00892,2.2e-17,58.6,43.8,3e-10,35.4,21.0
NP_415994.4,HTH_3,PF01381,1.5e-11,39.1,0.1,1e-10,36.5,0.0
NP_415995.4,ADH_zinc_N,PF00107,7.8e-32,104.9,2.1,1.3e-31,104.1,2.1
NP_415995.4,ADH_N,PF08240,1.8e-28,93.8,5.0,1.8e-28,93.8,5.0
NP_416000.1,ABC_tran,PF00005,7.5e-31,102.5,0.0,1.2e-30,101.9,0.0
NP_416001.1,ABC_tran,PF00005,2.9e-31,103.8,0.0,3.8e-31,103.4,0.0
NP_416002.1,BPD_transp_1,PF00528,2.2e-34,113.7,10.3,2.2e-34,113.7,10.3
NP_416003.1,BPD_transp_1,PF00528,2.6e-46,152.6,13.7,2.6e-46,152.6,13.7
NP_416004.1,SBP_bac_5,PF00496,1.9e-102,338.0,6.2,2.9e-102,337.4,6.2
NP_416011.1,Peptidase_M16_C,PF05193,6.1e-56,184.1,1.5,8.3e-31,102.2,0.1
NP_416011.1,Peptidase_M16,PF00675,1.9e-42,139.6,5.8,5.6e-42,138.1,0.0
NP_416013.1,ABC_tran,PF00005,2.1e-20,68.7,0.0,5.7e-20,67.3,0.0
NP_416014.4,Radical_SAM,PF04055,3.4e-24,80.8,0.0,6.2e-24,80.0,0.0
NP_416025.1,HTH_3,PF01381,9.9e-17,55.7,0.0,1.6e-16,55.1,0.0
NP_416030.1,ABC_tran,PF00005,1.2e-54,179.6,0.2,3.7e-30,100.3,0.0
NP_416036.1,Methyltransf_25,PF13649,5.6e-20,66.8,0.0,2.5e-19,64.7,0.0
NP_416036.1,MTS,PF05175,1.3e-06,23.0,0.0,2e-06,22.4,0.0
NP_416042.2,Aldedh,PF00171,4.2e-143,472.1,0.9,4.9e-143,471.9,0.9
NP_416043.1,LysR_substrate,PF03466,1.7e-47,156.5,0.0,2.4e-47,155.9,0.0
NP_416043.1,HTH_1,PF00126,2.2e-20,67.4,1.0,4.1e-20,66.5,1.0
NP_416045.1,MFS_1,PF07690,6.4e-40,132.0,59.9,6.4e-40,132.0,59.9
NP_416050.4,EamA,PF00892,1.9e-30,100.8,44.4,4.2e-17,57.6,17.2
NP_416051.1,MFS_1,PF07690,8.4e-34,111.9,51.6,1.1e-33,111.5,37.7
NP_416057.1,adh_short,PF00106,2.6e-55,181.8,0.0,3.1e-55,181.6,0.0
NP_416057.1,adh_short_C2,PF13561,2.5e-37,123.6,0.0,3.1e-37,123.3,0.0
NP_416057.1,Epimerase,PF01370,1.2e-08,29.6,0.1,3.9e-08,27.9,0.1
NP_416088.1,HTH_3,PF01381,2.6e-18,60.8,0.0,5.2e-18,59.8,0.0
NP_416097.1,ADH_N,PF08240,1.6e-34,113.2,1.4,6.6e-34,111.3,2.0
NP_416097.1,ADH_zinc_N,PF00107,2.5e-23,77.4,0.0,4.2e-23,76.7,0.0
NP_416101.1,Acetyltransf_1,PF00583,2.1e-21,71.3,0.3,2.8e-21,70.9,0.3
NP_416112.1,LysR_substrate,PF03466,4.6e-50,164.8,1.5,6.5e-50,164.3,1.5
NP_416112.1,HTH_1,PF00126,1.1e-25,84.4,2.3,2.1e-25,83.4,2.3
NP_416113.1,MFS_1,PF07690,2.3e-44,146.6,63.1,8.4e-32,105.3,27.8
NP_416115.1,Trypsin_2,PF13365,1.2e-10,37.2,0.0,2.9e-10,36.0,0.0
NP_416118.1,AI-2E_transport,PF01594,8.2e-82,270.0,39.6,9.4e-82,269.8,39.6
NP_416123.1,adh_short_C2,PF13561,2.2e-23,78.0,0.0,2.7e-23,77.7,0.0
NP_416123.1,adh_short,PF00106,1.1e-19,65.6,0.0,1.4e-19,65.2,0.0
NP_416125.2,Trans_reg_C,PF00486,9e-24,78.3,0.5,2.6e-23,76.9,0.0
NP_416125.2,Response_reg,PF00072,2.8e-22,73.9,0.1,4.3e-22,73.4,0.1
NP_416126.1,HATPase_c,PF02518,1.2e-26,88.3,0.0,2.3e-26,87.4,0.0
NP_416126.1,HisKA,PF00512,4.6e-11,37.6,1.6,1.3e-10,36.2,1.6
NP_416126.1,HAMP,PF00672,2e-10,35.8,0.1,4.9e-10,34.6,0.1
NP_416128.1,Lyase_1,PF00206,6.7e-127,418.1,0.1,9.7e-127,417.5,0.1
NP_416133.1,MFS_1,PF07690,1.5e-15,51.9,50.9,1.8e-14,48.3,44.1
NP_416135.1,TetR_N,PF00440,2.7e-20,66.9,0.1,1.5e-19,64.5,0.0
NP_416136.1,adh_short_C2,PF13561,1.4e-66,219.4,0.8,1.7e-66,219.1,0.8
NP_416136.1,adh_short,PF00106,1.7e-61,202.0,1.1,2.2e-61,201.6,1.1
NP_416139.1,Aminotran_1_2,PF00155,3.1e-70,232.1,0.0,3.5e-70,231.9,0.0
NP_416150.1,HhH-GPD,PF00730,2.5e-26,87.1,0.0,3.8e-26,86.5,0.0
NP_416151.1,MFS_1,PF07690,1.3e-23,78.4,54.8,8.8e-19,62.5,38.0
NP_416153.1,PfkB,PF00294,1.1e-11,39.5,0.2,3.9e-11,37.7,0.1
NP_416154.1,tRNA-synt_1b,PF00579,4.8e-97,319.7,0.0,6.1e-97,319.3,0.0
NP_416154.1,S4,PF01479,1.4e-08,29.3,0.0,3.4e-08,28.1,0.0
NP_416161.4,Biotin_lipoyl,PF00364,3.7e-08,28.1,0.0,0.0012,13.7,0.1
NP_416166.3,TetR_N,PF00440,1.3e-11,39.1,0.0,2e-11,38.5,0.0
NP_416169.1,RNase_T,PF00929,2.3e-25,85.0,0.0,2.9e-25,84.6,0.0
NP_416170.1,DEAD,PF00270,2.6e-32,106.8,0.0,8.5e-32,105.1,0.0
NP_416170.1,Helicase_C,PF00271,2.6e-15,51.6,0.1,3.1e-14,48.1,0.0
NP_416170.1,ResIII,PF04851,1.1e-10,36.6,0.0,2.2e-10,35.6,0.0
NP_416174.1,MFS_1,PF07690,5.4e-38,125.6,62.9,5.3e-37,122.4,47.8
NP_416176.1,LysR_substrate,PF03466,6.5e-31,102.2,0.0,1.1e-30,101.4,0.0
NP_416176.1,HTH_1,PF00126,8.5e-23,75.1,0.2,1.4e-22,74.4,0.2
NP_416178.1,Methyltransf_25,PF13649,3.6e-19,64.3,0.0,6.7e-19,63.4,0.0
NP_416178.1,MTS,PF05175,4.8e-07,24.4,0.0,8.3e-07,23.7,0.0
NP_416193.1,LysM,PF01476,2.8e-10,35.0,0.0,5.7e-10,34.0,0.0
NP_416195.1,Aminotran_5,PF00266,6.7e-162,533.5,0.0,7.6e-162,533.3,0.0
NP_416197.1,ABC_tran,PF00005,3.2e-23,77.8,0.0,4.3e-23,77.4,0.0
NP_416201.1,4HBT,PF03061,2.6e-20,67.5,0.1,3.9e-20,66.9,0.1
NP_416202.1,FAD_binding_4,PF01565,4.9e-40,131.4,0.2,1.5e-39,129.9,0.1
NP_416203.1,AI-2E_transport,PF01594,7.4e-67,220.9,38.1,8.6e-67,220.7,38.1
NP_416205.1,MFS_1,PF07690,1.4e-33,111.2,51.2,2.5e-24,80.7,38.0
NP_416206.6,MFS_1,PF07690,9.3e-35,115.0,58.1,8e-31,102.1,40.2
NP_416207.1,Shikimate_dh_N,PF08501,8.9e-30,97.8,0.0,1.8e-29,96.8,0.0
NP_416214.1,DAO,PF01266,1.2e-18,62.7,4.8,1.6e-09,32.6,0.3
NP_416214.1,Pyr_redox_2,PF07992,1.5e-09,32.6,3.7,1.9e-07,25.7,0.2
NP_416216.5,AMP-binding,PF00501,5.6e-90,296.8,0.0,6.9e-90,296.5,0.0
NP_416216.5,AMP-binding_C,PF13193,2e-20,68.5,0.3,4.3e-20,67.4,0.3
NP_416217.1,PEP-utilizers,PF00391,1.5e-31,102.8,0.5,4.4e-31,101.3,0.5
NP_416224.1,ABC_tran,PF00005,4.5e-25,83.8,0.0,7.5e-25,83.1,0.0
NP_416227.1,Bac_DNA_binding,PF00216,8.3e-33,107.5,0.1,9.4e-33,107.3,0.1
NP_416228.1,B3_4,PF03483,4e-77,252.7,0.0,6.6e-77,251.9,0.0
NP_416228.1,tRNA_synthFbeta,PF17759,2.2e-63,208.5,0.0,3.8e-63,207.7,0.0
NP_416228.1,FDX-ACB,PF03147,9.9e-32,104.3,0.0,1.9e-31,103.4,0.0
NP_416228.1,tRNA_bind,PF01588,2.6e-28,92.9,0.4,8.9e-28,91.3,0.0
NP_416228.1,B5,PF03484,2e-26,86.9,1.1,3e-25,83.2,0.2
NP_416229.1,tRNA-synt_2d,PF01409,2.4e-109,359.4,0.1,2.9e-109,359.1,0.1
NP_416229.1,Phe_tRNA-synt_N,PF02912,1.7e-29,96.6,1.5,4.2e-29,95.3,1.5
NP_416231.1,Ribosomal_L20,PF00453,1.1e-49,162.0,9.4,1.2e-49,161.8,9.4
NP_416232.3,Ribosomal_L35p,PF01632,7.5e-25,82.2,8.9,8e-25,82.1,8.9
NP_416233.1,IF3_C,PF00707,1.4e-37,122.5,0.8,2.9e-37,121.5,0.8
NP_416234.1,tRNA-synt_2b,PF00587,2.5e-65,214.8,0.0,4.5e-65,214.0,0.0
NP_416234.1,HGTP_anticodon,PF03129,1.6e-27,90.5,1.1,4e-27,89.2,1.1
NP_416234.1,TGS,PF02824,8.8e-18,59.1,0.2,1.8e-16,54.9,0.0
NP_416234.1,tRNA_SAD,PF07973,1.8e-17,58.0,0.0,3.8e-17,57.0,0.0
NP_416237.3,PfkB,PF00294,8.4e-72,236.9,0.7,9.7e-72,236.7,0.7
NP_416241.1,Hydrolase,PF00702,1.4e-26,89.0,0.0,2e-26,88.5,0.0
NP_416241.1,HAD_2,PF13419,4.6e-24,80.3,0.0,5.5e-24,80.1,0.0
NP_416254.1,NAD_synthase,PF02540,5.7e-80,262.8,0.0,6.7e-80,262.6,0.0
NP_416260.1,Aldedh,PF00171,7.1e-121,398.8,0.0,8.8e-121,398.5,0.0
NP_416262.1,Aminotran_1_2,PF00155,1.3e-07,26.1,0.0,1.6e-07,25.7,0.0
NP_416263.1,Exo_endo_phos,PF03372,5.8e-40,132.2,0.0,6.6e-40,132.0,0.0
NP_416264.4,VTT_dom,PF09335,1.3e-27,91.7,5.7,1.3e-27,91.7,5.7
NP_416266.1,VTT_dom,PF09335,2.8e-26,87.4,7.0,2.8e-26,87.4,7.0
NP_416269.4,BPD_transp_1,PF00528,6.3e-09,30.7,17.9,6.3e-09,30.7,17.9
NP_416270.1,ABC_tran,PF00005,4.3e-31,103.3,0.0,5.5e-31,102.9,0.0
NP_416271.4,Rhodanese,PF00581,2.9e-33,109.3,0.3,1.4e-13,46.1,0.0
NP_416272.2,CDP-OH_P_transf,PF01066,2.5e-12,42.4,8.6,3.2e-12,42.1,8.6
NP_416273.1,NUDIX,PF00293,5.7e-25,82.8,0.7,6.4e-25,82.7,0.7
NP_416277.1,Topoisom_bac,PF01131,1.4e-110,365.0,0.0,1.9e-110,364.6,0.0
NP_416277.1,Toprim,PF01751,2.3e-17,57.9,0.0,5.8e-17,56.7,0.0
NP_416278.1,AIRS,PF00586,1.3e-27,91.4,0.2,3.2e-27,90.2,0.2
NP_416278.1,AIRS_C,PF02769,4.8e-25,83.5,0.7,7e-25,82.9,0.7
NP_416279.1,Nitroreductase,PF00881,1.3e-26,88.6,0.1,1.6e-26,88.4,0.1
NP_416280.1,CLP_protease,PF00574,3.1e-07,25.3,0.3,3.5e-05,18.7,0.2
NP_416283.1,MFS_1,PF07690,3.6e-40,132.8,58.9,1.3e-37,124.4,45.7
NP_416286.4,PfkB,PF00294,2.2e-75,248.7,0.2,2.6e-75,248.5,0.2
NP_416288.1,ADH_zinc_N,PF00107,1.3e-30,101.0,0.8,3.3e-30,99.6,0.8
NP_416288.1,ADH_N,PF08240,5.4e-30,98.7,0.2,5.4e-30,98.7,0.2
NP_416289.1,MFS_1,PF07690,1.8e-37,123.9,48.7,1.3e-35,117.8,32.9
NP_416290.1,ADH_zinc_N,PF00107,3.5e-32,106.0,0.2,6.6e-32,105.1,0.2
NP_416290.1,ADH_N,PF08240,3.3e-24,80.1,3.8,4.2e-24,79.8,2.2
NP_416293.1,Gp_dh_C,PF02800,5.5e-74,242.0,0.0,7.6e-74,241.5,0.0
NP_416293.1,Gp_dh_N,PF00044,6.3e-45,146.6,0.9,1.9e-44,145.1,0.2
NP_416305.1,MFS_1,PF07690,8.3e-28,92.2,56.7,1.3e-25,84.9,52.2
NP_416313.4,LysR_substrate,PF03466,9.9e-35,114.7,0.3,1.4e-34,114.2,0.3
NP_416313.4,HTH_1,PF00126,6.6e-20,65.9,1.2,1.1e-19,65.2,1.2
NP_416319.1,AMP-binding,PF00501,9.5e-103,338.8,0.0,1.2e-102,338.5,0.0
NP_416319.1,AMP-binding_C,PF13193,5e-21,70.4,1.5,5.7e-20,67.0,0.4
NP_416321.1,TsaD,PF00814,4e-30,100.3,0.0,7.4e-30,99.4,0.0
NP_416322.1,DEAD,PF00270,6e-14,47.1,1.7,7.4e-08,27.2,0.1
NP_416322.1,ResIII,PF04851,1.1e-09,33.3,0.1,5.2e-06,21.4,0.0
NP_416327.1,NUDIX,PF00293,1.1e-17,59.2,0.0,2.1e-17,58.4,0.0
NP_416330.1,CorC_HlyC,PF03471,7.4e-19,62.6,0.4,1.8e-18,61.3,0.4
NP_416330.1,CBS,PF00571,2.3e-09,32.5,1.3,0.00041,15.6,0.1
NP_416336.1,Methyltransf_25,PF13649,3.6e-17,57.8,0.0,7.8e-17,56.8,0.0
NP_416336.1,Methyltransf_4,PF02390,2.2e-07,25.5,0.0,7.2e-06,20.5,0.0
NP_416336.1,MTS,PF05175,3.1e-07,25.0,0.0,4.6e-07,24.5,0.0
NP_416342.4,MFS_1,PF07690,1e-54,180.7,46.1,1e-54,180.7,46.1
NP_416349.2,Methyltr_RsmB-F,PF01189,2.5e-47,156.0,0.0,3.7e-47,155.5,0.0
NP_416352.4,Metallophos,PF00149,3.2e-17,58.5,1.1,4.4e-17,58.1,1.1
NP_416358.1,RNase_T,PF00929,1.5e-18,62.8,0.0,1.3e-17,59.7,0.0
NP_416363.1,Dala_Dala_lig_C,PF07478,5.8e-11,37.2,0.0,5.2e-10,34.1,0.0
NP_416363.1,CPSase_L_D2,PF02786,2.2e-08,28.8,0.0,3.8e-08,28.0,0.0
NP_416367.1,SIS,PF01380,6.6e-32,105.0,0.6,9.2e-32,104.5,0.1
NP_416370.2,LysM,PF01476,2.6e-09,31.9,1.6,3.7e-09,31.4,0.2
NP_416372.1,ABC_tran,PF00005,4.3e-31,103.3,0.0,7.1e-31,102.6,0.0
NP_416374.1,RuvB_N,PF05496,8e-84,274.1,0.0,1.1e-83,273.7,0.0
NP_416374.1,AAA_lid_4,PF17864,2.6e-33,108.6,0.4,4.6e-33,107.8,0.4
NP_416374.1,WHD_RuvB,PF05491,6.3e-26,85.1,0.0,1.1e-25,84.4,0.0
NP_416374.1,AAA,PF00004,1.7e-23,78.5,0.0,3.4e-23,77.5,0.0
NP_416375.1,RuvA_N,PF01330,2.4e-26,86.6,0.2,1.2e-25,84.3,0.1
NP_416375.1,RuvA_C,PF07499,4.5e-18,60.5,1.9,4.5e-18,60.5,1.9
NP_416375.1,HHH_5,PF14520,1.2e-16,55.9,1.9,1.3e-16,55.8,0.3
NP_416378.1,Transcrip_reg,PF01709,4.1e-64,210.0,0.1,5.4e-64,209.7,0.1
NP_416379.1,NUDIX,PF00293,3.7e-19,64.0,0.4,4.4e-19,63.8,0.4
NP_416380.1,tRNA-synt_2,PF00152,6.1e-126,414.5,0.0,7.4e-126,414.2,0.0
NP_416380.1,tRNA_anti-codon,PF01336,7.8e-20,65.6,0.0,1.7e-19,64.6,0.0
NP_416384.1,Methyltransf_25,PF13649,3.7e-17,57.8,0.0,7.2e-17,56.9,0.0
NP_416385.1,Methyltransf_25,PF13649,1.2e-08,30.5,0.0,2.8e-08,29.3,0.0
NP_416390.1,tRNA-synt_1d,PF00750,1.1e-182,601.6,0.3,1.4e-182,601.2,0.3
NP_416390.1,DALR_1,PF05746,2.1e-39,129.2,0.2,9.4e-39,127.1,0.2
NP_416390.1,Arg_tRNA_synt_N,PF03485,1e-24,81.9,0.2,3.7e-24,80.2,0.1
NP_416396.1,Response_reg,PF00072,1.9e-33,109.9,0.0,2.2e-33,109.7,0.0
NP_416397.1,Response_reg,PF00072,2.3e-24,80.7,0.2,6.4e-24,79.3,0.2
NP_416399.1,HAMP,PF00672,3.5e-11,38.3,3.7,5.3e-11,37.7,0.0
NP_416400.1,HAMP,PF00672,3.3e-13,44.7,4.8,1.2e-12,43.0,0.6
NP_416402.2,HATPase_c,PF02518,4.6e-20,67.1,0.2,9.2e-20,66.1,0.2
NP_416411.1,Hydrolase_3,PF08282,4.8e-06,21.4,0.0,0.0076,10.9,0.0
NP_416413.1,ABC_tran,PF00005,2.8e-58,191.4,0.0,7.2e-37,122.0,0.0
NP_416422.1,CDP-OH_P_transf,PF01066,1.2e-39,131.1,15.5,1.5e-39,130.8,15.5
NP_416423.4,UvrC_RNaseH_dom,PF08459,2.8e-51,168.4,0.0,6e-51,167.4,0.0
NP_416423.4,GIY-YIG,PF01541,2.3e-12,42.0,0.1,4.6e-12,41.1,0.1
NP_416423.4,UVR,PF02151,7.1e-12,39.8,1.0,1.4e-11,38.8,1.0
NP_416423.4,HHH_5,PF14520,2e-10,36.0,0.0,5.6e-10,34.6,0.0
NP_416424.1,Response_reg,PF00072,2.3e-33,109.7,0.1,3.8e-33,109.0,0.1
NP_416427.1,ABC_tran,PF00005,1.9e-40,133.6,0.0,2.9e-40,133.0,0.0
NP_416428.1,BPD_transp_1,PF00528,2.1e-30,100.7,11.3,2.9e-30,100.3,11.3
NP_416429.4,PALP,PF00291,1.8e-55,183.2,0.2,2e-55,183.1,0.2
NP_416432.3,Sigma70_r3,PF04539,2.4e-20,67.4,0.4,2.4e-20,67.4,0.4
NP_416432.3,Sigma70_r4,PF04545,4.7e-19,62.7,4.5,1.5e-18,61.1,1.4
NP_416432.3,Sigma70_r2,PF04542,1.3e-18,61.5,0.3,3.1e-18,60.3,0.3
NP_416442.1,Acetyltransf_1,PF00583,8.6e-16,53.2,0.0,1.3e-15,52.6,0.0
NP_416451.1,ATP-synt_ab,PF00006,1e-87,288.2,0.1,1.5e-87,287.6,0.1
NP_416464.1,Hydrolase_3,PF08282,2e-16,55.4,0.0,9.3e-15,49.9,0.0
NP_416468.1,EamA,PF00892,9.9e-45,147.1,43.8,5.1e-26,86.5,14.3
NP_416471.1,HD,PF01966,1.5e-18,62.1,0.8,3.4e-18,61.0,0.8
NP_416477.1,HATPase_c,PF02518,1.8e-19,65.2,0.0,3.2e-19,64.4,0.0
NP_416477.1,HisKA,PF00512,1.1e-12,42.9,1.1,1.1e-12,42.9,1.1
NP_416478.2,Response_reg,PF00072,1.7e-29,97.2,0.0,2.7e-29,96.5,0.0
NP_416478.2,Trans_reg_C,PF00486,1e-26,87.8,0.0,2.6e-26,86.5,0.0
NP_416488.1,MFS_1,PF07690,1.1e-29,98.3,51.2,3.9e-18,60.4,25.9
NP_416489.1,PNP_UDP_1,PF01048,3.2e-23,77.2,0.0,5.3e-23,76.5,0.0
NP_416490.1,Transcrip_reg,PF01709,4e-53,174.3,0.6,6.8e-53,173.6,0.6
NP_416491.3,MatE,PF01554,1e-57,189.3,35.2,1.1e-38,127.4,10.3
NP_416492.1,LysR_substrate,PF03466,1.4e-46,153.5,0.3,1.9e-46,153.0,0.3
NP_416492.1,HTH_1,PF00126,2.7e-14,47.9,0.0,5.2e-14,47.0,0.0
NP_416493.1,LysR_substrate,PF03466,1.7e-34,113.9,0.1,2.3e-34,113.5,0.1
NP_416493.1,HTH_1,PF00126,4.7e-23,75.9,0.1,8.9e-23,75.0,0.1
NP_416515.1,RNase_T,PF00929,6.2e-33,109.6,0.0,1.3e-32,108.5,0.0
NP_416519.4,LysR_substrate,PF03466,8.3e-29,95.4,0.0,1e-28,95.1,0.0
NP_416519.4,HTH_1,PF00126,2.8e-15,51.0,0.4,5.9e-15,50.0,0.0
NP_416520.1,Epimerase,PF01370,5.1e-14,47.2,0.0,3.7e-13,44.3,0.0
NP_416525.1,Aminotran_1_2,PF00155,1.6e-78,259.3,0.0,1.9e-78,259.1,0.0
NP_416526.4,HAD_2,PF13419,5e-08,28.1,0.0,8.2e-06,20.9,0.0
NP_416527.1,GATase,PF00117,4.1e-21,70.4,0.0,4.9e-21,70.2,0.0
NP_416528.2,Dus,PF01207,5.2e-06,20.7,0.2,0.0082,10.2,0.1
NP_416529.1,Dus,PF01207,5.3e-09,30.5,0.0,9.1e-06,19.9,0.0
NP_416536.1,Glycos_transf_1,PF00534,9.8e-34,111.3,0.0,2e-33,110.2,0.0
NP_416537.1,Hexapep,PF00132,3.6e-14,46.8,13.4,2.1e-11,38.1,5.4
NP_416543.1,NTP_transferase,PF00483,2e-85,281.2,0.0,2.3e-85,280.9,0.0
NP_416544.1,Epimerase,PF01370,4e-19,63.9,0.0,1.1e-18,62.5,0.0
NP_416545.1,Epimerase,PF01370,5.7e-74,243.4,0.1,7.6e-74,243.0,0.1
NP_416546.1,NTP_transferase,PF00483,1.5e-26,88.4,0.0,1.9e-26,88.0,0.0
NP_416548.1,Glycos_transf_1,PF00534,1.2e-41,137.0,0.0,2.5e-41,136.0,0.0
NP_416548.1,Glyco_transf_4,PF13439,1.5e-11,39.5,0.0,5.8e-08,27.9,0.0
NP_416552.1,PGM_PMM_I,PF02878,1.5e-35,116.8,0.0,5.4e-35,115.0,0.0
NP_416552.1,PGM_PMM_III,PF02880,3e-30,99.7,0.0,4.8e-30,99.0,0.0
NP_416552.1,PGM_PMM_II,PF02879,1.1e-24,81.9,0.0,2e-24,81.1,0.0
NP_416552.1,PGM_PMM_IV,PF00408,8.3e-10,33.6,0.1,1.9e-09,32.4,0.1
NP_416553.1,NTP_transferase,PF00483,2.6e-73,241.5,0.0,2e-72,238.6,0.0
NP_416554.1,Glycos_transf_1,PF00534,1.5e-27,91.2,0.0,2.1e-27,90.7,0.0
NP_416554.1,Glyco_transf_4,PF13439,8.2e-10,33.9,0.0,1.7e-09,32.9,0.0
NP_416555.2,NUDIX,PF00293,3e-23,77.2,0.0,3.5e-23,77.1,0.0
NP_416556.1,Epimerase,PF01370,1.4e-65,216.0,0.0,1.6e-65,215.8,0.0
NP_416557.1,Epimerase,PF01370,6.2e-81,266.2,0.0,7.8e-81,265.9,0.0
NP_416558.1,Hexapep,PF00132,9.4e-15,48.7,6.1,6.5e-09,30.2,0.2
NP_416559.1,Glycos_transf_2,PF00535,1.9e-15,52.1,0.0,2.4e-15,51.8,0.0
NP_416561.1,Glyco_transf_4,PF13439,1.6e-11,39.4,0.1,6.1e-11,37.5,0.1
NP_416561.1,Glycos_transf_1,PF00534,3.4e-09,31.4,0.0,7.1e-09,30.3,0.0
NP_416562.1,Hexapep,PF00132,6.3e-13,42.9,14.5,1.2e-10,35.7,4.7
NP_416563.1,Glycos_transf_2,PF00535,2.7e-35,116.7,0.1,4.5e-35,116.0,0.1
NP_416564.4,AAA_31,PF13614,1.5e-14,49.2,0.6,5.6e-14,47.3,0.0
NP_416567.4,CorC_HlyC,PF03471,1.5e-23,77.6,0.1,2.5e-22,73.7,0.0
NP_416567.4,CBS,PF00571,7.5e-17,56.4,1.6,3.3e-08,28.8,0.0
NP_416572.1,HhH-GPD,PF00730,5.5e-11,37.8,0.0,8.5e-11,37.1,0.0
NP_416573.4,HSP70,PF00012,9.9e-26,84.9,0.0,2e-16,54.2,0.0
NP_416578.2,Biotin_lipoyl,PF00364,1.1e-06,23.3,0.7,0.00015,16.6,0.0
NP_416581.1,MFS_1,PF07690,1.5e-60,199.8,68.7,1.5e-52,173.5,50.2
NP_416582.1,HATPase_c,PF02518,1.5e-27,91.2,0.0,3.1e-27,90.2,0.0
NP_416582.1,HAMP,PF00672,1.4e-18,61.9,0.8,4.9e-17,57.0,0.0
NP_416582.1,HisKA,PF00512,1.8e-16,54.9,1.8,3.6e-16,54.0,0.1
NP_416583.1,Response_reg,PF00072,4.1e-27,89.5,0.0,6.5e-27,88.9,0.0
NP_416583.1,Trans_reg_C,PF00486,4.4e-26,85.8,0.1,7.5e-26,85.0,0.1
NP_416590.1,NAD_kinase,PF01513,3.3e-07,25.6,0.3,6.2e-07,24.7,0.1
NP_416594.1,ADH_N,PF08240,4e-29,95.9,0.0,7.8e-29,95.0,0.0
NP_416594.1,ADH_zinc_N,PF00107,9.9e-27,88.4,0.0,1.8e-26,87.6,0.0
NP_416601.1,MFS_1,PF07690,5.6e-20,66.4,44.0,5.6e-20,66.4,44.0
NP_416603.1,PfkB,PF00294,2.7e-59,195.8,0.0,3.2e-59,195.6,0.0
NP_416606.1,PfkB,PF00294,8.4e-09,30.1,0.0,1.2e-08,29.6,0.0
NP_416616.4,AAA_31,PF13614,6.7e-12,40.6,0.2,2.8e-10,35.3,0.1
NP_416617.1,tRNA-synt_1g,PF09334,2.3e-167,551.5,0.1,2.9e-167,551.2,0.1
NP_416617.1,tRNA_bind,PF01588,1.5e-26,87.3,0.0,4.1e-26,85.9,0.0
NP_416617.1,tRNA-synt_1,PF00133,5.7e-20,66.3,0.6,1.6e-13,45.0,0.1
NP_416617.1,tRNA-synt_1e,PF01406,6.7e-16,53.4,0.2,1.7e-07,25.8,0.0
NP_416629.4,Response_reg,PF00072,7.4e-28,91.9,0.0,1.4e-27,91.1,0.0
NP_416630.1,HATPase_c,PF02518,5.7e-08,28.2,0.0,2.1e-07,26.4,0.0
NP_416631.1,MerR_1,PF13411,3.2e-20,67.0,0.3,3.7e-19,63.6,0.0
NP_416632.1,BPD_transp_1,PF00528,7.1e-29,95.7,16.3,7.1e-29,95.7,16.3
NP_416633.1,ABC_tran,PF00005,6.3e-35,115.7,0.0,1.1e-34,114.9,0.0
NP_416633.1,CBS,PF00571,1.9e-07,26.3,0.2,1.8e-06,23.2,0.0
NP_416634.1,BPD_transp_1,PF00528,9.2e-28,92.1,24.3,9.2e-28,92.1,24.3
NP_416637.1,FAD_binding_4,PF01565,3.1e-10,34.9,0.0,4.9e-10,34.2,0.0
NP_416640.2,VTT_dom,PF09335,2.5e-17,58.5,1.8,2.5e-17,58.5,1.8
NP_416641.1,adh_short_C2,PF13561,5.2e-61,201.1,0.1,6e-61,200.9,0.1
NP_416641.1,adh_short,PF00106,5.5e-53,174.3,0.1,6.3e-53,174.1,0.1
NP_416645.1,Dus,PF01207,4.5e-101,332.9,0.0,5.5e-101,332.6,0.0
NP_416648.1,dCMP_cyt_deam_1,PF00383,1.1e-18,61.9,0.0,3.6e-15,50.7,0.1
NP_416651.1,Pyr_redox_2,PF07992,3.8e-27,90.4,3.6,8.8e-27,89.1,3.6
NP_416651.1,DAO,PF01266,1.1e-10,36.4,2.0,6.5e-06,20.8,0.1
NP_416652.4,DHO_dh,PF01180,8.6e-40,131.6,0.0,1.1e-39,131.3,0.0
NP_416652.4,Dus,PF01207,3.7e-09,31.0,0.0,8.1e-09,29.9,0.1
NP_416654.1,ABC_tran,PF00005,6.7e-53,173.9,0.2,4.9e-32,106.3,0.0
NP_416662.1,LysR_substrate,PF03466,1.1e-58,192.9,0.9,1.7e-58,192.4,0.9
NP_416662.1,HTH_1,PF00126,3.2e-18,60.4,1.3,3.2e-18,60.4,1.3
NP_416665.1,PfkB,PF00294,4.9e-70,231.1,0.0,6.1e-70,230.8,0.0
NP_416671.1,PfkB,PF00294,1.5e-71,236.1,0.1,1.9e-71,235.8,0.1
NP_416673.1,PfkB,PF00294,1.5e-74,246.0,0.0,1.9e-74,245.6,0.0
NP_416675.1,MFS_1,PF07690,3.2e-46,152.7,64.5,7.3e-43,141.7,39.7
NP_416676.4,Elong-fact-P_C,PF09285,1.5e-22,74.0,0.2,3.9e-22,72.7,0.0
NP_416676.4,EFP_N,PF08207,4.3e-17,56.8,0.1,8.8e-17,55.8,0.1
NP_416676.4,EFP,PF01132,8.5e-17,55.8,1.3,1.9e-16,54.6,1.3
NP_416682.4,SBP_bac_5,PF00496,3.5e-67,222.0,8.3,5.2e-67,221.4,8.3
NP_416683.1,BPD_transp_1,PF00528,6.8e-41,134.9,14.3,6.8e-41,134.9,14.3
NP_416684.1,BPD_transp_1,PF00528,5.1e-32,106.0,12.0,9.1e-32,105.2,12.0
NP_416685.1,ABC_tran,PF00005,2e-66,217.7,0.1,1.3e-34,114.7,0.0
NP_416685.1,SMC_N,PF02463,2.4e-14,48.2,0.3,8.8e-07,23.5,0.0
NP_416687.1,MFS_1,PF07690,3.1e-52,172.5,56.0,3.1e-52,172.5,56.0
NP_416688.1,PseudoU_synth_2,PF00849,1.4e-22,75.5,0.0,2e-22,75.0,0.0
NP_416688.1,S4,PF01479,1.3e-11,39.0,0.2,2.7e-11,38.0,0.2
NP_416689.1,ResIII,PF04851,2.3e-33,110.4,0.0,3.8e-33,109.7,0.0
NP_416689.1,DEAD,PF00270,3e-17,57.8,0.1,2e-16,55.1,0.0
NP_416689.1,Helicase_C,PF00271,1.7e-16,55.5,0.0,9.4e-16,53.0,0.0
NP_416697.1,Response_reg,PF00072,3.5e-32,105.8,0.5,6e-32,105.1,0.5
NP_416699.1,AhpC-TSA,PF00578,1.4e-17,58.7,0.0,1.8e-17,58.4,0.0
NP_416705.2,ABC_tran,PF00005,1e-37,124.7,0.0,1.4e-37,124.3,0.0
NP_416714.1,DAO,PF01266,2e-11,38.9,0.1,4.1e-11,37.9,0.0
NP_416715.1,ABC_tran,PF00005,2.3e-31,104.2,0.0,4.3e-31,103.3,0.0
NP_416717.1,DNA_binding_1,PF01035,1.5e-37,122.3,1.2,6.7e-37,120.2,0.6
NP_416720.1,HATPase_c,PF02518,1e-13,46.7,0.0,2.2e-13,45.6,0.0
NP_416721.1,Response_reg,PF00072,5.2e-23,76.3,0.1,8.2e-23,75.7,0.1
NP_416722.2,HATPase_c,PF02518,7.5e-34,111.5,0.0,1.5e-33,110.5,0.0
NP_416722.2,Response_reg,PF00072,1.8e-31,103.5,0.1,4.3e-31,102.3,0.1
NP_416722.2,HisKA,PF00512,1.5e-19,64.8,1.6,2.3e-19,64.2,0.1
NP_416723.1,HATPase_c,PF02518,4.4e-27,89.7,0.0,1.2e-26,88.3,0.0
NP_416723.1,HisKA,PF00512,7.1e-20,65.9,0.8,1.8e-19,64.5,0.1
NP_416724.1,Response_reg,PF00072,1.1e-33,110.7,0.2,2.4e-33,109.6,0.2
NP_416724.1,AAA,PF00004,3.9e-07,25.5,0.0,5.4e-06,21.9,0.0
NP_416734.1,DNA_topoisoIV,PF00521,2.6e-162,535.5,0.0,3.2e-162,535.1,0.0
NP_416734.1,DNA_gyraseA_C,PF03989,1.9e-79,255.9,15.1,2.9e-16,53.6,0.2
NP_416735.1,Methyltransf_25,PF13649,3.3e-21,70.8,0.2,5.1e-21,70.2,0.2
NP_416735.1,MTS,PF05175,3.8e-08,28.0,0.0,5.5e-08,27.5,0.0
NP_416737.1,Ribonuc_red_lgC,PF02867,1.1e-140,464.6,0.0,5.7e-139,458.9,0.0
NP_416737.1,ATP-cone,PF03477,5.5e-15,50.7,0.1,1.2e-14,49.6,0.1
NP_416743.1,MFS_1,PF07690,1.5e-52,173.6,35.1,3.3e-50,165.8,28.0
NP_416744.1,DAO,PF01266,7.9e-61,201.4,4.0,1.1e-60,200.9,4.0
NP_416749.4,MFS_1,PF07690,5.1e-49,161.9,43.3,7.9e-49,161.3,43.3
NP_416754.1,NUDIX,PF00293,1.6e-24,81.4,0.0,1.8e-24,81.2,0.0
NP_416755.1,His_Phos_1,PF00300,1.3e-10,36.3,0.0,1e-06,23.5,0.0
NP_416756.6,Aminotran_1_2,PF00155,2.1e-11,38.5,0.2,9.2e-11,36.4,0.0
NP_416756.6,Cys_Met_Meta_PP,PF01053,1.5e-10,35.1,0.1,2.2e-10,34.5,0.1
NP_416756.6,Aminotran_5,PF00266,1.1e-07,26.0,0.2,1.5e-07,25.6,0.2
NP_416757.1,Glycos_transf_2,PF00535,3e-37,123.1,0.0,4e-37,122.7,0.0
NP_416758.1,Epimerase,PF01370,2.8e-48,159.3,0.0,4.4e-48,158.7,0.0
NP_416758.1,Formyl_trans_N,PF00551,5.9e-26,86.2,0.0,8.9e-26,85.7,0.0
NP_416758.1,Formyl_trans_C,PF02911,1e-23,78.4,0.0,1.9e-23,77.5,0.0
NP_416763.1,AMP-binding,PF00501,1.2e-50,167.3,0.3,1.5e-49,163.7,0.2
NP_416763.1,AMP-binding_C,PF13193,1.6e-08,30.3,0.1,3.4e-08,29.3,0.1
NP_416767.1,TPP_enzyme_N,PF02776,3.1e-23,76.8,2.1,2.5e-20,67.4,0.1
NP_416767.1,TPP_enzyme_C,PF02775,1e-10,36.6,0.0,1.9e-10,35.7,0.0
NP_416770.1,Acetyltransf_1,PF00583,6.6e-12,40.7,0.0,8.7e-12,40.3,0.0
NP_416771.4,Lactamase_B,PF00753,4.2e-09,31.5,0.2,7.5e-09,30.7,0.2
NP_416792.1,LysR_substrate,PF03466,4e-28,93.1,0.2,7.9e-28,92.2,0.2
NP_416792.1,HTH_1,PF00126,6.7e-20,65.8,1.9,1.1e-19,65.1,1.9
NP_416793.1,Aminotran_1_2,PF00155,8.2e-52,171.4,0.0,9.8e-52,171.2,0.0
NP_416794.1,HD,PF01966,5e-12,41.1,0.4,7.3e-12,40.6,0.4
NP_416795.1,TrkA_C,PF02080,2.1e-24,80.2,1.0,8.9e-13,43.0,0.1
NP_416796.2,Hydrolase,PF00702,5.2e-31,103.4,0.0,6.6e-31,103.1,0.0
NP_416796.2,HAD_2,PF13419,1.1e-24,82.4,0.0,1.4e-24,82.0,0.0
NP_416802.1,NUDIX,PF00293,1.3e-21,71.9,0.3,1.8e-21,71.5,0.3
NP_416803.3,Metallophos,PF00149,4e-16,55.0,0.1,2.7e-15,52.2,0.1
NP_416807.1,Epimerase,PF01370,2.1e-28,94.3,0.0,2.9e-28,93.8,0.0
NP_416809.1,ABC_tran,PF00005,1.2e-37,124.5,0.1,1.8e-37,124.0,0.1
NP_416810.1,BPD_transp_1,PF00528,1.5e-18,62.1,13.6,1.5e-18,62.1,13.6
NP_416811.1,BPD_transp_1,PF00528,1.3e-28,94.9,10.3,1.8e-28,94.4,10.3
NP_416814.1,Flavoprotein,PF02441,2.4e-44,145.7,0.1,2.9e-44,145.4,0.1
NP_416815.1,GATase_6,PF13522,6.6e-17,56.7,0.0,1.8e-16,55.3,0.0
NP_416815.1,Pribosyltran,PF00156,3.2e-09,31.2,0.0,5.6e-09,30.4,0.0
NP_416818.1,Mur_ligase_C,PF02875,9e-26,86.2,0.0,1.7e-25,85.2,0.0
NP_416818.1,Mur_ligase_M,PF08245,4.3e-11,38.0,0.0,2.2e-10,35.7,0.0
NP_416819.1,Carboxyl_trans,PF01039,1.3e-22,74.9,0.0,4e-22,73.4,0.0
NP_416820.1,VTT_dom,PF09335,1.3e-26,88.5,3.2,1.3e-26,88.5,3.2
NP_416821.1,PseudoU_synth_1,PF01416,2.8e-47,154.7,0.1,1.1e-32,107.7,0.0
NP_416822.1,Semialdhyde_dhC,PF02774,5.5e-47,155.2,0.0,7.5e-47,154.8,0.0
NP_416822.1,Semialdhyde_dh,PF01118,1.8e-30,100.8,0.0,3.8e-30,99.7,0.0
NP_416823.1,2-Hacid_dh_C,PF02826,2.5e-33,109.9,0.0,4.1e-33,109.2,0.0
NP_416825.1,MFS_1,PF07690,6.3e-38,125.4,68.0,2e-21,71.2,34.4
NP_416826.1,ketoacyl-synt,PF00109,2.6e-40,133.5,2.3,3.9e-40,132.9,2.3
NP_416826.1,Ketoacyl-synt_C,PF02801,3.3e-33,109.2,2.2,5.9e-33,108.4,0.5
NP_416827.4,DAO,PF01266,8.6e-54,178.3,0.1,1.4e-53,177.6,0.1
NP_416832.1,Chorismate_synt,PF01264,3.9e-144,474.2,0.0,4.5e-144,474.0,0.0
NP_416833.4,MTS,PF05175,4.2e-18,60.4,0.1,8.2e-17,56.2,0.0
NP_416833.4,Methyltransf_25,PF13649,1.4e-11,39.9,0.0,3.3e-11,38.7,0.0
NP_416833.4,Cons_hypoth95,PF03602,5.9e-07,24.2,0.0,9.8e-07,23.5,0.0
NP_416842.1,His_Phos_1,PF00300,7.9e-09,30.4,0.0,3.5e-08,28.3,0.0
NP_416844.1,ketoacyl-synt,PF00109,5.3e-06,21.1,4.7,2.8e-05,18.7,0.9
NP_416850.1,Phage_integrase,PF00589,9.8e-41,134.3,0.0,1.7e-40,133.5,0.0
NP_416852.1,Glycos_transf_2,PF00535,5.7e-33,109.1,0.0,7.5e-33,108.7,0.0
NP_416865.1,LysR_substrate,PF03466,3.9e-31,103.0,0.0,5.4e-31,102.5,0.0
NP_416865.1,HTH_1,PF00126,1.1e-23,77.9,0.9,1.8e-23,77.3,0.9
NP_416867.1,PALP,PF00291,8.7e-49,161.3,0.0,1.3e-48,160.7,0.0
NP_416868.1,MFS_1,PF07690,7.2e-54,177.9,37.7,7.2e-54,177.9,37.7
NP_416869.1,Biotin_lipoyl,PF00364,1.7e-06,22.8,0.1,0.0061,11.4,0.0
NP_416870.1,Response_reg,PF00072,3.1e-29,96.4,0.2,4.7e-29,95.8,0.2
NP_416871.1,Response_reg,PF00072,3.5e-33,109.1,0.3,1.4e-31,103.9,0.0
NP_416871.1,HATPase_c,PF02518,4.6e-29,96.1,0.1,8.4e-29,95.2,0.1
NP_416871.1,HisKA,PF00512,1.4e-18,61.7,0.0,4.6e-18,60.1,0.0
NP_416874.1,TPP_enzyme_N,PF02776,2.5e-36,119.0,0.5,2e-35,116.1,0.3
NP_416874.1,TPP_enzyme_C,PF02775,2.2e-28,93.9,0.1,3.6e-27,90.0,0.0
NP_416880.1,Aminotran_1_2,PF00155,7.7e-67,220.9,0.0,8.9e-67,220.7,0.0
NP_416881.1,HATPase_c,PF02518,1.5e-12,42.9,0.0,2.9e-12,42.0,0.0
NP_416882.1,Response_reg,PF00072,4e-26,86.4,0.1,6.9e-26,85.6,0.1
NP_416884.1,PEP-utilizers,PF00391,1e-15,52.1,0.0,2.3e-15,50.9,0.0
NP_416886.1,Peptidase_M24,PF00557,9e-75,245.9,0.1,1.2e-74,245.5,0.1
NP_416899.1,tRNA-synt_1c,PF00749,4.8e-127,418.1,0.0,7.6e-127,417.4,0.0
NP_416900.1,LysR_substrate,PF03466,6.6e-41,134.9,0.7,9.4e-41,134.4,0.7
NP_416900.1,HTH_1,PF00126,2.2e-25,83.4,0.2,4.6e-25,82.4,0.2
NP_416901.1,MFS_1,PF07690,7.8e-18,59.4,51.4,6.9e-13,43.1,15.7
NP_416902.1,PNP_UDP_1,PF01048,2.1e-46,153.1,0.6,2.4e-46,152.9,0.6
NP_416904.1,LysR_substrate,PF03466,4.1e-49,161.7,1.7,6.2e-49,161.1,1.7
NP_416904.1,HTH_1,PF00126,1.6e-25,83.9,3.0,2.6e-25,83.1,0.7
NP_416906.1,DNA_ligase_aden,PF01653,1.2e-112,370.4,0.0,1.9e-112,369.7,0.0
NP_416906.1,OB_DNA_ligase,PF03120,1.5e-37,122.4,0.6,1.4e-36,119.2,1.6
NP_416906.1,HHH_2,PF12826,3.5e-25,82.9,0.9,6.2e-24,78.9,0.4
NP_416906.1,BRCT,PF00533,5.1e-19,63.3,0.0,1.3e-18,62.0,0.0
NP_416906.1,HHH_5,PF14520,5e-17,57.1,0.1,4.2e-08,28.6,0.0
NP_416909.1,PALP,PF00291,2.3e-79,261.7,0.7,2.9e-79,261.4,0.7
NP_416911.1,PEP-utilizers,PF00391,7e-26,84.6,0.1,2.2e-25,83.0,0.1
NP_416913.1,PfkB,PF00294,2e-13,45.2,0.0,3.1e-13,44.6,0.0
NP_416916.1,PALP,PF00291,2.7e-76,251.6,0.1,3.8e-76,251.1,0.1
NP_416917.1,ABC_tran,PF00005,6.7e-43,141.5,0.0,1.2e-42,140.7,0.0
NP_416919.1,BPD_transp_1,PF00528,1.6e-29,97.9,12.2,1.6e-29,97.9,12.2
NP_416921.4,adh_short_C2,PF13561,2.9e-71,234.7,0.2,3.3e-71,234.5,0.2
NP_416921.4,adh_short,PF00106,2.8e-60,198.1,0.2,3.4e-60,197.8,0.2
NP_416922.1,SIS,PF01380,2.3e-23,77.4,0.1,3.5e-23,76.8,0.1
NP_416923.1,SIS,PF01380,1e-09,33.2,0.0,1e-09,33.2,0.0
NP_416929.4,Acetyltransf_1,PF00583,1.2e-22,75.3,0.0,1.5e-22,75.0,0.0
NP_416937.2,Phage_integrase,PF00589,7.7e-23,76.1,0.0,1.3e-22,75.3,0.0
NP_416950.1,Aldedh,PF00171,6.2e-33,108.9,14.1,3.5e-32,106.4,14.1
NP_416956.1,MMR_HSR1,PF01926,2e-06,22.9,0.1,1.2e-05,20.4,0.1
NP_416960.1,Transketolase_N,PF00456,1.3e-174,574.8,0.0,1.9e-174,574.2,0.0
NP_416960.1,Transket_pyr,PF02779,2.1e-57,188.5,0.1,4.3e-57,187.5,0.1
NP_416960.1,Transketolase_C,PF02780,2.7e-23,77.2,0.0,9.3e-23,75.4,0.0
NP_416962.1,NUDIX,PF00293,1.8e-12,42.4,0.0,2.2e-12,42.1,0.0
NP_416963.1,Pyr_redox_2,PF07992,1.8e-25,84.8,0.0,4.5e-25,83.5,0.0
NP_416964.1,HATPase_c,PF02518,6.3e-16,53.8,0.0,1.2e-15,52.9,0.0
NP_416964.1,HAMP,PF00672,7.3e-15,50.0,0.0,7.3e-15,50.0,0.0
NP_416967.1,Peptidase_M20,PF01546,2.3e-48,159.8,0.1,2.8e-48,159.5,0.1
NP_416971.1,SAICAR_synt,PF01259,9.9e-78,256.0,0.0,1.1e-77,255.9,0.0
NP_416973.1,DHDPS,PF00701,1e-128,423.0,0.0,1.2e-128,422.8,0.0
NP_416974.4,ACT_4,PF13291,6.6e-08,28.1,0.1,0.0029,13.2,0.0
NP_416975.1,AhpC-TSA,PF00578,2.7e-43,141.8,0.0,3.3e-43,141.5,0.0
NP_416986.4,AAA,PF00004,3.7e-06,22.4,0.0,1.1e-05,20.8,0.0
NP_416988.1,AI-2E_transport,PF01594,9.9e-90,296.1,36.9,1.2e-89,295.8,36.9
NP_416991.2,Bac_DnaA,PF00308,1.9e-11,39.4,0.0,3.6e-10,35.2,0.0
NP_416993.2,Pribosyltran,PF00156,3.2e-15,50.7,0.2,4.9e-15,50.1,0.2
NP_416994.1,AIRS_C,PF02769,3.9e-44,145.5,0.0,6.2e-44,144.8,0.0
NP_416994.1,AIRS,PF00586,3.4e-26,86.9,1.8,4.9e-26,86.3,1.2
NP_416995.1,Formyl_trans_N,PF00551,6.5e-72,236.0,0.0,7.5e-72,235.8,0.0
NP_417002.1,GATase,PF00117,7.7e-49,160.9,0.0,1.1e-48,160.3,0.0
NP_417002.1,GMP_synt_C,PF00958,2e-45,147.8,0.0,4.4e-45,146.7,0.0
NP_417002.1,NAD_synthase,PF02540,8.9e-11,36.3,0.1,2.8e-08,28.1,0.0
NP_417002.1,tRNA_Me_trans,PF03054,1.2e-07,26.5,0.1,1.5e-06,22.9,0.0
NP_417003.1,IMPDH,PF00478,1.5e-164,541.9,9.5,1.7e-164,541.8,9.5
NP_417003.1,CBS,PF00571,7.1e-21,69.3,4.4,2e-11,39.1,0.2
NP_417004.1,Exonuc_VII_L,PF02601,7.4e-119,391.8,7.8,9.9e-119,391.3,7.8
NP_417004.1,tRNA_anti_2,PF13742,4.3e-37,121.3,0.2,1.5e-35,116.3,0.0
NP_417004.1,tRNA_anti-codon,PF01336,1.9e-15,51.6,0.0,3.9e-15,50.5,0.0
NP_417006.2,MMR_HSR1,PF01926,2.3e-63,206.3,0.1,1.4e-32,107.1,0.0
NP_417006.2,KH_dom-like,PF14714,3.2e-29,96.1,0.0,1e-28,94.5,0.0
NP_417006.2,GTP_EFTU,PF00009,3.3e-24,80.4,0.1,1.2e-12,42.7,0.1
NP_417009.1,tRNA-synt_His,PF13393,6.1e-42,138.7,0.0,8.5e-42,138.3,0.0
NP_417009.1,tRNA-synt_2b,PF00587,4.8e-38,125.9,0.0,8.5e-38,125.1,0.0
NP_417009.1,HGTP_anticodon,PF03129,1.7e-12,42.3,0.1,4.4e-12,41.0,0.0
NP_417011.1,HTH_3,PF01381,8.3e-10,33.6,0.0,1.6e-09,32.7,0.0
NP_417012.1,Radical_SAM,PF04055,1.1e-20,69.4,0.0,2.4e-20,68.3,0.0
NP_417014.1,Transgly,PF00912,2.3e-53,175.2,0.0,3e-53,174.8,0.0
NP_417014.1,Transpeptidase,PF00905,5.7e-14,46.9,0.0,1.6e-13,45.4,0.0
NP_417016.4,Rhodanese,PF00581,4.6e-35,115.1,0.0,9.7e-18,59.5,0.0
NP_417021.1,HSP70,PF00012,7.5e-211,696.3,0.1,8.8e-211,696.1,0.1
NP_417027.1,SpoU_methylase,PF00588,1.3e-29,98.1,0.1,1.9e-29,97.6,0.1
NP_417031.1,MFS_1,PF07690,5.5e-20,66.4,61.6,8.1e-18,59.3,46.3
NP_417032.1,LysR_substrate,PF03466,1.4e-48,160.0,0.1,1.8e-48,159.6,0.1
NP_417032.1,HTH_1,PF00126,9.3e-26,84.6,1.6,1.1e-25,84.4,0.2
NP_417036.1,adh_short,PF00106,1.3e-41,137.2,0.0,1.7e-41,136.8,0.0
NP_417036.1,adh_short_C2,PF13561,1.5e-32,107.9,0.0,1.9e-32,107.6,0.0
NP_417037.1,Pyr_redox_2,PF07992,4.4e-60,198.4,0.0,5.4e-60,198.2,0.0
NP_417037.1,DAO,PF01266,3.9e-09,31.4,9.2,0.00032,15.2,1.3
NP_417040.2,ADH_zinc_N,PF00107,2.9e-28,93.4,0.1,4.3e-28,92.8,0.1
NP_417040.2,ADH_N,PF08240,1e-26,88.2,0.2,2e-26,87.2,0.2
NP_417042.1,ABC_tran,PF00005,6.6e-61,199.9,0.3,3.3e-33,110.1,0.0
NP_417046.1,SHMT,PF00464,6.5e-189,622.4,0.3,7.5e-189,622.2,0.3
NP_417046.1,Aminotran_1_2,PF00155,9.6e-12,39.6,0.0,1.4e-11,39.1,0.0
NP_417049.1,Response_reg,PF00072,1.5e-33,110.3,0.1,2.9e-33,109.3,0.1
NP_417051.2,HATPase_c,PF02518,1.9e-22,74.8,0.0,3.8e-22,73.8,0.0
NP_417051.2,HisKA,PF00512,2.6e-19,64.0,0.7,1.2e-18,61.9,0.7
NP_417051.2,HAMP,PF00672,4.2e-07,25.2,0.1,2.8e-06,22.6,0.0
NP_417054.2,dCMP_cyt_deam_1,PF00383,7.7e-34,110.7,0.0,1.1e-33,110.1,0.0
NP_417056.2,SIS,PF01380,4.5e-34,112.0,0.5,6.5e-34,111.5,0.5
NP_417058.1,ACPS,PF01648,8.8e-25,81.9,0.1,9.7e-25,81.8,0.1
NP_417060.1,RecO_C,PF02565,9.4e-25,82.1,0.2,2.4e-24,80.8,0.2
NP_417060.1,RecO_N,PF11967,9.8e-23,75.0,0.0,1.6e-22,74.3,0.0
NP_417061.1,MMR_HSR1,PF01926,9e-28,91.6,0.1,1.8e-27,90.6,0.1
NP_417061.1,KH_2,PF07650,4.9e-22,72.6,1.5,9.2e-22,71.7,0.8
NP_417061.1,GTP_EFTU,PF00009,9.9e-12,39.7,0.7,1.7e-09,32.5,0.7
NP_417062.1,Ribonucleas_3_3,PF14622,5.1e-36,118.6,0.0,7.3e-36,118.1,0.0
NP_417062.1,dsrm,PF00035,3e-17,57.9,0.0,5e-17,57.2,0.0
NP_417064.1,GTP_EFTU,PF00009,1.2e-57,189.5,0.1,2.4e-57,188.5,0.1
NP_417064.1,LepA_C,PF06421,1.4e-51,168.1,2.9,2.3e-51,167.4,2.9
NP_417064.1,EFG_C,PF00679,1.5e-21,71.2,0.0,3.5e-21,70.1,0.0
NP_417064.1,GTP_EFTU_D2,PF03144,6.1e-14,47.2,0.4,1.7e-13,45.8,0.4
NP_417068.1,Sigma70_r2,PF04542,4.2e-20,66.3,0.2,7.7e-20,65.5,0.2
NP_417068.1,Sigma70_r4,PF04545,1.6e-12,41.7,0.0,3.8e-12,40.5,0.0
NP_417069.1,Pyr_redox_2,PF07992,1.2e-12,42.8,0.7,3.9e-07,24.7,0.2
NP_417069.1,DAO,PF01266,1.6e-09,32.6,7.7,2.1e-08,28.9,7.6
NP_417070.2,MTS,PF05175,1.7e-14,48.7,0.0,3.5e-14,47.7,0.0
NP_417070.2,Methyltransf_25,PF13649,2.8e-10,35.8,0.0,4.6e-10,35.1,0.0
NP_417070.2,Cons_hypoth95,PF03602,2.5e-09,32.0,0.0,3.4e-09,31.5,0.0
NP_417071.1,DEAD,PF00270,4.2e-50,164.7,0.1,1.2e-48,160.0,0.0
NP_417071.1,Helicase_C,PF00271,2.9e-33,109.4,0.1,1e-30,101.2,0.1
NP_417071.1,ResIII,PF04851,3.5e-11,38.2,0.0,8.1e-11,37.0,0.0
NP_417072.4,LysR_substrate,PF03466,3.9e-47,155.3,0.1,4.8e-47,154.9,0.1
NP_417072.4,HTH_1,PF00126,7.2e-19,62.5,0.2,1.6e-18,61.4,0.2
NP_417075.1,UDG,PF03167,4.1e-22,73.7,0.0,5.7e-22,73.3,0.0
NP_417076.1,SpoU_methylase,PF00588,1.8e-33,110.6,0.0,2.6e-33,110.0,0.0
NP_417076.1,SpoU_sub_bind,PF08032,1e-16,56.0,0.0,2.2e-16,55.0,0.0
NP_417077.1,Thioredoxin,PF00085,3.1e-31,102.4,0.5,6.2e-30,98.2,0.0
NP_417079.1,Acetyltransf_1,PF00583,2.1e-14,48.8,0.0,6.9e-14,47.1,0.0
NP_417082.1,MFS_1,PF07690,1.6e-34,114.2,65.0,4.1e-29,96.4,35.7
NP_417083.1,AAA_2,PF07724,8.2e-74,242.1,0.0,7.8e-72,235.6,0.0
NP_417083.1,Clp_N,PF02861,7.8e-38,124.5,0.2,7.8e-38,124.5,0.2
NP_417083.1,AAA_lid_9,PF17871,1.3e-36,119.7,4.7,1.3e-36,119.7,4.7
NP_417083.1,ClpB_D2-small,PF10431,6.7e-31,101.2,0.3,6.7e-31,101.2,0.3
NP_417083.1,AAA,PF00004,1.7e-28,94.7,0.0,9.9e-15,50.1,0.0
NP_417085.1,PseudoU_synth_2,PF00849,4.6e-33,109.5,0.0,6.8e-33,109.0,0.0
NP_417085.1,S4,PF01479,2e-15,51.2,0.0,3.6e-15,50.5,0.0
NP_417088.1,Ribosomal_S30AE,PF02482,1e-24,82.1,0.0,1.2e-24,81.8,0.0
NP_417091.1,F420_oxidored,PF03807,4.1e-06,22.3,0.8,0.0023,13.5,0.8
NP_417097.1,Ribosomal_L19,PF01245,2.3e-52,170.6,3.6,2.6e-52,170.5,3.6
NP_417098.1,tRNA_m1G_MT,PF01746,1.8e-102,336.4,0.0,2.1e-102,336.2,0.0
NP_417099.4,RimM,PF01782,1.2e-29,97.3,0.0,1.9e-29,96.8,0.0
NP_417100.1,Ribosomal_S16,PF00886,5e-28,91.8,0.1,5.8e-28,91.6,0.1
NP_417101.1,SRP54,PF00448,6.2e-78,255.8,0.4,9.7e-78,255.2,0.4
NP_417101.1,SRP_SPB,PF02978,7.1e-50,163.6,18.9,1.9e-49,162.2,18.9
NP_417101.1,SRP54_N,PF02881,5.1e-25,82.5,0.5,5.1e-25,82.5,0.5
NP_417104.1,GrpE,PF01025,9.5e-50,163.4,2.1,1.1e-49,163.2,1.5
NP_417105.1,NAD_kinase,PF01513,1.2e-34,114.4,0.0,2e-34,113.7,0.0
NP_417110.1,SmpB,PF01668,1.6e-59,194.9,0.1,1.8e-59,194.7,0.1
NP_417111.1,Phage_integrase,PF00589,1.6e-39,130.4,0.0,3.2e-39,129.4,0.0
NP_417116.1,DEAD,PF00270,1.6e-09,32.6,0.0,3.2e-09,31.6,0.0
NP_417116.1,Helicase_C,PF00271,2.1e-07,26.2,0.1,8.7e-07,24.2,0.0
NP_417146.2,DAO,PF01266,5.1e-64,211.9,0.0,9.8e-64,211.0,0.0
NP_417147.1,Aldedh,PF00171,1e-179,592.8,0.1,1.2e-179,592.6,0.1
NP_417151.1,LysM,PF01476,1.4e-14,48.7,0.0,2.7e-14,47.9,0.0
NP_417154.1,Rhodanese,PF00581,6.2e-15,50.5,0.0,8.5e-15,50.0,0.0
NP_417161.1,Ribonuc_red_lgC,PF02867,1.3e-160,530.3,0.0,1.8e-159,526.6,0.0
NP_417163.1,ABC_tran,PF00005,1.7e-37,124.0,0.0,3.3e-37,123.1,0.0
NP_417163.1,CBS,PF00571,7.5e-11,37.2,0.0,8.6e-08,27.4,0.0
NP_417164.1,BPD_transp_1,PF00528,1.1e-29,98.4,17.1,1.1e-29,98.4,17.1
NP_417171.1,MFS_1,PF07690,8.6e-57,187.5,38.1,8.6e-57,187.5,38.1
NP_417174.1,VTT_dom,PF09335,9.3e-12,40.5,4.7,1.3e-11,40.0,4.7
NP_417175.1,Hydrolase,PF00702,1.2e-31,105.5,0.1,1.4e-31,105.3,0.1
NP_417175.1,HAD_2,PF13419,6.1e-30,99.5,0.0,7.1e-30,99.2,0.0
NP_417177.1,tRNA-synt_2c,PF01411,1.1e-243,804.7,0.0,1.8e-243,804.0,0.0
NP_417177.1,DHHA1,PF02272,2.8e-25,83.7,1.1,1.1e-24,81.9,1.1
NP_417177.1,tRNA_SAD,PF07973,5.5e-19,62.9,1.1,1.2e-18,61.8,0.1
NP_417179.1,RecA_N,PF00154,6e-144,473.1,2.7,8.6e-144,472.6,2.4
NP_417185.1,adh_short,PF00106,2.7e-52,172.0,0.1,3.2e-52,171.8,0.1
NP_417185.1,adh_short_C2,PF13561,2.8e-41,136.5,0.0,5.5e-41,135.6,0.0
NP_417188.4,SIS,PF01380,3.8e-32,105.8,0.0,7e-32,104.9,0.0
NP_417188.4,CBS,PF00571,2.6e-14,48.3,0.1,3.5e-07,25.5,0.0
NP_417189.2,AAA,PF00004,5.1e-07,25.2,0.0,1.1e-06,24.0,0.0
NP_417190.1,Lactamase_B,PF00753,7.4e-16,53.6,0.2,1.1e-15,53.0,0.2
NP_417191.1,Pyr_redox_2,PF07992,1.9e-56,186.5,0.0,2.5e-56,186.1,0.0
NP_417191.1,DAO,PF01266,1.4e-11,39.4,2.8,0.00034,15.1,0.6
NP_417192.1,Sua5_yciO_yrdC,PF01300,9.4e-43,140.7,0.0,1.6e-42,139.9,0.0
NP_417210.2,AIRS_C,PF02769,2.5e-29,97.4,2.7,4.5e-29,96.6,2.7
NP_417210.2,AIRS,PF00586,4.4e-23,76.8,0.7,9.8e-23,75.7,0.7
NP_417211.1,AAA,PF00004,7e-07,24.7,0.0,1.8e-06,23.4,0.0
NP_417214.1,Metallophos,PF00149,8e-20,67.0,2.2,1.2e-19,66.5,2.2
NP_417221.1,Sigma70_r2,PF04542,5.8e-25,81.9,0.1,1.3e-24,80.8,0.1
NP_417221.1,Sigma70_r3,PF04539,2.6e-24,80.1,5.5,1.2e-22,74.8,1.7
NP_417221.1,Sigma70_r4,PF04545,1.1e-18,61.4,3.2,9.4e-17,55.3,2.4
NP_417221.1,Sigma70_r1_2,PF00140,7e-14,46.5,0.1,2.3e-13,44.9,0.1
NP_417222.1,LysM,PF01476,5.7e-14,46.8,0.8,8.8e-14,46.2,0.1
NP_417223.1,RrnaAD,PF00398,1.5e-08,29.0,0.0,2e-08,28.6,0.0
NP_417223.1,Methyltransf_25,PF13649,5.3e-08,28.5,0.0,1e-07,27.6,0.0
NP_417231.1,GTP_EFTU,PF00009,3.9e-47,155.2,0.0,5.6e-47,154.7,0.0
NP_417231.1,MMR_HSR1,PF01926,1.3e-08,29.9,0.0,4.3e-06,21.8,0.0
NP_417241.1,DEAD,PF00270,1.6e-14,48.9,0.3,1.4e-11,39.4,0.1
NP_417241.1,ResIII,PF04851,8.2e-10,33.8,0.0,2.3e-09,32.3,0.0
NP_417241.1,Helicase_C,PF00271,5.7e-08,28.0,0.2,1.4e-07,26.7,0.2
NP_417246.4,DAO,PF01266,1.6e-18,62.3,5.7,4e-12,41.2,0.5
NP_417246.4,Pyr_redox_2,PF07992,3.1e-10,34.8,0.2,7.5e-09,30.3,0.2
NP_417251.2,MFS_1,PF07690,1.2e-41,137.6,67.8,1.1e-34,114.8,39.2
NP_417254.4,adh_short_C2,PF13561,2.6e-54,179.2,0.0,3.1e-54,178.9,0.0
NP_417254.4,adh_short,PF00106,2.8e-53,175.2,0.1,3.4e-53,174.9,0.1
NP_417255.1,MFS_1,PF07690,6.1e-27,89.3,43.3,7.5e-27,89.0,37.3
NP_417257.1,Radical_SAM,PF04055,1.7e-08,29.7,0.2,5.4e-08,28.1,0.1
NP_417259.1,Enolase_C,PF00113,4.2e-146,480.7,4.2,5.4e-146,480.4,4.2
NP_417259.1,Enolase_N,PF03952,2e-60,197.7,0.5,4.7e-60,196.5,0.5
NP_417260.1,CTP_synth_N,PF06418,7.8e-129,423.6,0.0,1.1e-128,423.1,0.0
NP_417260.1,GATase,PF00117,1.9e-45,149.8,0.0,3.8e-45,148.8,0.0
NP_417264.1,HD_4,PF13328,6.8e-45,147.5,0.7,1.4e-44,146.5,0.7
NP_417264.1,RelA_SpoT,PF04607,2.5e-44,145.1,0.2,9.6e-44,143.3,0.0
NP_417264.1,TGS,PF02824,3.5e-24,79.6,0.0,1e-23,78.1,0.0
NP_417264.1,ACT_4,PF13291,1.6e-19,65.3,1.3,3.8e-19,64.1,1.3
NP_417265.1,tRNA_U5-meth_tr,PF05958,1.8e-30,101.1,0.0,3.2e-29,96.9,0.0
NP_417265.1,Methyltransf_25,PF13649,2.5e-10,35.9,0.0,6.7e-10,34.5,0.0
NP_417265.1,RrnaAD,PF00398,3e-08,28.0,0.0,5e-08,27.3,0.0
NP_417266.1,HATPase_c,PF02518,5.4e-32,105.5,0.3,9.7e-32,104.7,0.3
NP_417266.1,Response_reg,PF00072,6.8e-32,104.9,3.9,1.1e-31,104.2,0.5
NP_417266.1,HisKA,PF00512,4.3e-24,79.3,0.2,4.3e-24,79.3,0.2
NP_417266.1,HAMP,PF00672,4.7e-10,34.6,1.2,1.2e-09,33.4,1.2
NP_417269.1,MFS_1,PF07690,5.5e-59,194.7,51.0,2.8e-51,169.3,27.0
NP_417271.1,PseudoU_synth_2,PF00849,7.6e-32,105.6,0.0,9.6e-32,105.2,0.0
NP_417278.4,5_3_exonuc_N,PF02739,1.1e-30,101.4,0.0,1.9e-30,100.7,0.0
NP_417278.4,5_3_exonuc,PF01367,2e-29,96.9,0.0,3.2e-29,96.3,0.0
NP_417281.1,MFS_1,PF07690,1e-24,82.0,39.1,1e-24,82.0,39.1
NP_417288.1,LysR_substrate,PF03466,1.8e-42,140.0,0.2,2.8e-42,139.4,0.2
NP_417288.1,HTH_1,PF00126,5.1e-25,82.2,3.1,1.2e-24,81.0,3.1
NP_417290.1,Aminotran_5,PF00266,3.7e-147,485.0,0.0,4.1e-147,484.9,0.0
NP_417295.1,AA_kinase,PF00696,1.6e-39,130.9,0.4,2.3e-39,130.4,0.4
NP_417295.1,Acetyltransf_1,PF00583,3.8e-13,44.7,0.0,1.2e-12,43.1,0.0
NP_417296.1,UvrD-helicase,PF00580,2.7e-09,32.0,0.8,1.1e-08,30.0,0.1
NP_417297.1,UvrD-helicase,PF00580,2.3e-54,179.8,0.0,5.4e-54,178.6,0.0
NP_417297.1,UvrD_C,PF13361,9.4e-21,69.5,0.0,2.7e-17,58.1,0.0
NP_417298.1,Peptidase_M16_C,PF05193,1.5e-52,173.1,0.8,9.3e-28,92.2,0.0
NP_417298.1,Peptidase_M16,PF00675,2e-40,133.0,0.1,5.9e-40,131.5,0.0
NP_417305.1,LGT,PF01790,3.5e-81,267.0,12.7,4.2e-81,266.7,12.7
NP_417306.1,PEP-utilizers,PF00391,2.7e-17,57.1,0.1,6.1e-17,56.0,0.1
NP_417307.1,NUDIX,PF00293,9.7e-28,91.8,0.1,1.2e-27,91.5,0.1
NP_417312.1,MFS_1,PF07690,1e-18,62.2,42.9,1e-18,62.2,42.9
NP_417313.1,AMP-binding,PF00501,4.7e-57,188.4,0.0,7e-57,187.8,0.0
NP_417313.1,Acyltransferase,PF01553,1.9e-26,87.4,0.0,3.5e-26,86.5,0.0
NP_417315.1,Orn_Arg_deC_N,PF02784,1.8e-69,228.7,0.0,2.3e-69,228.4,0.0
NP_417316.1,LysR_substrate,PF03466,1.7e-45,149.9,3.1,2.2e-45,149.5,3.1
NP_417316.1,HTH_1,PF00126,2.7e-19,63.9,1.1,6.4e-19,62.7,1.1
NP_417317.1,Asp_Glu_race,PF01177,1.6e-43,143.9,0.2,1.8e-43,143.7,0.2
NP_417318.1,MFS_1,PF07690,1.5e-39,130.7,33.0,1.5e-39,130.7,33.0
NP_417319.1,adh_short,PF00106,1.2e-59,196.0,0.6,1.8e-59,195.4,0.6
NP_417319.1,adh_short_C2,PF13561,2.1e-56,186.0,0.1,2.5e-56,185.8,0.1
NP_417321.2,ketoacyl-synt,PF00109,8.4e-09,30.3,0.4,2.6e-08,28.7,0.4
NP_417324.1,Trans_reg_C,PF00486,4.3e-11,37.7,0.0,7.1e-11,37.0,0.0
NP_417329.1,Trans_reg_C,PF00486,4.1e-14,47.4,0.0,1.1e-13,46.0,0.0
NP_417341.4,LysM,PF01476,3.3e-19,63.6,0.2,1.8e-18,61.2,0.0
NP_417347.1,PALP,PF00291,5.3e-47,155.4,0.2,6.7e-47,155.1,0.2
NP_417348.1,Peptidase_M20,PF01546,2.1e-22,74.9,0.0,3.9e-22,74.1,0.0
NP_417349.4,Amidohydro_1,PF01979,1.1e-20,69.0,0.0,2.8e-20,67.7,0.0
NP_417350.1,AA_kinase,PF00696,2.9e-28,94.1,1.7,6.8e-28,92.9,1.7
NP_417354.1,Pyr_redox_2,PF07992,6.2e-44,145.4,0.0,9.7e-44,144.8,0.0
NP_417355.4,Amidohydro_1,PF01979,5e-58,191.9,0.1,6e-58,191.6,0.1
NP_417359.1,Amidohydro_1,PF01979,2.4e-81,268.5,0.0,2.8e-81,268.3,0.0
NP_417363.2,Pyr_redox_2,PF07992,3.1e-28,93.9,0.0,3.1e-22,74.2,0.0
NP_417365.1,NUDIX,PF00293,1.6e-22,74.9,0.0,2.1e-22,74.5,0.0
NP_417366.1,tRNA-synt_2,PF00152,3.1e-97,320.2,0.6,3.9e-97,319.9,0.6
NP_417366.1,tRNA_anti-codon,PF01336,2e-18,61.1,0.0,3.6e-18,60.3,0.0
NP_417366.1,tRNA-synt_2d,PF01409,2.5e-06,22.0,1.0,0.01,10.2,0.1
NP_417367.1,PCRF,PF03462,3.8e-63,207.7,0.8,3.8e-63,207.7,0.8
NP_417367.1,RF-1,PF00472,1.1e-43,142.8,2.0,2.2e-43,141.9,2.0
NP_417368.1,DHH,PF01368,1.7e-30,100.8,0.0,2.8e-30,100.1,0.0
NP_417368.1,DHHA1,PF02272,6.4e-22,72.9,0.0,1.3e-21,72.0,0.0
NP_417370.1,Phage_integrase,PF00589,1.9e-61,201.8,0.0,2.9e-61,201.1,0.0
NP_417378.1,adh_short_C2,PF13561,3.1e-58,192.0,1.7,3.6e-58,191.8,1.7
NP_417378.1,adh_short,PF00106,1.6e-53,176.0,2.5,2.1e-53,175.6,2.5
NP_417382.1,DAO,PF01266,1.8e-08,29.2,2.4,6.2e-08,27.4,1.7
NP_417384.1,Peptidase_M24,PF00557,2.3e-69,228.3,0.3,3.1e-69,227.8,0.3
NP_417388.1,2-Hacid_dh_C,PF02826,4.2e-51,167.7,0.0,7.8e-51,166.9,0.0
NP_417391.1,HTH_1,PF00126,4.4e-20,66.4,0.1,4.4e-20,66.4,0.1
NP_417391.1,LysR_substrate,PF03466,2.1e-14,48.3,1.0,3.6e-14,47.6,1.0
NP_417396.4,HTH_1,PF00126,4.2e-17,56.9,0.1,7.6e-15,49.6,0.0
NP_417396.4,LysR_substrate,PF03466,5.5e-14,46.9,0.0,7e-14,46.6,0.0
NP_417399.1,MS_channel_2nd,PF00924,7.8e-24,78.6,0.3,1.7e-23,77.5,0.3
NP_417401.1,PGK,PF00162,3.4e-143,472.1,0.5,3.8e-143,471.9,0.5
NP_417402.1,Gp_dh_C,PF02800,1e-57,189.1,0.3,1.5e-57,188.6,0.3
NP_417402.1,Gp_dh_N,PF00044,9.7e-39,126.7,0.1,4.9e-38,124.5,0.0
NP_417413.1,Orn_Arg_deC_N,PF02784,9.1e-64,210.1,0.0,1.2e-63,209.6,0.0
NP_417417.1,S-AdoMet_synt_C,PF02773,2.2e-72,236.4,0.1,5.2e-72,235.2,0.0
NP_417417.1,S-AdoMet_synt_M,PF02772,2.4e-51,167.9,0.0,8.3e-51,166.1,0.0
NP_417417.1,S-AdoMet_synt_N,PF00438,8.6e-47,152.7,0.1,1.7e-46,151.8,0.1
NP_417418.1,MFS_1,PF07690,1.7e-43,143.8,44.6,5.1e-33,109.3,18.3
NP_417421.4,Methyltrans_RNA,PF04452,8.3e-57,186.3,0.0,1.1e-56,185.9,0.0
NP_417424.1,RuvX,PF03652,3e-48,158.5,0.0,3.4e-48,158.4,0.0
NP_417425.2,T2SSE,PF00437,9.9e-52,170.7,0.3,1.8e-50,166.5,0.1
NP_417426.1,Ala_racemase_N,PF01168,1.6e-24,81.8,0.1,2.1e-24,81.3,0.1
NP_417429.1,Ham1p_like,PF01725,6.3e-68,223.3,0.0,7e-68,223.1,0.0
NP_417430.1,Radical_SAM,PF04055,1.9e-28,94.6,0.0,3.1e-28,94.0,0.0
NP_417435.1,Methyltransf_4,PF02390,3.5e-65,213.6,0.0,4.4e-65,213.3,0.0
NP_417436.1,HhH-GPD,PF00730,1.4e-29,97.5,0.0,2.2e-29,97.0,0.0
NP_417439.4,MFS_1,PF07690,3.3e-16,54.0,54.6,1e-11,39.2,17.2
NP_417453.1,FAD_binding_4,PF01565,6.5e-38,124.5,1.1,1.5e-37,123.4,0.3
NP_417476.1,adh_short_C2,PF13561,5.8e-59,194.4,0.0,7e-59,194.2,0.0
NP_417476.1,adh_short,PF00106,8.5e-46,150.8,0.0,1e-45,150.6,0.0
NP_417481.1,Cys_Met_Meta_PP,PF01053,1.1e-130,430.5,0.0,1.2e-130,430.3,0.0
NP_417482.1,VTT_dom,PF09335,2.8e-20,68.0,4.1,2.8e-20,68.0,4.1
NP_417490.1,Acyltransferase,PF01553,2.1e-40,132.6,0.0,3e-40,132.1,0.0
NP_417491.1,DNA_topoisoIV,PF00521,5.2e-139,458.7,0.0,6.2e-139,458.4,0.0
NP_417491.1,DNA_gyraseA_C,PF03989,1.7e-15,51.2,0.0,2e-07,25.4,0.0
NP_417492.1,SBP_bac_5,PF00496,4.5e-86,284.1,3.7,4.5e-86,284.1,3.7
NP_417497.1,Trans_reg_C,PF00486,1.1e-25,84.5,0.4,2.3e-25,83.5,0.1
NP_417497.1,Response_reg,PF00072,5.7e-25,82.6,0.0,8.2e-25,82.1,0.0
NP_417498.1,HATPase_c,PF02518,3.4e-23,77.2,0.0,9.8e-23,75.7,0.0
NP_417498.1,HisKA,PF00512,1.7e-14,48.6,2.1,4.6e-14,47.2,2.1
NP_417502.1,DNA_gyraseB,PF00204,9.8e-43,140.6,0.0,1.8e-42,139.7,0.0
NP_417502.1,DNA_gyraseB_C,PF00986,1.4e-26,87.5,1.5,2.9e-26,86.4,1.5
NP_417502.1,HATPase_c,PF02518,6.4e-16,53.8,0.1,1.2e-15,52.9,0.1
NP_417502.1,Toprim,PF01751,3.6e-14,47.7,0.0,6.9e-14,46.8,0.0
NP_417504.1,Metallophos,PF00149,2.2e-24,81.9,0.7,2.8e-24,81.6,0.7
NP_417506.1,NUDIX,PF00293,4.5e-13,44.3,0.5,6.9e-13,43.7,0.5
NP_417524.1,PfkB,PF00294,9.9e-60,197.3,0.5,1.9e-59,196.3,0.1
NP_417524.1,CTP_transf_like,PF01467,5e-21,70.2,0.0,9e-21,69.4,0.0
NP_417528.1,PolyA_pol,PF01743,7.4e-21,69.8,0.0,1.6e-20,68.7,0.0
NP_417528.1,PolyA_pol_RNAbd,PF12627,1.8e-16,54.7,0.1,4.6e-16,53.3,0.1
NP_417528.1,HD,PF01966,4.8e-16,54.1,0.1,1.6e-15,52.3,0.0
NP_417532.1,LysR_substrate,PF03466,2.4e-35,116.8,0.0,3e-35,116.4,0.0
NP_417532.1,HTH_1,PF00126,8.3e-18,59.1,1.3,8.3e-18,59.1,1.3
NP_417536.1,TsaD,PF00814,2.6e-102,336.9,0.0,3e-102,336.7,0.0
NP_417538.1,DNAG_N,PF08275,3.7e-46,151.3,0.0,5.9e-46,150.7,0.0
NP_417538.1,Zn_ribbon_DnaG,PF01807,3.3e-43,140.5,0.2,6.1e-43,139.6,0.2
NP_417538.1,Toprim_4,PF13662,1.9e-17,58.3,0.0,4.3e-17,57.1,0.0
NP_417538.1,Toprim,PF01751,3.3e-17,57.5,0.0,6.2e-17,56.6,0.0
NP_417539.1,Sigma70_r3,PF04539,6.5e-31,101.3,1.1,6.5e-31,101.3,1.1
NP_417539.1,Sigma70_r2,PF04542,9.6e-26,84.4,0.4,2.8e-25,82.9,0.4
NP_417539.1,Sigma70_r4,PF04545,3.8e-20,66.1,0.6,3.8e-20,66.1,0.6
NP_417539.1,Sigma70_r1_2,PF00140,1e-14,49.2,0.3,1e-13,46.0,0.1
NP_417540.1,UDG,PF03167,2.2e-25,84.3,0.0,2.6e-25,84.1,0.0
NP_417543.1,HAMP,PF00672,2.3e-07,26.0,0.5,1.7e-05,20.1,0.0
NP_417545.1,tRNA_bind,PF01588,3.6e-35,114.9,0.5,4.1e-35,114.8,0.5
NP_417552.1,Pyr_redox_2,PF07992,3.5e-27,90.4,0.1,6.1e-27,89.7,0.1
NP_417552.1,DAO,PF01266,5.2e-12,40.8,4.1,1.1e-07,26.6,0.1
NP_417553.1,HTH_3,PF01381,2.9e-09,31.8,0.0,5.1e-09,31.0,0.0
NP_417555.4,MTS,PF05175,3.3e-61,200.7,0.0,7e-60,196.4,0.0
NP_417555.4,Methyltransf_25,PF13649,6.2e-11,37.8,0.0,2e-10,36.2,0.0
NP_417564.2,MFS_1,PF07690,6.4e-59,194.5,46.3,1.2e-49,163.9,23.8
NP_417566.1,VTT_dom,PF09335,3.8e-23,77.3,4.3,3.8e-23,77.3,4.3
NP_417576.1,LysR_substrate,PF03466,4.1e-21,70.2,0.5,7e-21,69.5,0.5
NP_417576.1,HTH_1,PF00126,8.5e-19,62.3,0.1,2.2e-18,61.0,0.1
NP_417587.1,PALP,PF00291,2e-82,271.7,0.4,2.3e-82,271.5,0.4
NP_417588.1,LysR_substrate,PF03466,2.4e-35,116.8,0.0,3.2e-35,116.3,0.0
NP_417588.1,HTH_1,PF00126,4.8e-21,69.5,0.0,8.2e-21,68.7,0.0
NP_417594.3,F420_oxidored,PF03807,5.2e-12,41.2,1.9,1.5e-10,36.6,0.3
NP_417594.3,2-Hacid_dh_C,PF02826,5.6e-10,33.8,0.2,2e-09,32.0,0.1
NP_417596.1,MFS_1,PF07690,2.8e-56,185.8,48.4,3e-47,156.1,28.7
NP_417605.1,SIS,PF01380,1.2e-44,146.2,0.0,2.7e-23,77.2,0.0
NP_417615.1,TP_methylase,PF00590,1.3e-35,118.2,0.7,1.6e-35,117.9,0.1
NP_417618.1,SIS,PF01380,1.5e-08,29.5,0.2,7.4e-07,24.0,0.0
NP_417621.2,Semialdhyde_dh,PF01118,7.6e-09,31.0,0.0,1.7e-08,29.8,0.0
NP_417621.2,Epimerase,PF01370,1.5e-08,29.3,0.0,3.1e-08,28.2,0.0
NP_417624.1,GIY-YIG,PF01541,7.7e-18,59.6,0.0,9e-18,59.4,0.0
NP_417625.1,Acetyltransf_1,PF00583,1.7e-13,45.8,0.0,2.3e-13,45.4,0.0
NP_417631.2,DEAD,PF00270,6.6e-54,177.0,0.0,8.6e-53,173.4,0.0
NP_417631.2,Helicase_C,PF00271,4.4e-34,112.0,0.0,1.3e-31,104.1,0.1
NP_417631.2,ResIII,PF04851,1e-07,27.0,0.0,2.1e-07,25.9,0.0
NP_417633.4,RNase_PH,PF01138,4.2e-59,193.6,0.0,1.9e-29,97.7,0.0
NP_417633.4,PNPase,PF03726,1.8e-29,97.0,2.1,6.4e-29,95.3,2.1
NP_417633.4,S1,PF00575,1.4e-25,84.5,3.5,1.4e-25,84.5,3.5
NP_417633.4,RNase_PH_C,PF03725,3.7e-23,76.3,4.3,5e-18,59.8,0.1
NP_417633.4,KH_1,PF00013,1.5e-12,42.1,3.9,4.9e-12,40.4,3.9
NP_417634.1,Ribosomal_S15,PF00312,3.9e-40,130.9,1.3,4.4e-40,130.7,1.3
NP_417635.1,TruB_N,PF01509,5.5e-59,193.8,0.0,7.3e-59,193.4,0.0
NP_417636.1,RBFA,PF02033,4.2e-38,124.8,0.1,4.9e-38,124.6,0.1
NP_417637.1,IF-2,PF11987,4.1e-45,147.4,3.5,2.2e-44,145.1,3.5
NP_417637.1,GTP_EFTU,PF00009,4.3e-41,135.5,1.4,4.4e-39,128.9,1.4
NP_417637.1,IF2_N,PF04760,8.3e-28,91.0,5.7,1.4e-16,55.0,1.3
NP_417637.1,GTP_EFTU_D2,PF03144,3.5e-14,48.0,9.1,2.1e-11,39.1,1.3
NP_417637.1,MMR_HSR1,PF01926,1.6e-12,42.5,0.1,6.2e-12,40.6,0.1
NP_417638.1,NusA_N,PF08529,4e-41,135.0,7.7,1.1e-40,133.6,7.7
NP_417638.1,KH_NusA_1st,PF13184,5.1e-34,111.3,0.7,5.1e-34,111.3,0.7
NP_417638.1,HHH_5,PF14520,6.8e-18,59.9,1.8,1.4e-12,42.9,0.6
NP_417638.1,S1,PF00575,5.7e-07,24.8,0.1,3e-06,22.5,0.1
NP_417639.6,RimP_N,PF02576,1.2e-30,100.8,0.1,2.4e-30,99.8,0.1
NP_417642.1,SecG,PF03840,3.6e-24,79.7,12.7,4.3e-24,79.4,12.7
NP_417643.1,PGM_PMM_I,PF02878,2.1e-48,158.4,0.0,4.9e-48,157.3,0.0
NP_417643.1,PGM_PMM_III,PF02880,1e-37,123.8,0.3,2.3e-37,122.6,0.3
NP_417643.1,PGM_PMM_II,PF02879,2e-21,71.5,0.0,4.2e-21,70.4,0.0
NP_417643.1,PGM_PMM_IV,PF00408,2.2e-21,70.7,0.6,9.4e-21,68.7,0.6
NP_417644.4,Pterin_bind,PF00809,1.6e-95,314.3,0.0,1.8e-95,314.1,0.0
NP_417645.1,Peptidase_M41,PF01434,2.9e-75,247.3,0.2,5e-75,246.5,0.2
NP_417645.1,AAA,PF00004,1.7e-49,162.6,0.0,4.6e-49,161.2,0.0
NP_417645.1,AAA_lid_3,PF17862,1.2e-13,45.4,0.1,2.2e-13,44.5,0.1
NP_417648.4,GreA_GreB_N,PF03449,4.4e-34,111.6,0.9,5.9e-34,111.2,0.9
NP_417648.4,GreA_GreB,PF01272,1.5e-31,103.2,0.3,2.1e-31,102.7,0.3
NP_417650.1,GTP1_OBG,PF01018,7.6e-64,208.9,5.1,1.1e-63,208.4,5.1
NP_417650.1,MMR_HSR1,PF01926,1.5e-26,87.7,0.0,2.6e-26,87.0,0.0
NP_417651.1,EamA,PF00892,1.8e-48,159.2,36.5,1.5e-30,101.2,12.4
NP_417652.1,Ribosomal_L27,PF01016,7.9e-41,133.0,3.3,8.7e-41,132.9,3.3
NP_417653.1,Ribosomal_L21p,PF00829,2.1e-38,125.6,3.1,2.3e-38,125.4,3.1
NP_417654.1,polyprenyl_synt,PF00348,3.9e-84,276.7,0.0,4.8e-84,276.4,0.0
NP_417656.1,EPSP_synthase,PF00275,2.7e-142,469.3,1.0,3e-142,469.1,1.0
NP_417662.1,ABC_tran,PF00005,3.3e-32,106.9,0.0,4.2e-32,106.5,0.0
NP_417664.1,SIS,PF01380,5.9e-39,127.8,0.0,2.7e-38,125.7,0.0
NP_417664.1,CBS,PF00571,5.7e-16,53.6,6.7,1.6e-08,29.7,0.4
NP_417665.1,Hydrolase_3,PF08282,6.4e-14,47.2,0.0,1.4e-12,42.8,0.0
NP_417668.1,ABC_tran,PF00005,9.2e-38,124.9,0.0,1.4e-37,124.3,0.0
NP_417670.1,Ribosomal_S30AE,PF02482,2.2e-29,97.0,0.9,2.5e-29,96.9,0.9
NP_417675.1,Transgly,PF00912,5.3e-56,183.8,0.0,6.7e-56,183.5,0.0
NP_417678.1,Radical_SAM,PF04055,1.1e-20,69.4,0.0,1.6e-20,68.9,0.0
NP_417680.1,Pyr_redox_2,PF07992,9.8e-28,92.3,4.7,6.5e-27,89.6,4.6
NP_417680.1,DAO,PF01266,5.7e-09,30.8,0.3,2e-06,22.4,0.0
NP_417680.1,F420_oxidored,PF03807,2.5e-06,23.0,0.1,0.029,10.0,0.0
NP_417691.4,MFS_1,PF07690,1.8e-42,140.4,61.9,3.6e-28,93.4,35.7
NP_417692.1,DHDPS,PF00701,1.1e-115,380.2,0.0,1.2e-115,380.1,0.0
NP_417697.1,Ribosomal_S9,PF00380,1.5e-52,172.2,2.0,1.6e-52,172.0,2.0
NP_417698.1,Ribosomal_L13,PF00572,3e-49,161.0,0.1,3.5e-49,160.8,0.1
NP_417701.1,Trypsin_2,PF13365,3.4e-34,113.6,0.3,5.6e-34,112.9,0.3
NP_417701.1,PDZ_2,PF13180,6.7e-27,88.6,0.2,2.4e-16,54.8,0.0
NP_417702.1,Trypsin_2,PF13365,2.8e-31,104.1,0.7,4.5e-31,103.5,0.7
NP_417702.1,PDZ_2,PF13180,4.5e-16,53.9,0.4,1.6e-15,52.2,0.2
NP_417710.1,LysR_substrate,PF03466,1.3e-40,133.9,0.0,1.6e-40,133.6,0.0
NP_417710.1,HTH_1,PF00126,1.2e-21,71.4,0.8,2e-21,70.7,0.8
NP_417713.2,S1,PF00575,1.5e-08,29.9,0.3,8.8e-08,27.4,0.0
NP_417717.2,HSP70,PF00012,5.9e-15,49.4,0.3,1.1e-14,48.4,0.1
NP_417719.1,ADH_zinc_N,PF00107,7.7e-17,56.4,0.0,1.4e-16,55.6,0.0
NP_417719.1,ADH_N,PF08240,2.2e-13,45.4,0.5,1.3e-12,42.8,0.0
NP_417721.1,Biotin_lipoyl,PF00364,8.5e-27,87.8,1.7,9.8e-27,87.6,0.5
NP_417722.1,CPSase_L_D2,PF02786,3.3e-87,286.4,0.0,4.9e-87,285.8,0.0
NP_417722.1,Biotin_carb_N,PF00289,5.9e-47,153.7,0.1,1.3e-46,152.6,0.1
NP_417722.1,Biotin_carb_C,PF02785,3.2e-40,131.6,0.0,6.2e-40,130.6,0.0
NP_417722.1,Dala_Dala_lig_C,PF07478,4.2e-09,31.1,0.0,1.2e-08,29.6,0.0
NP_417725.1,MTS,PF05175,4.8e-12,40.7,0.0,7.2e-12,40.1,0.0
NP_417725.1,Methyltransf_25,PF13649,5.5e-10,34.8,0.0,1.1e-09,33.8,0.0
NP_417726.1,Dus,PF01207,9e-122,400.9,0.0,1e-121,400.8,0.0
NP_417728.4,Cons_hypoth95,PF03602,2e-07,25.8,0.0,0.00015,16.4,0.0
NP_417730.1,TetR_N,PF00440,8.4e-20,65.3,0.0,1.9e-19,64.2,0.0
NP_417736.2,BPD_transp_1,PF00528,3.6e-26,86.9,11.9,3.6e-26,86.9,11.9
NP_417737.1,ABC_tran,PF00005,2.9e-41,136.2,0.0,3.8e-41,135.8,0.0
NP_417738.4,Hexapep,PF00132,4.3e-21,68.7,6.5,2.9e-09,31.3,0.7
NP_417740.1,Shikimate_dh_N,PF08501,9.1e-25,81.7,0.0,1.4e-24,81.1,0.0
NP_417741.1,Sua5_yciO_yrdC,PF01300,5.1e-48,157.8,0.0,5.7e-48,157.7,0.0
NP_417745.1,Pep_deformylase,PF01327,3.8e-54,177.5,0.1,4.4e-54,177.2,0.1
NP_417746.1,Formyl_trans_N,PF00551,1.9e-60,198.6,0.0,2.9e-60,198.0,0.0
NP_417746.1,Formyl_trans_C,PF02911,1.1e-34,113.6,0.1,1.7e-34,113.0,0.1
NP_417747.1,Methyltr_RsmB-F,PF01189,1.1e-83,274.7,0.0,1.6e-83,274.2,0.0
NP_417747.1,NusB,PF01029,1.3e-30,101.5,0.0,2.3e-30,100.7,0.0
NP_417747.1,Methyltransf_25,PF13649,1.5e-07,27.0,0.0,3.8e-07,25.7,0.0
NP_417748.1,TrkA_N,PF02254,8.3e-60,195.2,3.9,7.2e-31,101.9,0.1
NP_417748.1,TrkA_C,PF02080,8.4e-24,78.3,0.5,7.4e-13,43.2,0.0
NP_417748.1,F420_oxidored,PF03807,1.8e-14,49.1,2.7,2e-06,23.3,0.0
NP_417748.1,NAD_Gly3P_dh_N,PF01210,4.4e-07,24.9,0.8,0.0015,13.5,0.0
NP_417751.1,MerR_1,PF13411,9.1e-24,78.4,0.6,1.6e-23,77.6,0.6
NP_417753.1,Ribosomal_L17,PF01196,2e-41,135.8,0.0,2.5e-41,135.5,0.0
NP_417754.1,RNA_pol_A_CTD,PF03118,6.2e-26,84.9,0.1,1.1e-25,84.1,0.1
NP_417755.1,Ribosomal_S4,PF00163,3.2e-33,109.3,1.7,3.2e-33,109.3,1.7
NP_417755.1,S4,PF01479,6.9e-21,68.8,0.2,1.4e-20,67.8,0.2
NP_417757.1,Ribosomal_S13,PF00416,3.8e-37,122.5,5.9,1.8e-35,117.1,5.9
NP_417759.1,SecY,PF00344,3.6e-123,405.7,18.9,4.4e-123,405.4,18.9
NP_417760.1,Ribosomal_L27A,PF00828,1.2e-14,49.5,3.1,1.8e-14,48.9,3.1
NP_417762.1,Ribosomal_S5_C,PF03719,3.9e-32,104.5,0.4,6.8e-32,103.8,0.4
NP_417762.1,Ribosomal_S5,PF00333,1.1e-31,103.6,2.6,2e-31,102.8,2.6
NP_417763.1,Ribosomal_L18p,PF00861,2.6e-41,135.6,4.2,2.9e-41,135.4,4.2
NP_417764.1,Ribosomal_L6,PF00347,1.8e-44,145.4,0.2,5.7e-24,79.7,0.0
NP_417765.1,Ribosomal_S8,PF00410,6.3e-51,166.6,0.1,7e-51,166.4,0.1
NP_417766.1,Ribosomal_S14,PF00253,2.1e-28,92.8,1.7,3e-28,92.3,1.7
NP_417767.1,Ribosomal_L5_C,PF00673,1.5e-43,141.8,0.0,2.4e-43,141.2,0.0
NP_417767.1,Ribosomal_L5,PF00281,2.5e-30,99.6,0.3,4.4e-30,98.7,0.3
NP_417768.1,ribosomal_L24,PF17136,1.9e-27,90.4,0.1,3.4e-27,89.6,0.1
NP_417768.1,KOW,PF00467,7.5e-08,27.0,4.0,1.4e-07,26.1,4.0
NP_417769.1,Ribosomal_L14,PF00238,5.2e-57,185.9,0.5,5.7e-57,185.8,0.5
NP_417770.1,Ribosomal_S17,PF00366,6.5e-37,120.5,1.2,7.7e-37,120.2,1.2
NP_417771.1,Ribosomal_L29,PF00831,6.4e-25,81.9,7.6,7.1e-25,81.8,7.6
NP_417772.1,Ribosomal_L16,PF00252,1e-52,172.5,1.6,1.1e-52,172.4,1.6
NP_417773.1,Ribosomal_S3_C,PF00189,2.3e-42,138.4,1.0,4.2e-42,137.6,1.0
NP_417773.1,KH_2,PF07650,1.2e-21,71.4,3.6,2.7e-21,70.2,3.6
NP_417774.1,Ribosomal_L22,PF00237,2.4e-43,141.5,2.8,2.7e-43,141.4,2.8
NP_417775.1,Ribosomal_S19,PF00203,5.5e-40,130.1,0.1,6.3e-40,129.9,0.1
NP_417776.1,Ribosomal_L2_C,PF03947,8.6e-59,192.1,2.7,1.4e-58,191.4,2.7
NP_417776.1,Ribosomal_L2_N,PF00181,5.8e-39,127.1,0.4,3.5e-38,124.6,0.2
NP_417777.1,Ribosomal_L23,PF00276,2.7e-34,112.4,4.8,3.1e-34,112.2,4.8
NP_417778.1,Ribosomal_L4,PF00573,1.8e-73,241.2,1.1,2.1e-73,241.0,1.1
NP_417779.1,Ribosomal_L3,PF00297,1.2e-15,52.3,8.3,2.8e-15,51.1,6.6
NP_417780.1,Ribosomal_S10,PF00338,4.2e-37,121.4,0.1,4.7e-37,121.2,0.1
NP_417785.1,T2SSE,PF00437,8.2e-166,546.1,5.1,1e-165,545.8,5.1
NP_417798.1,GTP_EFTU,PF00009,1.9e-65,214.9,0.0,2.5e-65,214.5,0.0
NP_417798.1,GTP_EFTU_D3,PF03143,5e-42,137.5,0.1,1.2e-41,136.3,0.1
NP_417798.1,GTP_EFTU_D2,PF03144,1e-21,72.2,7.1,1e-21,72.2,7.1
NP_417799.1,GTP_EFTU,PF00009,3.2e-66,217.4,0.1,5.2e-66,216.8,0.1
NP_417799.1,EFG_IV,PF03764,4.9e-48,156.9,0.0,1.1e-47,155.7,0.0
NP_417799.1,EFG_III,PF14492,2.9e-35,115.2,0.0,6e-35,114.2,0.0
NP_417799.1,EFG_C,PF00679,5.6e-31,101.4,0.1,1.4e-30,100.2,0.1
NP_417799.1,GTP_EFTU_D2,PF03144,2.1e-20,67.9,0.7,5.6e-20,66.6,0.3
NP_417800.1,Ribosomal_S7,PF00177,5.6e-65,212.4,2.4,6.5e-65,212.2,2.4
NP_417801.1,Ribosom_S12_S23,PF00164,1.1e-43,142.4,0.4,1.3e-43,142.2,0.4
NP_417806.1,FKBP_C,PF00254,4.1e-36,118.2,0.1,1.8e-33,109.7,0.0
NP_417808.1,FKBP_C,PF00254,2.4e-10,35.6,0.0,6.5e-10,34.2,0.0
NP_417809.1,Na_H_Exchanger,PF00999,1.1e-65,216.8,44.9,1.5e-65,216.4,44.9
NP_417809.1,TrkA_N,PF02254,3.4e-26,86.8,0.1,6.3e-26,86.0,0.1
NP_417811.1,ABC_tran,PF00005,4.2e-52,171.3,7.2,2.3e-26,88.0,0.0
NP_417811.1,ABC_tran_Xtn,PF12848,4.4e-31,101.8,5.1,4.4e-31,101.8,5.1
NP_417811.1,MMR_HSR1,PF01926,2.3e-09,32.3,1.1,3e-05,19.1,0.0
NP_417818.1,Aminotran_1_2,PF00155,6.4e-08,27.0,0.0,1.4e-07,26.0,0.0
NP_417819.1,GATase,PF00117,1.4e-64,212.2,0.0,1.5e-64,212.1,0.0
NP_417822.1,Pro_isomerase,PF00160,5.7e-53,174.3,0.4,6.6e-53,174.1,0.4
NP_417823.1,MFS_1,PF07690,2.5e-27,90.6,58.3,5.6e-25,82.9,50.4
NP_417824.1,Pyr_redox_2,PF07992,3.3e-57,189.0,0.1,5.5e-57,188.3,0.1
NP_417827.1,TP_methylase,PF00590,3.1e-55,182.3,0.1,5.4e-55,181.5,0.1
NP_417830.4,SIS,PF01380,1e-17,59.1,0.0,4.8e-10,34.3,0.0
NP_417833.1,PfkB,PF00294,2.8e-40,133.4,0.1,4.1e-40,132.9,0.1
NP_417835.1,Aminotran_1_2,PF00155,8.4e-12,39.8,0.1,1.9e-11,38.6,0.1
NP_417835.1,Cys_Met_Meta_PP,PF01053,1.3e-08,28.7,0.1,1.9e-08,28.2,0.1
NP_417840.1,Ala_racemase_N,PF01168,7e-24,79.6,0.0,8.6e-24,79.4,0.0
NP_417843.1,tRNA-synt_1b,PF00579,5.4e-90,296.5,0.0,6.6e-90,296.2,0.0
NP_417844.1,Hydrolase,PF00702,4.5e-41,136.3,0.3,5.7e-41,135.9,0.3
NP_417844.1,HAD_2,PF13419,9.5e-39,128.2,0.0,2.1e-38,127.0,0.0
NP_417844.1,Hydrolase_3,PF08282,7.8e-08,27.2,0.0,0.0029,12.3,0.0
NP_417845.1,Ribul_P_3_epim,PF00834,5.2e-93,304.9,0.0,6.1e-93,304.6,0.0
NP_417848.1,DHQ_synthase,PF01761,1e-50,165.2,0.0,1.5e-50,164.6,0.0
NP_417855.4,Transgly,PF00912,1.1e-68,225.1,0.0,2.2e-68,224.1,0.0
NP_417855.4,Transpeptidase,PF00905,2.3e-27,90.9,0.7,1.3e-25,85.1,0.0
NP_417856.1,NUDIX,PF00293,1.3e-16,55.8,0.0,1.9e-16,55.3,0.0
NP_417858.4,Hydrolase,PF00702,3.6e-23,77.9,0.0,4.8e-23,77.5,0.0
NP_417858.4,HAD_2,PF13419,2.1e-12,42.3,0.0,7.6e-12,40.5,0.0
NP_417859.1,S4,PF01479,1.1e-15,52.1,0.0,2.2e-15,51.1,0.0
NP_417863.1,HATPase_c,PF02518,2.1e-26,87.5,0.0,4.2e-26,86.5,0.0
NP_417863.1,HisKA,PF00512,3.8e-14,47.5,0.1,7.7e-14,46.5,0.1
NP_417863.1,HAMP,PF00672,9.7e-11,36.8,0.0,2.1e-09,32.6,0.0
NP_417864.1,Response_reg,PF00072,8.8e-33,107.8,0.0,1.3e-32,107.2,0.0
NP_417864.1,Trans_reg_C,PF00486,4.4e-25,82.5,0.0,1.1e-24,81.3,0.0
NP_417866.4,S1,PF00575,5.8e-27,88.9,0.6,1.1e-26,88.0,0.6
NP_417868.1,MMR_HSR1,PF01926,5.5e-23,76.2,0.0,9.7e-23,75.4,0.0
NP_417868.1,GTP_EFTU,PF00009,1.4e-08,29.4,0.1,1.9e-06,22.5,0.1
NP_417872.2,Pribosyltran,PF00156,2.2e-09,31.8,0.0,3e-09,31.3,0.0
NP_417880.1,AAA,PF00004,2.5e-08,29.4,0.0,7.6e-08,27.8,0.0
NP_417883.1,Rhodanese,PF00581,2.5e-18,61.4,0.0,2.9e-18,61.1,0.0
NP_417884.1,DAO,PF01266,1.1e-60,200.9,0.3,2e-60,200.1,0.0
NP_417887.1,Glycos_transf_1,PF00534,1.3e-14,49.0,0.0,2.2e-14,48.3,0.0
NP_417887.1,Glyco_transf_4,PF13439,5.2e-12,41.0,2.0,2.1e-10,35.8,3.6
NP_417888.1,NTP_transferase,PF00483,9e-71,233.2,0.0,1.1e-70,232.9,0.0
NP_417891.1,Semialdhyde_dhC,PF02774,7.2e-55,180.9,0.0,9e-55,180.6,0.0
NP_417891.1,Semialdhyde_dh,PF01118,6.9e-27,89.2,0.0,1.3e-26,88.3,0.0
NP_417894.2,SKI,PF01202,2.4e-09,32.4,0.0,4.1e-09,31.7,0.0
NP_417898.1,Acetyltransf_1,PF00583,3.3e-20,67.5,0.0,4.1e-20,67.2,0.0
NP_417907.2,ABC_tran,PF00005,1.2e-35,118.0,0.0,2.2e-35,117.2,0.0
NP_417908.1,BPD_transp_1,PF00528,6.6e-25,82.8,18.3,6.6e-25,82.8,18.3
NP_417909.1,BPD_transp_1,PF00528,5.6e-21,70.0,21.3,5.6e-21,70.0,21.3
NP_417911.4,ABC_tran,PF00005,1.6e-37,124.1,0.0,2.2e-37,123.6,0.0
NP_417912.1,ABC_tran,PF00005,1.1e-35,118.2,0.0,1.7e-35,117.5,0.0
NP_417916.1,Acetyltransf_1,PF00583,9.4e-08,27.3,0.0,1.3e-07,26.8,0.0
NP_417918.1,Sigma70_r2,PF04542,3.8e-20,66.4,0.0,7.2e-20,65.5,0.0
NP_417918.1,Sigma70_r4,PF04545,6.9e-20,65.3,0.9,2.1e-18,60.6,0.3
NP_417918.1,Sigma70_r1_2,PF00140,2.7e-06,22.2,0.0,7.1e-06,20.9,0.0
NP_417919.1,FtsX,PF02687,4.5e-16,53.9,10.4,4.5e-16,53.9,10.4
NP_417920.1,ABC_tran,PF00005,3e-42,139.4,0.0,4.2e-42,139.0,0.0
NP_417921.1,SRP54,PF00448,2.3e-81,267.0,2.3,2.3e-81,267.0,2.3
NP_417921.1,SRP54_N,PF02881,2.3e-16,54.7,0.7,2.3e-16,54.7,0.7
NP_417922.1,Cons_hypoth95,PF03602,1.8e-65,214.9,0.0,2.1e-65,214.7,0.0
NP_417926.1,Hydrolase,PF00702,9.8e-36,118.8,2.8,2.3e-35,117.7,2.8
NP_417926.1,E1-E2_ATPase,PF00122,2.5e-25,83.2,0.0,5.8e-25,82.0,0.0
NP_417926.1,Hydrolase_3,PF08282,4.2e-09,31.4,1.1,2.3e-07,25.7,1.0
NP_417930.2,MFS_1,PF07690,6e-38,125.5,84.1,5e-28,92.9,56.1
NP_417931.4,AI-2E_transport,PF01594,6.9e-84,276.8,37.6,7.8e-84,276.7,37.6
NP_417932.1,ACPS,PF01648,6.4e-13,43.7,0.0,8.8e-13,43.2,0.0
NP_417933.1,SBP_bac_5,PF00496,1.2e-100,332.1,1.1,1.4e-100,331.9,1.1
NP_417934.1,BPD_transp_1,PF00528,3e-49,162.2,10.7,3e-49,162.2,10.7
NP_417935.1,BPD_transp_1,PF00528,1.2e-33,111.4,12.1,1.2e-33,111.4,12.1
NP_417936.1,ABC_tran,PF00005,5.2e-28,93.3,0.0,7.2e-28,92.9,0.0
NP_417937.1,ABC_tran,PF00005,2.9e-42,139.5,0.0,4.2e-42,138.9,0.0
NP_417949.1,Pyr_redox_2,PF07992,8.9e-11,36.6,0.0,4.2e-10,34.4,0.0
NP_417949.1,DAO,PF01266,6.3e-09,30.7,0.9,0.00033,15.2,0.6
NP_417953.1,MFS_1,PF07690,6.2e-18,59.7,56.6,1.5e-14,48.6,29.4
NP_417957.1,Pyr_redox_2,PF07992,4e-73,241.2,2.6,4.1e-73,241.2,1.8
NP_417957.1,Pyr_redox_dim,PF02852,5.7e-40,130.9,1.1,1.7e-38,126.2,0.4
NP_417977.1,Sigma70_r4,PF04545,6.8e-08,26.9,0.1,1.6e-07,25.8,0.1
NP_417978.2,LysR_substrate,PF03466,2.5e-44,146.0,0.1,3.4e-44,145.6,0.1
NP_417978.2,HTH_1,PF00126,2.6e-21,70.4,0.6,4.2e-21,69.7,0.6
NP_417980.1,MFS_1,PF07690,4.6e-32,106.2,62.0,2.2e-18,61.2,28.5
NP_417983.2,PfkB,PF00294,1.1e-75,249.7,0.0,1.2e-75,249.5,0.0
NP_417984.1,Peptidase_M16_C,PF05193,3.9e-26,86.9,0.0,1.1e-25,85.4,0.0
NP_417984.1,Peptidase_M16,PF00675,7.1e-08,27.4,0.0,2.2e-07,25.8,0.0
NP_417990.4,Glycos_transf_2,PF00535,1.4e-25,85.1,0.0,2.2e-25,84.4,0.0
NP_417997.1,ABC_tran,PF00005,4.5e-35,116.2,0.0,6.2e-35,115.7,0.0
NP_417998.1,ABC_tran,PF00005,2.6e-31,104.0,0.0,3.7e-31,103.5,0.0
NP_417999.1,BPD_transp_1,PF00528,1.5e-34,114.3,17.5,2.6e-34,113.5,13.6
NP_418000.1,BPD_transp_1,PF00528,4.2e-47,155.2,14.9,4.2e-47,155.2,14.9
NP_418001.1,SBP_bac_5,PF00496,2.2e-116,383.9,6.9,2.8e-116,383.5,6.9
NP_418003.1,MFS_1,PF07690,7.1e-37,122.0,42.2,2.6e-21,70.8,14.5
NP_418006.1,Acetyltransf_1,PF00583,5e-18,60.4,0.1,6.2e-18,60.1,0.1
NP_418009.2,2-Hacid_dh_C,PF02826,6.4e-65,212.7,0.0,1.1e-64,212.0,0.0
NP_418011.1,HTH_3,PF01381,1.1e-07,26.7,0.0,1.6e-07,26.2,0.0
NP_418016.1,DALR_1,PF05746,1.4e-12,42.7,0.5,3.8e-12,41.3,0.5
NP_418024.1,ABC_tran,PF00005,3.4e-57,187.8,0.3,6.6e-32,105.9,0.1
NP_418038.1,OMPdecase,PF00215,1.3e-45,150.9,0.2,1.5e-45,150.7,0.2
NP_418042.1,LysR_substrate,PF03466,3.8e-17,57.3,0.0,7e-17,56.4,0.0
NP_418042.1,HTH_1,PF00126,1.5e-14,48.7,0.0,2.5e-14,48.0,0.0
NP_418045.4,Aldedh,PF00171,9.5e-160,527.0,0.0,1.1e-159,526.8,0.0
NP_418047.1,GTP_EFTU,PF00009,2e-36,120.3,0.1,6.9e-36,118.5,0.1
NP_418047.1,GTP_EFTU_D2,PF03144,1e-12,43.3,0.0,2.5e-12,42.1,0.0
NP_418047.1,MMR_HSR1,PF01926,5.5e-07,24.7,0.0,2e-06,22.9,0.0
NP_418063.1,SpoU_methylase,PF00588,3.7e-35,116.1,0.0,4.1e-35,115.9,0.0
NP_418064.1,Hexapep,PF00132,5.8e-13,43.0,8.0,2.2e-11,38.0,0.9
NP_418065.1,NAD_Gly3P_dh_C,PF07479,6e-59,193.3,1.1,9.3e-59,192.7,1.1
NP_418065.1,NAD_Gly3P_dh_N,PF01210,1.1e-55,182.9,0.0,1.5e-55,182.5,0.0
NP_418065.1,F420_oxidored,PF03807,4.3e-08,28.7,0.0,2e-06,23.3,0.0
NP_418068.1,Rhodanese,PF00581,1.5e-21,71.8,0.0,1.8e-21,71.5,0.0
NP_418072.1,Glycos_transf_2,PF00535,3.4e-40,132.7,0.0,7.3e-40,131.6,0.0
NP_418073.1,ADH_N,PF08240,1.1e-31,104.2,1.3,2.4e-31,103.1,1.3
NP_418073.1,ADH_zinc_N,PF00107,4.5e-31,102.4,0.1,7.3e-31,101.8,0.1
NP_418074.1,Aminotran_1_2,PF00155,3.2e-80,264.9,0.1,3.7e-80,264.7,0.1
NP_418076.1,Epimerase,PF01370,6.2e-47,154.9,0.0,8.2e-47,154.5,0.0
NP_418085.2,Glycos_transf_1,PF00534,3e-26,86.9,0.0,5.3e-26,86.1,0.0
NP_418085.2,Glyco_transf_4,PF13439,1.1e-13,46.5,0.0,1.9e-13,45.7,0.0
NP_418088.1,Glycos_transf_1,PF00534,4.5e-45,148.2,0.0,6e-45,147.8,0.0
NP_418088.1,Glyco_transf_4,PF13439,4.4e-10,34.8,0.9,2.9e-09,32.1,0.1
NP_418090.1,Glycos_transf_1,PF00534,2.7e-08,28.5,0.0,5.7e-08,27.4,0.0
NP_418091.1,CTP_transf_like,PF01467,4.9e-33,109.1,0.1,5.8e-33,108.9,0.1
NP_418093.1,Ribosomal_L33,PF00471,6.1e-21,69.5,1.0,6.8e-21,69.4,1.0
NP_418094.1,Ribosomal_L28,PF00830,2.1e-28,93.1,2.1,2.4e-28,92.9,2.1
NP_418096.4,DFP,PF04127,1.3e-84,278.1,1.0,1.9e-84,277.5,0.0
NP_418096.4,Flavoprotein,PF02441,3.4e-33,109.4,0.1,7.3e-33,108.4,0.1
NP_418098.4,TetR_N,PF00440,9e-11,36.4,0.0,1.5e-10,35.7,0.0
NP_418099.1,Pribosyltran,PF00156,3.7e-11,37.5,0.0,6.6e-11,36.7,0.0
NP_418104.2,DNA_ligase_aden,PF01653,1.2e-24,82.1,0.0,2.1e-24,81.3,0.0
NP_418104.2,OB_DNA_ligase,PF03120,4.6e-23,75.9,0.2,9.3e-23,75.0,0.2
NP_418105.1,Guanylate_kin,PF00625,6.1e-74,242.6,0.0,7.1e-74,242.3,0.0
NP_418107.1,HD_4,PF13328,5e-55,180.4,0.7,9.5e-55,179.5,0.7
NP_418107.1,RelA_SpoT,PF04607,3.5e-44,144.7,0.8,9.9e-44,143.2,0.1
NP_418107.1,TGS,PF02824,8.5e-24,78.4,0.0,2.4e-23,76.9,0.0
NP_418107.1,ACT_4,PF13291,2.9e-18,61.3,1.6,1.1e-17,59.4,1.1
NP_418107.1,HD,PF01966,5.8e-16,53.8,2.4,1.1e-15,52.8,0.5
NP_418108.1,SpoU_methylase,PF00588,4.6e-41,135.2,0.1,6.3e-41,134.7,0.1
NP_418109.1,DEAD,PF00270,7.1e-28,92.4,0.1,1.5e-27,91.3,0.1
NP_418109.1,Helicase_C,PF00271,1.7e-23,77.9,0.0,3e-20,67.5,0.0
NP_418109.1,ResIII,PF04851,1.9e-13,45.6,0.1,3.9e-13,44.6,0.0
NP_418109.1,tRNA_anti-codon,PF01336,2.1e-11,38.6,0.0,4.1e-11,37.7,0.0
NP_418109.1,SecA_DEAD,PF07517,6.4e-08,27.1,0.0,1.4e-07,26.0,0.0
NP_418115.1,MFS_1,PF07690,9.7e-43,141.3,45.8,7.4e-40,131.8,29.1
NP_418116.1,EamA,PF00892,3.4e-44,145.3,44.3,3.2e-24,80.7,21.8
NP_418118.2,MFS_1,PF07690,9.4e-42,138.0,58.6,1.5e-39,130.8,50.2
NP_418121.1,Amidohydro_1,PF01979,7.6e-41,135.4,0.0,1.2e-40,134.7,0.0
NP_418122.1,MFS_1,PF07690,1.5e-37,124.2,29.6,1.5e-37,124.2,29.6
NP_418123.2,MFS_1,PF07690,1.1e-55,183.9,43.0,1.1e-55,183.9,43.0
NP_418124.4,HATPase_c,PF02518,2.6e-13,45.4,0.0,4.6e-13,44.6,0.0
NP_418125.1,Response_reg,PF00072,1.6e-26,87.6,0.0,2.4e-26,87.1,0.0
NP_418127.1,TPP_enzyme_C,PF02775,5.4e-53,173.8,0.1,1.3e-52,172.6,0.1
NP_418127.1,TPP_enzyme_N,PF02776,2.2e-42,138.6,0.3,5.7e-42,137.2,0.1
NP_418129.2,MFS_1,PF07690,1.9e-43,143.6,47.3,1.9e-43,143.6,47.3
NP_418140.4,TrkA_C,PF02080,4.1e-21,69.7,4.0,1.3e-12,42.4,0.6
NP_418145.2,DAO,PF01266,1e-09,33.3,0.0,1e-05,20.1,0.0
NP_418146.4,MFS_1,PF07690,1.2e-67,223.2,77.5,4.8e-58,191.6,38.0
NP_418152.1,Hydrolase_3,PF08282,6.1e-69,227.5,0.0,6.9e-69,227.3,0.0
NP_418152.1,Hydrolase,PF00702,1e-13,47.0,1.6,8.9e-13,44.0,1.6
NP_418155.1,SMC_N,PF02463,2.1e-50,166.1,0.0,2.5e-50,165.9,0.0
NP_418156.1,DNA_pol3_beta,PF00712,4.9e-51,166.9,0.0,1.9e-44,145.7,0.0
NP_418156.1,DNA_pol3_beta_2,PF02767,2.5e-49,161.4,0.0,1.6e-44,145.9,0.0
NP_418156.1,DNA_pol3_beta_3,PF02768,9.3e-48,156.0,0.4,3.4e-47,154.2,0.2
NP_418157.1,Bac_DnaA,PF00308,8.1e-77,251.9,0.1,1.5e-76,251.0,0.1
NP_418157.1,Bac_DnaA_C,PF08299,1.5e-35,116.1,0.2,1e-34,113.4,0.1
NP_418157.1,AAA,PF00004,2.8e-08,29.2,0.0,2e-07,26.5,0.0
NP_418161.1,60KD_IMP,PF02096,1.2e-81,268.0,13.3,1.2e-81,268.0,13.3
NP_418162.1,MMR_HSR1,PF01926,2.8e-28,93.3,0.0,1.5e-27,90.9,0.0
NP_418164.4,Aminotran_1_2,PF00155,1e-05,19.8,0.0,0.00047,14.3,0.0
NP_418166.1,MFS_1,PF07690,2.2e-46,153.3,40.3,2.2e-46,153.3,40.3
NP_418167.1,LysR_substrate,PF03466,5.9e-18,59.9,0.3,9e-18,59.3,0.3
NP_418167.1,HTH_1,PF00126,3.1e-15,50.9,0.0,5.7e-15,50.0,0.0
NP_418171.1,Hydrolase,PF00702,4.5e-24,80.8,0.0,5.5e-24,80.5,0.0
NP_418171.1,HAD_2,PF13419,1.1e-21,72.6,0.0,1.3e-21,72.4,0.0
NP_418181.1,ABC_tran,PF00005,5.9e-37,122.3,0.0,8.3e-37,121.8,0.0
NP_418182.1,BPD_transp_1,PF00528,4.8e-29,96.3,15.5,4.8e-29,96.3,15.5
NP_418183.1,BPD_transp_1,PF00528,1.4e-16,55.7,20.4,1.4e-16,55.7,20.4
NP_418185.1,SIS,PF01380,6.3e-69,224.8,0.1,6.3e-36,118.0,0.1
NP_418185.1,GATase_6,PF13522,3.4e-21,70.6,0.1,6.2e-21,69.7,0.1
NP_418186.1,Hexapep,PF00132,1e-31,102.4,13.9,4.2e-10,34.0,0.3
NP_418186.1,NTP_transferase,PF00483,2.1e-14,48.6,0.0,3.2e-14,48.0,0.0
NP_418187.1,ATP-synt_DE_N,PF02823,1e-33,110.2,0.1,1.5e-33,109.7,0.1
NP_418188.1,ATP-synt_ab,PF00006,2.1e-73,241.4,0.0,3e-73,240.9,0.0
NP_418188.1,ATP-synt_ab_N,PF02874,6e-20,66.5,2.5,1.4e-19,65.3,2.5
NP_418189.1,ATP-synt,PF00231,2.7e-108,356.9,0.0,3e-108,356.8,0.0
NP_418190.1,ATP-synt_ab,PF00006,1.4e-82,271.4,0.1,2.2e-82,270.7,0.1
NP_418190.1,ATP-synt_ab_C,PF00306,1.3e-47,156.2,0.8,2.5e-47,155.3,0.8
NP_418190.1,ATP-synt_ab_N,PF02874,1.1e-13,46.4,0.1,2.9e-13,45.1,0.1
NP_418191.1,OSCP,PF00213,8.5e-50,164.1,1.0,9.5e-50,164.0,1.0
NP_418192.1,ATP-synt_B,PF00430,4.8e-42,138.1,21.0,5.8e-42,137.9,21.0
NP_418193.1,ATP-synt_C,PF00137,1.3e-14,49.1,11.6,1.8e-14,48.7,11.6
NP_418194.1,ATP-synt_A,PF00119,1.5e-58,193.1,21.4,1.9e-58,192.8,21.4
NP_418196.1,GidB,PF02527,2e-71,234.1,0.0,2.4e-71,233.8,0.0
NP_418205.1,ABC_tran,PF00005,1.7e-61,201.8,0.2,4.9e-33,109.6,0.0
NP_418208.1,PfkB,PF00294,4.4e-82,270.7,4.3,5e-82,270.5,4.3
NP_418210.1,MFS_1,PF07690,1.9e-49,163.3,52.0,1.4e-47,157.2,50.5
NP_418214.2,ChlI,PF13541,3e-46,151.2,0.1,4.9e-46,150.5,0.1
NP_418214.2,AAA,PF00004,5.3e-06,21.9,0.6,2.6e-05,19.6,0.2
NP_418220.1,PALP,PF00291,1e-80,266.1,1.6,1.6e-80,265.5,1.6
NP_418221.1,LysR_substrate,PF03466,6.8e-39,128.3,0.5,9.7e-39,127.8,0.1
NP_418221.1,HTH_1,PF00126,7e-25,81.8,0.6,1.3e-24,81.0,0.6
NP_418227.1,DEAD,PF00270,3.3e-45,148.8,0.0,7.5e-44,144.3,0.0
NP_418227.1,Helicase_C,PF00271,3.8e-33,109.0,0.0,3.8e-32,105.8,0.0
NP_418227.1,ResIII,PF04851,7.1e-07,24.2,0.0,1.3e-06,23.4,0.0
NP_418228.2,Thioredoxin,PF00085,3.9e-36,118.2,0.0,4.3e-36,118.0,0.0
NP_418230.1,ATP-synt_ab,PF00006,2e-28,94.4,0.1,2.9e-28,93.9,0.1
NP_418231.1,Glycos_transf_4,PF00953,2.4e-32,107.0,21.7,2.4e-32,107.0,21.7
NP_418236.1,NTP_transferase,PF00483,6.8e-83,272.9,0.0,8.1e-83,272.6,0.0
NP_418238.1,Aminotran_1_2,PF00155,8.9e-13,43.0,0.0,2.2e-12,41.7,0.0
NP_418238.1,Aminotran_5,PF00266,2.9e-10,34.5,0.1,3.8e-10,34.1,0.1
NP_418256.1,Phage_integrase,PF00589,5.1e-60,197.1,0.0,1.1e-59,196.0,0.0
NP_418257.1,Hydrolase,PF00702,5.8e-23,77.2,0.0,6.9e-23,76.9,0.0
NP_418257.1,HAD_2,PF13419,1.4e-12,42.9,0.0,3.1e-11,38.5,0.0
NP_418258.1,UvrD-helicase,PF00580,2.4e-96,317.4,0.0,4.4e-96,316.6,0.0
NP_418258.1,UvrD_C,PF13361,1.8e-86,285.7,0.0,6.1e-86,283.9,0.0
NP_418264.4,4HBT,PF03061,6.5e-15,50.2,0.3,1.1e-14,49.4,0.3
NP_418271.1,EamA,PF00892,3.9e-24,80.4,34.6,5.5e-15,50.8,10.0
NP_418272.1,LysR_substrate,PF03466,6.4e-50,164.3,1.4,9e-50,163.8,1.4
NP_418272.1,HTH_1,PF00126,8e-20,65.6,1.5,2.1e-19,64.2,1.5
NP_418275.1,PNP_UDP_1,PF01048,2.2e-41,136.7,1.5,2.5e-41,136.5,1.5
NP_418284.1,NusG,PF02357,9.8e-24,78.7,0.0,1.6e-23,78.1,0.0
NP_418289.1,Peptidase_M24,PF00557,2.1e-45,150.0,0.2,2.6e-45,149.7,0.2
NP_418299.1,Acyltransferase,PF01553,3.7e-15,50.8,0.0,5.5e-15,50.3,0.0
NP_418300.1,DNA_pol_A,PF00476,1.5e-172,568.7,0.0,2e-172,568.3,0.0
NP_418300.1,5_3_exonuc_N,PF02739,1.2e-61,202.1,0.0,2.1e-61,201.4,0.0
NP_418300.1,5_3_exonuc,PF01367,8.7e-34,110.9,0.0,2.5e-33,109.4,0.0
NP_418301.3,MMR_HSR1,PF01926,1.3e-20,68.6,0.0,1.9e-20,68.0,0.0
NP_418303.2,Radical_SAM,PF04055,1.2e-26,88.8,0.0,1.7e-26,88.3,0.0
NP_418304.1,Response_reg,PF00072,8.9e-34,111.0,0.0,1.7e-33,110.1,0.0
NP_418304.1,AAA_2,PF07724,5.9e-08,27.9,0.0,1e-07,27.1,0.0
NP_418305.1,HATPase_c,PF02518,5.2e-23,76.6,0.0,1.2e-22,75.4,0.0
NP_418305.1,HisKA,PF00512,9.3e-17,55.9,0.8,5.7e-16,53.3,0.0
NP_418306.1,Gln-synt_C,PF00120,7.4e-144,473.9,0.0,8.9e-144,473.6,0.0
NP_418310.1,MFS_1,PF07690,2e-28,94.2,30.5,2e-28,94.2,30.5
NP_418313.4,MFS_1,PF07690,1.3e-11,38.9,55.5,1e-10,36.0,31.8
NP_418318.1,F420_oxidored,PF03807,7.3e-10,34.3,0.0,1.7e-09,33.1,0.0
NP_418319.2,PfkB,PF00294,2.8e-71,235.2,0.5,3.2e-71,235.0,0.5
NP_418321.4,Hydrolase,PF00702,2.1e-19,65.6,0.0,8.1e-19,63.7,0.0
NP_418321.4,HAD_2,PF13419,5.1e-14,47.6,0.0,7.9e-14,47.0,0.0
NP_418324.1,Acetyltransf_1,PF00583,1.1e-17,59.3,0.0,1.7e-17,58.7,0.0
NP_418347.1,HATPase_c,PF02518,4.2e-28,93.0,0.0,4.7e-27,89.6,0.0
NP_418347.1,HisKA,PF00512,1.2e-16,55.5,5.0,1.2e-16,55.5,5.0
NP_418347.1,HAMP,PF00672,2.5e-13,45.2,0.1,7.9e-13,43.5,0.0
NP_418348.1,Response_reg,PF00072,5.3e-32,105.3,0.5,8.1e-32,104.7,0.5
NP_418348.1,Trans_reg_C,PF00486,2e-24,80.5,0.4,4.3e-24,79.4,0.0
NP_418350.1,Cation_efflux,PF01545,6.6e-53,174.3,14.8,7.9e-53,174.1,14.8
NP_418354.1,TIM,PF00121,3.3e-98,323.0,3.4,3.8e-98,322.8,3.4
NP_418366.1,AAA_2,PF07724,2.9e-38,126.4,0.3,2.5e-30,100.6,0.1
NP_418366.1,AAA,PF00004,1.3e-18,62.6,0.1,8.4e-09,30.9,0.0
NP_418370.1,PriA_3primeBD,PF17764,4.5e-34,111.2,0.0,1.1e-33,109.9,0.0
NP_418370.1,DEAD,PF00270,3.7e-24,80.2,0.0,1e-23,78.8,0.0
NP_418370.1,ResIII,PF04851,1.7e-16,55.5,0.0,2.8e-16,54.8,0.0
NP_418370.1,Helicase_C,PF00271,1.1e-13,46.3,0.0,1.4e-08,29.9,0.0
NP_418371.1,Ribosomal_L31,PF01197,1.4e-33,109.9,0.4,1.6e-33,109.7,0.4
NP_418374.1,Cys_Met_Meta_PP,PF01053,3.7e-147,484.7,0.0,4.2e-147,484.5,0.0
NP_418374.1,Aminotran_1_2,PF00155,1.6e-08,29.0,0.0,2.4e-08,28.5,0.0
NP_418375.1,AA_kinase,PF00696,4.8e-44,145.7,0.0,7.7e-44,145.1,0.0
NP_418378.4,EamA,PF00892,1.9e-49,162.4,42.7,3.1e-26,87.2,15.3
NP_418387.3,Radical_SAM,PF04055,6.8e-16,53.8,0.0,1.2e-15,53.0,0.0
NP_418392.1,Peptidase_M20,PF01546,1.7e-35,117.7,0.0,2.6e-35,117.1,0.0
NP_418393.1,Semialdhyde_dh,PF01118,3.8e-33,109.4,0.0,6.4e-33,108.7,0.0
NP_418393.1,Semialdhyde_dhC,PF02774,1.1e-23,79.3,0.0,1.6e-23,78.7,0.0
NP_418394.3,AA_kinase,PF00696,4e-45,149.3,2.7,4.5e-45,149.1,2.7
NP_418395.1,Lyase_1,PF00206,7.6e-107,352.2,0.0,1.6e-106,351.1,0.0
NP_418396.1,LysR_substrate,PF03466,1.5e-56,186.0,0.6,2e-56,185.6,0.6
NP_418396.1,HTH_1,PF00126,3.6e-24,79.5,0.8,8.4e-24,78.3,0.2
NP_418397.2,Pyr_redox_2,PF07992,5e-65,214.7,0.0,6.4e-65,214.3,0.0
NP_418397.2,Pyr_redox_dim,PF02852,1.5e-29,97.4,0.7,3.4e-29,96.3,0.7
NP_418398.3,TetR_N,PF00440,6.6e-10,33.6,0.1,6.6e-10,33.6,0.1
NP_418400.1,tRNA_U5-meth_tr,PF05958,7.9e-195,641.7,1.3,8.9e-195,641.5,1.3
NP_418400.1,Methyltransf_25,PF13649,8.7e-08,27.8,0.0,3.5e-07,25.8,0.0
NP_418402.2,Asp_Glu_race,PF01177,2.7e-24,81.1,0.4,4.3e-24,80.4,0.1
NP_418403.1,MurB_C,PF02873,5.4e-33,108.1,0.0,9.1e-33,107.4,0.0
NP_418403.1,FAD_binding_4,PF01565,1.9e-29,97.1,0.0,8.2e-29,95.0,0.1
NP_418404.1,BPL_LplA_LipB,PF03099,1e-33,111.0,0.0,1.5e-33,110.5,0.0
NP_418407.1,GTP_EFTU,PF00009,1.9e-65,214.9,0.0,2.5e-65,214.5,0.0
NP_418407.1,GTP_EFTU_D3,PF03143,5e-42,137.5,0.1,1.2e-41,136.3,0.1
NP_418407.1,GTP_EFTU_D2,PF03144,1e-21,72.2,7.1,1e-21,72.2,7.1
NP_418409.1,NusG,PF02357,1.3e-31,104.0,0.0,1.9e-31,103.4,0.0
NP_418409.1,KOW,PF00467,1.1e-09,32.8,1.0,2.5e-09,31.6,0.0
NP_418410.1,Ribosomal_L11_N,PF03946,8.6e-32,103.7,0.3,3.3e-31,101.8,0.2
NP_418410.1,Ribosomal_L11,PF00298,1.3e-29,97.4,2.7,1.9e-29,96.9,2.7
NP_418411.1,Ribosomal_L1,PF00687,1e-68,225.8,1.1,1.2e-68,225.5,1.1
NP_418412.1,Ribosomal_L10,PF00466,2.7e-30,99.4,0.0,3.8e-30,98.9,0.0
NP_418413.1,Ribosomal_L12,PF00542,9.7e-33,107.3,8.5,2.2e-32,106.2,8.5
NP_418413.1,Ribosomal_L12_N,PF16320,6e-18,59.3,10.4,6e-18,59.3,10.4
NP_418414.1,RNA_pol_Rpb2_6,PF00562,1.2e-136,450.6,0.1,1.1e-134,444.1,0.1
NP_418414.1,RNA_pol_Rpb2_45,PF10385,3.1e-32,105.4,1.0,3.9e-31,101.9,0.3
NP_418414.1,RNA_pol_Rpb2_3,PF04565,1.2e-31,103.6,0.0,2.7e-31,102.6,0.0
NP_418414.1,RNA_pol_Rpb2_7,PF04560,6.1e-31,101.7,0.1,1.6e-30,100.4,0.1
NP_418415.1,RNA_pol_Rpb1_1,PF04997,7e-90,296.4,0.0,1.3e-89,295.6,0.0
NP_418415.1,RNA_pol_Rpb1_5,PF04998,5.4e-81,266.8,0.0,8.8e-81,266.1,0.0
NP_418415.1,RNA_pol_Rpb1_2,PF00623,8.6e-40,131.6,0.1,4.4e-29,96.8,0.0
NP_418415.1,RNA_pol_Rpb1_3,PF04983,3.9e-33,109.6,0.0,8.3e-33,108.5,0.0
NP_418415.1,RNA_pol_Rpb1_4,PF05000,4.3e-23,76.3,0.3,1.1e-22,74.9,0.3
NP_418417.1,Radical_SAM,PF04055,7.2e-16,53.7,0.0,1.6e-15,52.6,0.0
NP_418428.1,Bac_DNA_binding,PF00216,8e-36,117.2,1.3,8.8e-36,117.0,1.3
NP_418431.1,HATPase_c,PF02518,1.7e-31,103.9,1.8,2.5e-31,103.4,0.1
NP_418431.1,HisKA,PF00512,4.4e-16,53.7,0.1,1.5e-15,52.0,0.0
NP_418432.1,Response_reg,PF00072,8.6e-34,111.0,0.2,1.7e-33,110.1,0.2
NP_418432.1,AAA,PF00004,5.1e-06,21.9,0.0,1.1e-05,20.8,0.0
NP_418433.1,GARS_A,PF01071,4.5e-86,282.6,0.1,6.1e-86,282.1,0.1
NP_418433.1,GARS_N,PF02844,1.3e-41,136.4,0.2,2.6e-41,135.4,0.2
NP_418433.1,GARS_C,PF02843,1.3e-35,116.6,0.1,7.1e-35,114.2,0.0
NP_418433.1,CPSase_L_D2,PF02786,3.8e-07,24.7,0.0,8.5e-07,23.6,0.0
NP_418434.1,AICARFT_IMPCHas,PF01808,3.4e-130,428.9,3.5,4.1e-130,428.6,3.5
NP_418434.1,MGS,PF02142,6.1e-31,101.4,0.0,1.4e-30,100.2,0.0
NP_418436.1,Acetyltransf_1,PF00583,1.3e-13,46.2,0.0,1.8e-13,45.8,0.0
NP_418443.1,Pterin_bind,PF00809,6.8e-69,227.1,0.4,7.4e-68,223.7,0.3
NP_418446.1,PseudoU_synth_2,PF00849,7.5e-23,76.4,0.0,1.8e-22,75.1,0.0
NP_418446.1,S4,PF01479,1.1e-15,52.1,2.9,2e-15,51.3,0.0
NP_418448.1,AA_kinase,PF00696,5.6e-48,158.6,0.2,8.3e-48,158.0,0.2
NP_418449.1,PGI,PF00342,2.6e-260,858.9,0.1,3e-260,858.7,0.1
NP_418455.1,MFS_1,PF07690,1.2e-33,111.4,66.6,1.1e-25,85.2,37.3
NP_418456.1,BPD_transp_1,PF00528,5.2e-18,60.3,16.5,5.2e-18,60.3,16.5
NP_418457.1,BPD_transp_1,PF00528,2.3e-23,77.8,16.2,2.3e-23,77.8,16.2
NP_418459.1,ABC_tran,PF00005,1.5e-36,121.0,0.0,2.7e-36,120.1,0.0
NP_418465.4,Acyltransferase,PF01553,1.3e-31,104.1,0.0,2.6e-31,103.1,0.0
NP_418467.1,Peptidase_S24,PF00717,6.9e-38,123.9,0.0,9.5e-38,123.4,0.0
NP_418468.3,MatE,PF01554,9.2e-47,153.7,32.1,9.5e-37,121.1,9.1
NP_418473.3,Dus,PF01207,1.6e-106,350.8,0.0,1.9e-106,350.6,0.0
NP_418475.1,ADH_zinc_N,PF00107,6.8e-31,101.8,0.1,1.2e-30,101.1,0.1
NP_418475.1,ADH_N,PF08240,6.9e-16,53.4,0.1,9.3e-15,49.8,0.0
NP_418476.1,DnaB_C,PF03796,3.9e-109,358.8,0.2,5.4e-109,358.4,0.2
NP_418476.1,DnaB,PF00772,1.5e-39,129.2,0.0,3.4e-39,128.1,0.0
NP_418477.1,Ala_racemase_N,PF01168,1.2e-72,239.1,0.0,1.6e-72,238.7,0.0
NP_418477.1,Ala_racemase_C,PF00842,2e-42,138.7,0.1,2.9e-42,138.2,0.1
NP_418478.1,Aminotran_1_2,PF00155,8.6e-91,299.7,0.0,9.7e-91,299.5,0.0
NP_418482.1,UvrA_DNA-bind,PF17755,3.2e-41,135.0,0.0,8.8e-40,130.4,0.0
NP_418482.1,UvrA_inter,PF17760,2.5e-40,131.7,0.1,5.9e-40,130.5,0.1
NP_418482.1,ABC_tran,PF00005,3.9e-23,77.5,0.7,2.7e-07,26.2,0.0
NP_418482.1,SMC_N,PF02463,9.5e-13,43.0,0.0,0.0011,13.3,0.0
NP_418483.1,SSB,PF00436,6.7e-43,139.9,0.6,8e-43,139.7,0.6
NP_418487.1,MerR_1,PF13411,3.9e-13,44.3,0.0,6.6e-13,43.6,0.0
NP_418489.1,Na_H_Exchanger,PF00999,4.7e-75,247.6,43.5,5.8e-75,247.3,43.5
NP_418493.1,AMP-binding,PF00501,6.4e-92,303.2,0.0,8.8e-92,302.7,0.0
NP_418493.1,AMP-binding_C,PF13193,1.9e-28,94.2,0.0,4.2e-28,93.1,0.0
NP_418506.1,Biotin_lipoyl,PF00364,8.8e-07,23.7,0.0,0.0012,13.6,0.1
NP_418507.2,Lactamase_B,PF00753,9.8e-29,95.6,0.1,1.6e-28,94.9,0.1
NP_418509.1,Ribul_P_3_epim,PF00834,1.8e-62,205.1,0.0,2.3e-62,204.9,0.0
NP_418511.1,ABC_tran,PF00005,6.3e-59,193.4,0.1,3.9e-34,113.2,0.2
NP_418513.4,SIS,PF01380,1.2e-35,117.1,0.0,1.7e-35,116.7,0.0
NP_418517.1,Acetyltransf_1,PF00583,9.3e-21,69.2,0.5,1.1e-20,69.1,0.5
NP_418519.1,Amidohydro_1,PF01979,5.4e-11,37.2,1.2,1.3e-09,32.6,1.2
NP_418520.1,ABC_tran,PF00005,9.9e-34,111.8,0.0,1.2e-33,111.5,0.0
NP_418530.1,ABC_tran,PF00005,1.5e-39,130.7,0.1,2.6e-39,129.9,0.1
NP_418533.1,MMR_HSR1,PF01926,6.5e-10,34.1,0.0,0.00021,16.4,0.0
NP_418535.1,MFS_1,PF07690,1.7e-39,130.6,45.7,4.9e-26,86.3,16.5
NP_418536.1,HATPase_c,PF02518,5.3e-23,76.6,0.0,8.8e-23,75.9,0.0
NP_418536.1,HisKA,PF00512,4.5e-12,40.9,0.9,4.5e-12,40.9,0.9
NP_418537.1,Response_reg,PF00072,1.1e-29,97.8,0.1,1.4e-29,97.4,0.1
NP_418537.1,Trans_reg_C,PF00486,3.6e-23,76.4,0.3,1e-22,75.0,0.0
NP_418548.1,Response_reg,PF00072,1.3e-20,68.6,0.1,1.9e-20,68.1,0.1
NP_418549.1,HATPase_c,PF02518,2.4e-24,80.9,0.0,5.8e-24,79.6,0.0
NP_418551.1,Acetyltransf_1,PF00583,1.3e-08,30.1,0.0,1.5e-08,29.8,0.0
NP_418553.1,tRNA-synt_2,PF00152,1.8e-98,324.3,1.2,2.4e-98,323.9,1.2
NP_418553.1,tRNA_anti-codon,PF01336,9.8e-19,62.1,0.0,1.8e-18,61.3,0.0
NP_418553.1,tRNA-synt_2d,PF01409,6.2e-07,24.0,2.4,0.00084,13.8,0.2
NP_418554.1,MFS_1,PF07690,8.6e-24,79.0,46.8,8.6e-24,79.0,46.8
NP_418557.1,Trans_reg_C,PF00486,6.2e-21,69.3,0.0,1.2e-20,68.3,0.0
NP_418559.1,Thioredoxin,PF00085,2.2e-09,32.2,0.0,3.7e-09,31.5,0.0
NP_418562.4,Lyase_1,PF00206,1.6e-114,377.4,0.0,2e-114,377.1,0.0
NP_418566.1,Cpn10,PF00166,7.2e-32,104.3,1.2,8e-32,104.2,1.2
NP_418567.1,Cpn60_TCP1,PF00118,2.4e-75,248.9,23.9,4e-74,244.9,23.9
NP_418570.1,Radical_SAM,PF04055,2.3e-11,39.1,0.0,1.3e-10,36.6,0.0
NP_418571.1,Elong-fact-P_C,PF09285,3.6e-28,92.0,0.8,8.6e-28,90.8,0.5
NP_418571.1,EFP,PF01132,9.5e-26,84.4,0.0,1.6e-25,83.7,0.0
NP_418571.1,EFP_N,PF08207,1.1e-25,84.3,0.0,3.6e-25,82.7,0.0
NP_418578.1,Pyr_redox_2,PF07992,1.4e-12,42.5,0.5,2.7e-06,21.9,0.4
NP_418579.2,tRNA-synt_2,PF00152,2e-53,176.3,0.0,2.6e-53,176.0,0.0
NP_418583.1,MS_channel_2nd,PF00924,3.6e-27,89.3,2.6,6.5e-27,88.4,2.6
NP_418585.4,MMR_HSR1,PF01926,1.5e-06,23.3,0.0,3.7e-06,22.0,0.0
NP_418586.4,RNase_T,PF00929,1e-42,141.4,0.0,1.2e-42,141.2,0.0
NP_418589.1,TsaE,PF02367,1.1e-43,143.2,0.0,1.2e-43,143.0,0.0
NP_418591.1,HATPase_c,PF02518,5.6e-10,34.6,0.0,1.4e-09,33.3,0.0
NP_418592.1,IPPT,PF01715,1.8e-93,307.5,0.0,2.2e-93,307.3,0.0
NP_418594.1,MMR_HSR1,PF01926,2.7e-24,80.5,0.1,8.2e-24,78.9,0.1
NP_418598.1,Adenylsucc_synt,PF00709,3.6e-186,613.8,0.0,4.2e-186,613.5,0.0
NP_418600.4,S1,PF00575,1.7e-20,68.1,0.3,4.1e-20,66.9,0.3
NP_418601.1,SpoU_methylase,PF00588,8.2e-46,150.6,0.0,1.3e-45,149.9,0.0
NP_418601.1,SpoU_sub_bind,PF08032,1.2e-20,68.6,0.1,5.2e-20,66.6,0.1
NP_418617.1,OMPdecase,PF00215,1.1e-48,160.9,0.6,1.3e-48,160.8,0.6
NP_418621.5,Ribosomal_S6,PF01250,9.6e-34,110.4,0.1,1.3e-33,110.0,0.1
NP_418622.1,SSB,PF00436,4.1e-15,50.7,0.0,4.4e-15,50.5,0.0
NP_418623.1,Ribosomal_S18,PF01084,2e-26,86.8,0.5,2.6e-26,86.5,0.5
NP_418624.1,Ribosomal_L9_C,PF03948,1.6e-27,90.8,1.7,2.5e-27,90.1,1.7
NP_418624.1,Ribosomal_L9_N,PF01281,2.4e-24,79.6,0.3,4.7e-24,78.7,0.3
NP_418628.4,FKBP_C,PF00254,4.3e-33,108.5,0.0,8e-33,107.7,0.0
NP_418631.2,EamA,PF00892,3.9e-21,70.7,31.6,2.2e-15,52.1,10.8
NP_418632.1,Epimerase,PF01370,1.4e-06,22.8,1.1,2.3e-06,22.1,0.1
NP_418634.1,Metallophos,PF00149,7.4e-17,57.3,0.0,1.5e-16,56.3,0.0
NP_418639.1,CNNM,PF01595,1.6e-44,146.6,3.4,3.2e-44,145.7,3.4
NP_418639.1,CorC_HlyC,PF03471,3.4e-24,79.7,0.1,7.7e-24,78.5,0.1
NP_418639.1,CBS,PF00571,3.7e-09,31.8,1.6,2.8e-05,19.4,0.1
NP_418654.1,Mur_ligase,PF01225,1e-24,81.7,0.0,5.5e-24,79.4,0.0
NP_418654.1,Mur_ligase_C,PF02875,2.3e-21,71.9,0.0,4.3e-21,71.0,0.0
NP_418654.1,Mur_ligase_M,PF08245,1.1e-18,62.9,0.0,1.5e-18,62.4,0.0
NP_418659.1,ATP-cone,PF03477,1.3e-24,81.5,1.5,2.5e-23,77.4,0.6
NP_418663.1,E1-E2_ATPase,PF00122,3e-26,86.2,0.3,1.7e-25,83.7,0.0
NP_418663.1,Hydrolase,PF00702,2.3e-19,65.4,2.2,1.2e-17,59.8,2.2
NP_418666.1,OTCace_N,PF02729,1.4e-49,162.9,0.1,3.7e-49,161.6,0.1
NP_418666.1,OTCace,PF00185,7.7e-29,95.7,0.0,1.1e-28,95.2,0.0
NP_418670.1,adh_short_C2,PF13561,9.6e-53,174.1,0.9,1.2e-52,173.7,0.9
NP_418670.1,adh_short,PF00106,5.7e-48,157.9,0.1,6.9e-48,157.6,0.1
NP_418670.1,Epimerase,PF01370,2.3e-08,28.6,0.1,4e-08,27.9,0.1
NP_418672.4,TetR_N,PF00440,2.5e-15,51.0,0.1,7.1e-15,49.5,0.1
NP_418675.1,OTCace,PF00185,2.4e-56,185.0,0.1,7.1e-56,183.5,0.1
NP_418675.1,OTCace_N,PF02729,1.7e-51,169.2,0.0,2.7e-51,168.5,0.0
NP_418679.1,tRNA-synt_1,PF00133,3.6e-166,547.9,1.8,4.7e-166,547.5,1.8
NP_418679.1,Anticodon_1,PF08264,7.5e-45,147.4,0.0,1.6e-44,146.3,0.0
NP_418679.1,tRNA-synt_1g,PF09334,2.3e-19,64.3,1.5,3.9e-09,30.6,0.1
NP_418679.1,Val_tRNA-synt_C,PF10458,9.7e-18,59.2,6.1,2.3e-17,58.0,6.1
NP_418679.1,tRNA-synt_1_2,PF13603,6.2e-11,37.0,0.0,2.3e-08,28.7,0.0
NP_418684.1,ResIII,PF04851,8.3e-07,24.0,0.1,0.0001,17.2,0.1
NP_418687.1,adh_short,PF00106,4.1e-67,220.4,1.1,5e-67,220.1,1.1
NP_418687.1,adh_short_C2,PF13561,4.8e-60,198.0,0.2,5.5e-60,197.8,0.2
NP_418688.1,ADH_zinc_N,PF00107,1.4e-30,100.8,0.1,2.9e-30,99.8,0.0
NP_418688.1,ADH_N,PF08240,5.5e-25,82.6,1.1,1.4e-24,81.3,0.5
NP_418689.1,SKI,PF01202,1.7e-09,32.9,0.0,3.9e-09,31.7,0.0
NP_418690.4,ADH_zinc_N,PF00107,2.3e-27,90.5,0.0,3.9e-27,89.7,0.0
NP_418690.4,ADH_N,PF08240,7.1e-27,88.7,0.4,1.2e-26,87.9,0.4
NP_418699.4,MFS_1,PF07690,1.6e-50,166.8,46.3,1.5e-36,120.9,14.5
NP_418707.1,ABC_tran,PF00005,1.4e-37,124.3,0.0,2.1e-37,123.7,0.0
NP_418713.1,Sigma70_r2,PF04542,5.6e-15,49.9,0.1,8.1e-15,49.4,0.1
NP_418713.1,Sigma70_r4,PF04545,7.3e-10,33.2,0.0,1.5e-09,32.3,0.0
NP_418718.4,DHDPS,PF00701,1.6e-113,373.2,0.0,1.8e-113,373.0,0.0
NP_418721.1,Ribul_P_3_epim,PF00834,6e-77,252.4,0.0,6.8e-77,252.3,0.0
NP_418726.1,Methyltransf_25,PF13649,2.3e-12,42.4,0.1,4.4e-12,41.5,0.1
NP_418727.1,Acetyltransf_1,PF00583,9.7e-14,46.6,0.0,1.5e-13,46.0,0.0
NP_418732.1,Phage_integrase,PF00589,4.5e-60,197.2,0.0,5.2e-60,197.1,0.0
NP_418733.1,Phage_integrase,PF00589,1.3e-57,189.2,0.3,1.5e-57,189.0,0.3
NP_418747.1,LysR_substrate,PF03466,2.5e-28,93.8,0.1,3.6e-28,93.3,0.1
NP_418747.1,HTH_1,PF00126,6.1e-18,59.6,0.9,2.3e-17,57.7,0.1
NP_418748.1,Amidohydro_1,PF01979,1.6e-11,38.9,0.0,6.5e-08,27.0,0.0
NP_418752.1,MFS_1,PF07690,5.8e-20,66.4,60.5,5.8e-20,66.4,60.5
NP_418757.1,MFS_1,PF07690,5.8e-33,109.1,44.1,5.8e-33,109.1,44.1
NP_418760.1,Aminotran_1_2,PF00155,4.6e-40,132.8,0.0,6.2e-40,132.3,0.0
NP_418766.4,AAA,PF00004,7.8e-08,27.8,0.0,1.7e-07,26.7,0.0
NP_418770.2,ResIII,PF04851,2.8e-38,126.3,0.0,2.8e-38,126.3,0.0
NP_418770.2,DEAD,PF00270,3.3e-13,44.6,0.4,1.9e-11,38.9,0.1
NP_418770.2,Helicase_C,PF00271,1.5e-11,39.5,1.4,2.4e-11,38.8,0.1
NP_418775.1,HAMP,PF00672,4.1e-14,47.6,3.0,1.8e-13,45.6,0.2
NP_418776.1,MFS_1,PF07690,8.5e-64,210.5,42.7,2.2e-61,202.6,37.6
NP_418778.4,ADH_N,PF08240,2.5e-30,99.8,1.1,5.3e-30,98.7,1.1
NP_418778.4,ADH_zinc_N,PF00107,2.2e-27,90.5,0.0,4e-27,89.7,0.0
NP_418781.1,Bac_DnaA,PF00308,2.8e-08,29.0,0.0,3.5e-08,28.7,0.0
NP_418781.1,AAA,PF00004,4.3e-08,28.6,0.1,7e-08,27.9,0.1
NP_418788.1,MTS,PF05175,9.2e-65,212.3,0.0,1.3e-64,211.7,0.0
NP_418788.1,Methyltransf_25,PF13649,4.4e-13,44.8,0.2,1.3e-12,43.3,0.0
NP_418790.1,Acetyltransf_1,PF00583,8.1e-24,79.1,0.0,9.8e-24,78.8,0.0
NP_418791.1,Hydrolase,PF00702,1.1e-27,92.6,0.0,1.3e-27,92.4,0.0
NP_418791.1,HAD_2,PF13419,1.1e-19,66.1,0.0,1.6e-19,65.5,0.0
NP_418792.1,GTP_EFTU,PF00009,4.4e-50,164.8,0.0,7.4e-50,164.1,0.0
NP_418792.1,GTP_EFTU_D2,PF03144,2.1e-15,51.9,0.1,5.8e-15,50.5,0.1
NP_418792.1,MMR_HSR1,PF01926,6.3e-07,24.5,0.0,2e-06,22.9,0.0
NP_418796.1,Radical_SAM,PF04055,2.8e-16,55.0,0.8,8.7e-16,53.4,0.8
NP_418801.1,PNP_UDP_1,PF01048,3.1e-41,136.2,1.3,3.6e-41,136.0,1.3
NP_418803.1,BPL_LplA_LipB,PF03099,3e-11,38.3,0.0,5.6e-11,37.4,0.0
NP_418805.1,Hydrolase,PF00702,1.2e-21,72.9,0.7,2.3e-21,72.0,0.7
NP_418805.1,Hydrolase_3,PF08282,1.4e-16,55.9,0.1,5e-15,50.8,0.1
NP_418806.1,ChlI,PF13541,3.6e-11,38.0,0.0,7.4e-11,37.0,0.0
NP_418806.1,DnaB_C,PF03796,3.5e-10,34.6,0.3,6.5e-07,23.9,0.0
NP_418807.4,HTH_3,PF01381,3.4e-11,38.0,0.0,1.1e-10,36.4,0.0
NP_418807.4,CTP_transf_like,PF01467,7.6e-07,24.3,0.1,2.1e-05,19.7,0.0
NP_418808.1,ABC_tran,PF00005,9.1e-61,199.4,0.0,3.5e-31,103.6,0.0
NP_418808.1,ABC_tran_Xtn,PF12848,1.1e-13,46.1,8.4,1.1e-12,42.9,3.6
NP_418808.1,MMR_HSR1,PF01926,7e-07,24.3,0.1,0.0021,13.1,0.0
NP_418812.1,His_Phos_1,PF00300,3.5e-59,194.7,0.9,3.9e-59,194.5,0.9
NP_418815.1,Response_reg,PF00072,3.8e-29,96.1,0.0,5.9e-29,95.5,0.0
NP_418815.1,Trans_reg_C,PF00486,7e-26,85.1,0.0,1.2e-25,84.3,0.0
NP_418816.1,HATPase_c,PF02518,4.6e-24,80.0,0.0,8.8e-24,79.1,0.0
NP_418816.1,HisKA,PF00512,2.2e-16,54.6,0.1,4.9e-16,53.6,0.1
NP_418816.1,HAMP,PF00672,7.2e-13,43.7,0.7,3.6e-09,31.8,0.0
NP_418818.1,Response_reg,PF00072,1.2e-29,97.7,0.2,2.8e-29,96.5,0.1
NP_418818.1,Trans_reg_C,PF00486,1.2e-20,68.3,0.0,2.4e-20,67.4,0.0
NP_418820.1,SpoU_methylase,PF00588,1.8e-29,97.6,0.0,2.7e-29,97.0,0.0
YP_009518746.1,LysR_substrate,PF03466,3.1e-16,54.3,0.0,3.3e-16,54.2,0.0
YP_009518751.1,DNA_pol3_delta2,PF13177,2e-45,149.6,0.0,3.2e-45,148.9,0.0
YP_009518751.1,AAA,PF00004,1.6e-13,46.2,0.1,9.1e-13,43.8,0.0
YP_009518751.1,RuvB_N,PF05496,4e-08,28.1,0.0,3e-06,22.0,0.0
YP_009518786.1,MFS_1,PF07690,5.3e-39,129.0,55.5,1.8e-31,104.2,33.4
YP_009518822.1,RNase_PH,PF01138,3.7e-32,106.4,0.0,5.4e-32,105.9,0.0
YP_009518822.1,RNase_PH_C,PF03725,3.3e-16,54.0,0.8,5.8e-16,53.2,0.8
YP_010051172.1,Transgly,PF00912,2.7e-58,191.2,0.0,4.3e-58,190.6,0.0
YP_010051172.1,Transpeptidase,PF00905,3.8e-26,86.9,0.0,9.5e-26,85.6,0.0
YP_010051194.1,AAA_2,PF07724,4.4e-74,242.9,0.0,5.7e-72,236.1,0.0
YP_010051194.1,AAA_lid_9,PF17871,9.8e-37,120.0,4.7,9.8e-37,120.0,4.7
YP_010051194.1,ClpB_D2-small,PF10431,5.1e-31,101.5,0.3,5.1e-31,101.5,0.3
YP_010051194.1,AAA,PF00004,1e-28,95.3,0.1,7.4e-15,50.5,0.0
YP_010051217.1,AAA,PF00004,3e-08,29.1,0.0,6.3e-08,28.1,0.0
YP_010283911.1,HATPase_c,PF02518,3.2e-20,67.6,0.6,1.2e-19,65.7,0.2
YP_010283915.1,IF-2,PF11987,5.1e-45,147.2,3.5,1.6e-44,145.5,3.5
YP_010283915.1,GTP_EFTU,PF00009,4.3e-41,135.5,1.3,3.2e-39,129.4,1.3
YP_010283915.1,IF2_N,PF04760,4.3e-17,56.7,1.3,1.1e-16,55.3,1.3
YP_010283915.1,GTP_EFTU_D2,PF03144,2.6e-14,48.4,9.2,1.6e-11,39.5,1.3
YP_010283915.1,MMR_HSR1,PF01926,1.5e-12,42.6,0.1,4.7e-12,41.0,0.1
YP_010283916.1,IF-2,PF11987,5.1e-45,147.1,3.5,1.6e-44,145.5,3.5
YP_010283916.1,GTP_EFTU,PF00009,4.5e-41,135.4,1.3,3.1e-39,129.4,1.3
YP_010283916.1,IF2_N,PF04760,4.2e-17,56.7,1.3,1.1e-16,55.3,1.3
YP_010283916.1,GTP_EFTU_D2,PF03144,2.6e-14,48.4,9.3,1.6e-11,39.5,1.3
YP_010283916.1,MMR_HSR1,PF01926,1.5e-12,42.6,0.1,4.6e-12,41.0,0.1
YP_025293.1,MFS_1,PF07690,3.9e-43,142.6,72.8,4.8e-28,92.9,36.4
YP_025294.2,TPP_enzyme_C,PF02775,5.8e-57,186.7,0.2,6.4e-55,180.0,0.0
YP_025294.2,TPP_enzyme_N,PF02776,3.3e-42,138.0,4.1,5.4e-42,137.3,1.9
YP_025300.1,ABC_tran,PF00005,1.8e-31,104.5,0.0,2.4e-31,104.1,0.0
YP_025306.1,MFS_1,PF07690,9.7e-49,161.0,43.5,9.7e-49,161.0,43.5
YP_025307.1,MatE,PF01554,2.6e-76,249.7,26.2,9.6e-42,137.4,5.5
YP_026168.2,BPD_transp_1,PF00528,5.1e-16,53.8,12.3,5.1e-16,53.8,12.3
YP_026169.1,Aminotran_5,PF00266,1.7e-91,301.8,0.0,2e-91,301.6,0.0
YP_026170.1,GATase_5,PF13507,4.8e-110,361.6,0.0,7e-110,361.1,0.0
YP_026170.1,AIRS_C,PF02769,1.8e-51,169.3,2.9,8.3e-33,108.7,0.1
YP_026170.1,FGAR-AT_linker,PF18072,2.8e-24,80.4,0.0,8.2e-24,78.9,0.0
YP_026171.3,CNNM,PF01595,1.9e-55,182.3,4.2,2.7e-55,181.8,4.2
YP_026171.3,CorC_HlyC,PF03471,6.7e-21,69.1,0.3,2.2e-20,67.5,0.1
YP_026171.3,CBS,PF00571,2e-10,35.8,0.4,5.7e-08,28.0,0.0
YP_026172.1,SMC_N,PF02463,1e-20,69.0,0.0,2.7e-20,67.6,0.0
YP_026173.1,MMR_HSR1,PF01926,2.1e-17,58.3,0.0,3.2e-17,57.6,0.0
YP_026183.1,FAD_binding_4,PF01565,8.4e-38,124.2,1.6,1.5e-37,123.3,1.6
YP_026185.1,OTCace_N,PF02729,1.9e-25,84.6,0.0,4.4e-25,83.5,0.0
YP_026185.1,OTCace,PF00185,3.6e-21,70.8,0.0,1.1e-20,69.2,0.0
YP_026187.1,ADH_zinc_N,PF00107,6e-19,63.2,0.1,1.1e-18,62.4,0.1
YP_026187.1,ADH_N,PF08240,1.1e-10,36.7,0.0,2.2e-10,35.7,0.0
YP_026188.1,Transketolase_N,PF00456,8.1e-177,582.0,0.2,1.3e-176,581.4,0.2
YP_026188.1,Transket_pyr,PF02779,1.4e-54,179.3,2.0,1.5e-54,179.2,0.0
YP_026188.1,Transketolase_C,PF02780,1.7e-22,74.6,0.1,3.9e-22,73.4,0.1
YP_026191.1,FAD_binding_4,PF01565,3e-19,64.1,0.0,5.3e-19,63.3,0.0
YP_026196.1,Radical_SAM,PF04055,1.5e-13,46.2,0.0,7.5e-13,43.9,0.1
YP_026207.1,HATPase_c,PF02518,8.7e-34,111.3,0.1,2.2e-33,110.0,0.1
YP_026207.1,Response_reg,PF00072,1.7e-24,81.1,0.2,3.6e-24,80.1,0.2
YP_026207.1,HisKA,PF00512,1.2e-19,65.1,3.5,3.2e-19,63.8,0.1
YP_026209.1,BPD_transp_1,PF00528,4.1e-18,60.7,33.6,1.5e-16,55.6,26.8
YP_026211.1,DNA_processg_A,PF02481,1.3e-73,241.6,0.0,1.8e-73,241.2,0.0
YP_026215.2,SKI,PF01202,2.9e-61,201.1,0.6,3.3e-61,201.0,0.6
YP_026216.2,GreA_GreB_N,PF03449,1.4e-28,94.0,0.5,1.9e-28,93.5,0.5
YP_026216.2,GreA_GreB,PF01272,2e-25,83.6,0.0,3.1e-25,83.0,0.0
YP_026225.1,ABC_tran,PF00005,6.3e-62,203.1,0.0,1.7e-31,104.6,0.0
YP_026231.1,Aminotran_1_2,PF00155,7.8e-25,82.7,0.0,4.4e-24,80.2,0.0
YP_026241.1,DNA_gyraseB,PF00204,2e-60,198.2,0.1,5e-60,196.9,0.1
YP_026241.1,DNA_gyraseB_C,PF00986,2.4e-33,109.1,0.2,5.9e-33,107.9,0.2
YP_026241.1,Toprim,PF01751,8e-21,69.0,0.0,2.3e-20,67.6,0.0
YP_026241.1,HATPase_c,PF02518,1.3e-19,65.7,0.2,3e-19,64.5,0.2
YP_026246.1,HTH_1,PF00126,2.1e-23,77.0,1.9,3.8e-23,76.2,1.9
YP_026246.1,LysR_substrate,PF03466,9.8e-15,49.4,0.1,3.5e-14,47.6,0.1
YP_026247.1,Aminotran_4,PF01063,1.1e-53,177.4,0.0,1.3e-53,177.1,0.0
YP_026251.1,UvrD-helicase,PF00580,9.2e-94,309.0,0.0,1.6e-93,308.2,0.0
YP_026251.1,UvrD_C,PF13361,4.9e-82,271.1,0.1,2.3e-81,268.8,0.1
YP_026255.1,Epimerase,PF01370,1.2e-76,252.2,0.0,1.5e-76,251.9,0.0
YP_026256.2,Acetyltransf_1,PF00583,3.6e-08,28.7,0.5,9.1e-08,27.4,0.4
YP_026259.1,Radical_SAM,PF04055,1e-19,66.3,0.0,1.6e-19,65.6,0.0
YP_026262.1,EamA,PF00892,4e-24,80.4,38.7,2.9e-16,54.9,14.7
YP_026263.3,DEAD,PF00270,7.6e-31,102.0,0.0,8.5e-28,92.1,0.0
YP_026263.3,Helicase_C,PF00271,1.6e-29,97.4,0.0,4.9e-25,82.9,0.0
YP_026263.3,ResIII,PF04851,7.7e-07,24.1,0.0,1.6e-06,23.0,0.0
YP_026267.1,Hydrolase_3,PF08282,6.2e-63,207.8,0.0,7e-63,207.6,0.0
YP_026267.1,Hydrolase,PF00702,2.1e-13,46.0,0.3,9.1e-08,27.6,0.0
YP_026269.1,Methyltransf_25,PF13649,2.2e-26,87.4,0.0,4.7e-26,86.3,0.0
YP_026271.1,TatD_DNase,PF01026,2.2e-76,251.5,0.0,2.4e-76,251.3,0.0
YP_026272.1,ketoacyl-synt,PF00109,1.1e-07,26.6,0.8,1.1e-07,26.6,0.8
YP_026274.1,GTP_EFTU,PF00009,5.5e-62,203.6,0.1,9.2e-62,202.9,0.1
YP_026274.1,EFG_C,PF00679,1.3e-24,81.0,0.0,2.9e-24,79.9,0.0
YP_026274.1,GTP_EFTU_D2,PF03144,2.2e-13,45.4,3.7,6.6e-13,43.9,3.7
YP_026274.1,MMR_HSR1,PF01926,3.8e-08,28.4,0.2,3.9e-07,25.2,0.0
YP_026275.1,MFS_1,PF07690,2.6e-14,47.8,38.1,1.3e-07,25.7,16.0
YP_026278.1,PEP-utilizers,PF00391,7.9e-17,55.6,0.0,2.1e-16,54.2,0.0
YP_026280.1,NUDIX,PF00293,1.5e-21,71.7,1.2,2.5e-21,71.1,0.0
YP_026282.1,ABC_tran,PF00005,8.8e-37,121.7,0.0,1.2e-36,121.3,0.0
YP_026286.1,ABC_tran,PF00005,1.1e-58,192.6,0.0,1.5e-36,121.0,0.0
YP_026287.1,Acetyltransf_1,PF00583,1.2e-21,72.1,0.1,1.5e-21,71.8,0.1
YP_026291.2,TatD_DNase,PF01026,9.5e-78,256.0,0.0,1.1e-77,255.8,0.0
YP_588462.1,EamA,PF00892,6.4e-12,40.9,9.7,1.1e-11,40.2,9.7
